record_id	left_tool	right_tool	match_type	left_candidate_id	right_candidate_id	iou
NG_008181.2	python_raw	adapter_corrected	exact	NG_008181.2:raw:1	NG_008181.2:adapter:1	1.0
NG_008181.2	python_raw	adapter_corrected	exact	NG_008181.2:raw:10	NG_008181.2:adapter:10	1.0
NG_008181.2	python_raw	adapter_corrected	exact	NG_008181.2:raw:11	NG_008181.2:adapter:11	1.0
NG_008181.2	python_raw	adapter_corrected	exact	NG_008181.2:raw:12	NG_008181.2:adapter:12	1.0
NG_008181.2	python_raw	adapter_corrected	exact	NG_008181.2:raw:13	NG_008181.2:adapter:13	1.0
NG_008181.2	python_raw	adapter_corrected	exact	NG_008181.2:raw:14	NG_008181.2:adapter:14	1.0
NG_008181.2	python_raw	adapter_corrected	exact	NG_008181.2:raw:15	NG_008181.2:adapter:15	1.0
NG_008181.2	python_raw	adapter_corrected	exact	NG_008181.2:raw:16	NG_008181.2:adapter:16	1.0
NG_008181.2	python_raw	adapter_corrected	exact	NG_008181.2:raw:17	NG_008181.2:adapter:17	1.0
NG_008181.2	python_raw	adapter_corrected	exact	NG_008181.2:raw:18	NG_008181.2:adapter:18	1.0
NG_008181.2	python_raw	adapter_corrected	exact	NG_008181.2:raw:19	NG_008181.2:adapter:19	1.0
NG_008181.2	python_raw	adapter_corrected	exact	NG_008181.2:raw:2	NG_008181.2:adapter:2	1.0
NG_008181.2	python_raw	adapter_corrected	exact	NG_008181.2:raw:20	NG_008181.2:adapter:20	1.0
NG_008181.2	python_raw	adapter_corrected	exact	NG_008181.2:raw:21	NG_008181.2:adapter:21	1.0
NG_008181.2	python_raw	adapter_corrected	exact	NG_008181.2:raw:22	NG_008181.2:adapter:22	1.0
NG_008181.2	python_raw	adapter_corrected	exact	NG_008181.2:raw:23	NG_008181.2:adapter:23	1.0
NG_008181.2	python_raw	adapter_corrected	exact	NG_008181.2:raw:24	NG_008181.2:adapter:24	1.0
NG_008181.2	python_raw	adapter_corrected	exact	NG_008181.2:raw:25	NG_008181.2:adapter:25	1.0
NG_008181.2	python_raw	adapter_corrected	exact	NG_008181.2:raw:26	NG_008181.2:adapter:26	1.0
NG_008181.2	python_raw	adapter_corrected	exact	NG_008181.2:raw:27	NG_008181.2:adapter:27	1.0
NG_008181.2	python_raw	adapter_corrected	exact	NG_008181.2:raw:28	NG_008181.2:adapter:28	1.0
NG_008181.2	python_raw	adapter_corrected	exact	NG_008181.2:raw:29	NG_008181.2:adapter:29	1.0
NG_008181.2	python_raw	adapter_corrected	exact	NG_008181.2:raw:3	NG_008181.2:adapter:3	1.0
NG_008181.2	python_raw	adapter_corrected	exact	NG_008181.2:raw:30	NG_008181.2:adapter:30	1.0
NG_008181.2	python_raw	adapter_corrected	exact	NG_008181.2:raw:31	NG_008181.2:adapter:31	1.0
NG_008181.2	python_raw	adapter_corrected	exact	NG_008181.2:raw:32	NG_008181.2:adapter:32	1.0
NG_008181.2	python_raw	adapter_corrected	exact	NG_008181.2:raw:33	NG_008181.2:adapter:33	1.0
NG_008181.2	python_raw	adapter_corrected	exact	NG_008181.2:raw:34	NG_008181.2:adapter:34	1.0
NG_008181.2	python_raw	adapter_corrected	exact	NG_008181.2:raw:35	NG_008181.2:adapter:35	1.0
NG_008181.2	python_raw	adapter_corrected	exact	NG_008181.2:raw:36	NG_008181.2:adapter:36	1.0
NG_008181.2	python_raw	adapter_corrected	exact	NG_008181.2:raw:37	NG_008181.2:adapter:37	1.0
NG_008181.2	python_raw	adapter_corrected	exact	NG_008181.2:raw:38	NG_008181.2:adapter:38	1.0
NG_008181.2	python_raw	adapter_corrected	exact	NG_008181.2:raw:39	NG_008181.2:adapter:39	1.0
NG_008181.2	python_raw	adapter_corrected	exact	NG_008181.2:raw:4	NG_008181.2:adapter:4	1.0
NG_008181.2	python_raw	adapter_corrected	exact	NG_008181.2:raw:40	NG_008181.2:adapter:40	1.0
NG_008181.2	python_raw	adapter_corrected	exact	NG_008181.2:raw:41	NG_008181.2:adapter:41	1.0
NG_008181.2	python_raw	adapter_corrected	exact	NG_008181.2:raw:42	NG_008181.2:adapter:42	1.0
NG_008181.2	python_raw	adapter_corrected	exact	NG_008181.2:raw:43	NG_008181.2:adapter:43	1.0
NG_008181.2	python_raw	adapter_corrected	exact	NG_008181.2:raw:44	NG_008181.2:adapter:44	1.0
NG_008181.2	python_raw	adapter_corrected	exact	NG_008181.2:raw:45	NG_008181.2:adapter:45	1.0
NG_008181.2	python_raw	adapter_corrected	exact	NG_008181.2:raw:46	NG_008181.2:adapter:46	1.0
NG_008181.2	python_raw	adapter_corrected	exact	NG_008181.2:raw:47	NG_008181.2:adapter:47	1.0
NG_008181.2	python_raw	adapter_corrected	exact	NG_008181.2:raw:48	NG_008181.2:adapter:48	1.0
NG_008181.2	python_raw	adapter_corrected	exact	NG_008181.2:raw:49	NG_008181.2:adapter:49	1.0
NG_008181.2	python_raw	adapter_corrected	exact	NG_008181.2:raw:5	NG_008181.2:adapter:5	1.0
NG_008181.2	python_raw	adapter_corrected	exact	NG_008181.2:raw:50	NG_008181.2:adapter:50	1.0
NG_008181.2	python_raw	adapter_corrected	exact	NG_008181.2:raw:51	NG_008181.2:adapter:51	1.0
NG_008181.2	python_raw	adapter_corrected	exact	NG_008181.2:raw:52	NG_008181.2:adapter:52	1.0
NG_008181.2	python_raw	adapter_corrected	exact	NG_008181.2:raw:53	NG_008181.2:adapter:53	1.0
NG_008181.2	python_raw	adapter_corrected	exact	NG_008181.2:raw:54	NG_008181.2:adapter:54	1.0
NG_008181.2	python_raw	adapter_corrected	exact	NG_008181.2:raw:55	NG_008181.2:adapter:55	1.0
NG_008181.2	python_raw	adapter_corrected	exact	NG_008181.2:raw:56	NG_008181.2:adapter:56	1.0
NG_008181.2	python_raw	adapter_corrected	exact	NG_008181.2:raw:57	NG_008181.2:adapter:57	1.0
NG_008181.2	python_raw	adapter_corrected	exact	NG_008181.2:raw:58	NG_008181.2:adapter:58	1.0
NG_008181.2	python_raw	adapter_corrected	exact	NG_008181.2:raw:59	NG_008181.2:adapter:59	1.0
NG_008181.2	python_raw	adapter_corrected	exact	NG_008181.2:raw:6	NG_008181.2:adapter:6	1.0
NG_008181.2	python_raw	adapter_corrected	exact	NG_008181.2:raw:60	NG_008181.2:adapter:60	1.0
NG_008181.2	python_raw	adapter_corrected	exact	NG_008181.2:raw:61	NG_008181.2:adapter:61	1.0
NG_008181.2	python_raw	adapter_corrected	exact	NG_008181.2:raw:62	NG_008181.2:adapter:62	1.0
NG_008181.2	python_raw	adapter_corrected	exact	NG_008181.2:raw:63	NG_008181.2:adapter:63	1.0
NG_008181.2	python_raw	adapter_corrected	exact	NG_008181.2:raw:64	NG_008181.2:adapter:64	1.0
NG_008181.2	python_raw	adapter_corrected	exact	NG_008181.2:raw:65	NG_008181.2:adapter:65	1.0
NG_008181.2	python_raw	adapter_corrected	exact	NG_008181.2:raw:66	NG_008181.2:adapter:66	1.0
NG_008181.2	python_raw	adapter_corrected	exact	NG_008181.2:raw:67	NG_008181.2:adapter:67	1.0
NG_008181.2	python_raw	adapter_corrected	exact	NG_008181.2:raw:68	NG_008181.2:adapter:68	1.0
NG_008181.2	python_raw	adapter_corrected	exact	NG_008181.2:raw:69	NG_008181.2:adapter:69	1.0
NG_008181.2	python_raw	adapter_corrected	exact	NG_008181.2:raw:7	NG_008181.2:adapter:7	1.0
NG_008181.2	python_raw	adapter_corrected	exact	NG_008181.2:raw:70	NG_008181.2:adapter:70	1.0
NG_008181.2	python_raw	adapter_corrected	exact	NG_008181.2:raw:71	NG_008181.2:adapter:71	1.0
NG_008181.2	python_raw	adapter_corrected	exact	NG_008181.2:raw:72	NG_008181.2:adapter:72	1.0
NG_008181.2	python_raw	adapter_corrected	exact	NG_008181.2:raw:73	NG_008181.2:adapter:73	1.0
NG_008181.2	python_raw	adapter_corrected	exact	NG_008181.2:raw:74	NG_008181.2:adapter:74	1.0
NG_008181.2	python_raw	adapter_corrected	exact	NG_008181.2:raw:75	NG_008181.2:adapter:75	1.0
NG_008181.2	python_raw	adapter_corrected	exact	NG_008181.2:raw:76	NG_008181.2:adapter:76	1.0
NG_008181.2	python_raw	adapter_corrected	exact	NG_008181.2:raw:77	NG_008181.2:adapter:77	1.0
NG_008181.2	python_raw	adapter_corrected	exact	NG_008181.2:raw:78	NG_008181.2:adapter:78	1.0
NG_008181.2	python_raw	adapter_corrected	exact	NG_008181.2:raw:79	NG_008181.2:adapter:79	1.0
NG_008181.2	python_raw	adapter_corrected	exact	NG_008181.2:raw:8	NG_008181.2:adapter:8	1.0
NG_008181.2	python_raw	adapter_corrected	exact	NG_008181.2:raw:80	NG_008181.2:adapter:80	1.0
NG_008181.2	python_raw	adapter_corrected	exact	NG_008181.2:raw:81	NG_008181.2:adapter:81	1.0
NG_008181.2	python_raw	adapter_corrected	exact	NG_008181.2:raw:82	NG_008181.2:adapter:82	1.0
NG_008181.2	python_raw	adapter_corrected	exact	NG_008181.2:raw:83	NG_008181.2:adapter:83	1.0
NG_008181.2	python_raw	adapter_corrected	exact	NG_008181.2:raw:84	NG_008181.2:adapter:84	1.0
NG_008181.2	python_raw	adapter_corrected	exact	NG_008181.2:raw:85	NG_008181.2:adapter:85	1.0
NG_008181.2	python_raw	adapter_corrected	exact	NG_008181.2:raw:86	NG_008181.2:adapter:86	1.0
NG_008181.2	python_raw	adapter_corrected	exact	NG_008181.2:raw:87	NG_008181.2:adapter:87	1.0
NG_008181.2	python_raw	adapter_corrected	exact	NG_008181.2:raw:88	NG_008181.2:adapter:88	1.0
NG_008181.2	python_raw	adapter_corrected	exact	NG_008181.2:raw:89	NG_008181.2:adapter:89	1.0
NG_008181.2	python_raw	adapter_corrected	exact	NG_008181.2:raw:9	NG_008181.2:adapter:9	1.0
NG_008181.2	python_raw	adapter_corrected	exact	NG_008181.2:raw:90	NG_008181.2:adapter:90	1.0
NG_047027.2	python_raw	adapter_corrected	exact	NG_047027.2:raw:1	NG_047027.2:adapter:1	1.0
NG_047027.2	python_raw	adapter_corrected	exact	NG_047027.2:raw:10	NG_047027.2:adapter:10	1.0
NG_047027.2	python_raw	adapter_corrected	exact	NG_047027.2:raw:11	NG_047027.2:adapter:11	1.0
NG_047027.2	python_raw	adapter_corrected	exact	NG_047027.2:raw:12	NG_047027.2:adapter:12	1.0
NG_047027.2	python_raw	adapter_corrected	exact	NG_047027.2:raw:13	NG_047027.2:adapter:13	1.0
NG_047027.2	python_raw	adapter_corrected	exact	NG_047027.2:raw:14	NG_047027.2:adapter:14	1.0
NG_047027.2	python_raw	adapter_corrected	exact	NG_047027.2:raw:15	NG_047027.2:adapter:15	1.0
NG_047027.2	python_raw	adapter_corrected	exact	NG_047027.2:raw:16	NG_047027.2:adapter:16	1.0
NG_047027.2	python_raw	adapter_corrected	exact	NG_047027.2:raw:17	NG_047027.2:adapter:17	1.0
NG_047027.2	python_raw	adapter_corrected	exact	NG_047027.2:raw:18	NG_047027.2:adapter:18	1.0
NG_047027.2	python_raw	adapter_corrected	exact	NG_047027.2:raw:19	NG_047027.2:adapter:19	1.0
NG_047027.2	python_raw	adapter_corrected	exact	NG_047027.2:raw:2	NG_047027.2:adapter:2	1.0
NG_047027.2	python_raw	adapter_corrected	exact	NG_047027.2:raw:20	NG_047027.2:adapter:20	1.0
NG_047027.2	python_raw	adapter_corrected	exact	NG_047027.2:raw:21	NG_047027.2:adapter:21	1.0
NG_047027.2	python_raw	adapter_corrected	exact	NG_047027.2:raw:22	NG_047027.2:adapter:22	1.0
NG_047027.2	python_raw	adapter_corrected	exact	NG_047027.2:raw:23	NG_047027.2:adapter:23	1.0
NG_047027.2	python_raw	adapter_corrected	exact	NG_047027.2:raw:24	NG_047027.2:adapter:24	1.0
NG_047027.2	python_raw	adapter_corrected	exact	NG_047027.2:raw:25	NG_047027.2:adapter:25	1.0
NG_047027.2	python_raw	adapter_corrected	exact	NG_047027.2:raw:26	NG_047027.2:adapter:26	1.0
NG_047027.2	python_raw	adapter_corrected	exact	NG_047027.2:raw:27	NG_047027.2:adapter:27	1.0
NG_047027.2	python_raw	adapter_corrected	exact	NG_047027.2:raw:28	NG_047027.2:adapter:28	1.0
NG_047027.2	python_raw	adapter_corrected	exact	NG_047027.2:raw:29	NG_047027.2:adapter:29	1.0
NG_047027.2	python_raw	adapter_corrected	exact	NG_047027.2:raw:3	NG_047027.2:adapter:3	1.0
NG_047027.2	python_raw	adapter_corrected	exact	NG_047027.2:raw:30	NG_047027.2:adapter:30	1.0
NG_047027.2	python_raw	adapter_corrected	exact	NG_047027.2:raw:31	NG_047027.2:adapter:31	1.0
NG_047027.2	python_raw	adapter_corrected	exact	NG_047027.2:raw:32	NG_047027.2:adapter:32	1.0
NG_047027.2	python_raw	adapter_corrected	exact	NG_047027.2:raw:33	NG_047027.2:adapter:33	1.0
NG_047027.2	python_raw	adapter_corrected	exact	NG_047027.2:raw:34	NG_047027.2:adapter:34	1.0
NG_047027.2	python_raw	adapter_corrected	exact	NG_047027.2:raw:35	NG_047027.2:adapter:35	1.0
NG_047027.2	python_raw	adapter_corrected	exact	NG_047027.2:raw:36	NG_047027.2:adapter:36	1.0
NG_047027.2	python_raw	adapter_corrected	exact	NG_047027.2:raw:37	NG_047027.2:adapter:37	1.0
NG_047027.2	python_raw	adapter_corrected	exact	NG_047027.2:raw:38	NG_047027.2:adapter:38	1.0
NG_047027.2	python_raw	adapter_corrected	exact	NG_047027.2:raw:39	NG_047027.2:adapter:39	1.0
NG_047027.2	python_raw	adapter_corrected	exact	NG_047027.2:raw:4	NG_047027.2:adapter:4	1.0
NG_047027.2	python_raw	adapter_corrected	exact	NG_047027.2:raw:40	NG_047027.2:adapter:40	1.0
NG_047027.2	python_raw	adapter_corrected	exact	NG_047027.2:raw:41	NG_047027.2:adapter:41	1.0
NG_047027.2	python_raw	adapter_corrected	exact	NG_047027.2:raw:42	NG_047027.2:adapter:42	1.0
NG_047027.2	python_raw	adapter_corrected	exact	NG_047027.2:raw:43	NG_047027.2:adapter:43	1.0
NG_047027.2	python_raw	adapter_corrected	exact	NG_047027.2:raw:44	NG_047027.2:adapter:44	1.0
NG_047027.2	python_raw	adapter_corrected	exact	NG_047027.2:raw:45	NG_047027.2:adapter:45	1.0
NG_047027.2	python_raw	adapter_corrected	exact	NG_047027.2:raw:46	NG_047027.2:adapter:46	1.0
NG_047027.2	python_raw	adapter_corrected	exact	NG_047027.2:raw:47	NG_047027.2:adapter:47	1.0
NG_047027.2	python_raw	adapter_corrected	exact	NG_047027.2:raw:48	NG_047027.2:adapter:48	1.0
NG_047027.2	python_raw	adapter_corrected	exact	NG_047027.2:raw:49	NG_047027.2:adapter:49	1.0
NG_047027.2	python_raw	adapter_corrected	exact	NG_047027.2:raw:5	NG_047027.2:adapter:5	1.0
NG_047027.2	python_raw	adapter_corrected	exact	NG_047027.2:raw:50	NG_047027.2:adapter:50	1.0
NG_047027.2	python_raw	adapter_corrected	exact	NG_047027.2:raw:51	NG_047027.2:adapter:51	1.0
NG_047027.2	python_raw	adapter_corrected	exact	NG_047027.2:raw:52	NG_047027.2:adapter:52	1.0
NG_047027.2	python_raw	adapter_corrected	exact	NG_047027.2:raw:53	NG_047027.2:adapter:53	1.0
NG_047027.2	python_raw	adapter_corrected	exact	NG_047027.2:raw:54	NG_047027.2:adapter:54	1.0
NG_047027.2	python_raw	adapter_corrected	exact	NG_047027.2:raw:55	NG_047027.2:adapter:55	1.0
NG_047027.2	python_raw	adapter_corrected	exact	NG_047027.2:raw:56	NG_047027.2:adapter:56	1.0
NG_047027.2	python_raw	adapter_corrected	exact	NG_047027.2:raw:57	NG_047027.2:adapter:57	1.0
NG_047027.2	python_raw	adapter_corrected	exact	NG_047027.2:raw:58	NG_047027.2:adapter:58	1.0
NG_047027.2	python_raw	adapter_corrected	exact	NG_047027.2:raw:59	NG_047027.2:adapter:59	1.0
NG_047027.2	python_raw	adapter_corrected	exact	NG_047027.2:raw:6	NG_047027.2:adapter:6	1.0
NG_047027.2	python_raw	adapter_corrected	exact	NG_047027.2:raw:60	NG_047027.2:adapter:60	1.0
NG_047027.2	python_raw	adapter_corrected	exact	NG_047027.2:raw:61	NG_047027.2:adapter:61	1.0
NG_047027.2	python_raw	adapter_corrected	exact	NG_047027.2:raw:62	NG_047027.2:adapter:62	1.0
NG_047027.2	python_raw	adapter_corrected	exact	NG_047027.2:raw:7	NG_047027.2:adapter:7	1.0
NG_047027.2	python_raw	adapter_corrected	exact	NG_047027.2:raw:8	NG_047027.2:adapter:8	1.0
NG_047027.2	python_raw	adapter_corrected	exact	NG_047027.2:raw:9	NG_047027.2:adapter:9	1.0
NG_011631.1	python_raw	adapter_corrected	exact	NG_011631.1:raw:1	NG_011631.1:adapter:1	1.0
NG_011631.1	python_raw	adapter_corrected	exact	NG_011631.1:raw:10	NG_011631.1:adapter:10	1.0
NG_011631.1	python_raw	adapter_corrected	exact	NG_011631.1:raw:100	NG_011631.1:adapter:100	1.0
NG_011631.1	python_raw	adapter_corrected	exact	NG_011631.1:raw:1000	NG_011631.1:adapter:1000	1.0
NG_011631.1	python_raw	adapter_corrected	exact	NG_011631.1:raw:1001	NG_011631.1:adapter:1001	1.0
NG_011631.1	python_raw	adapter_corrected	exact	NG_011631.1:raw:1002	NG_011631.1:adapter:1002	1.0
NG_011631.1	python_raw	adapter_corrected	exact	NG_011631.1:raw:1003	NG_011631.1:adapter:1003	1.0
NG_011631.1	python_raw	adapter_corrected	exact	NG_011631.1:raw:1004	NG_011631.1:adapter:1004	1.0
NG_011631.1	python_raw	adapter_corrected	exact	NG_011631.1:raw:1005	NG_011631.1:adapter:1005	1.0
NG_011631.1	python_raw	adapter_corrected	exact	NG_011631.1:raw:1006	NG_011631.1:adapter:1006	1.0
NG_011631.1	python_raw	adapter_corrected	exact	NG_011631.1:raw:1007	NG_011631.1:adapter:1007	1.0
NG_011631.1	python_raw	adapter_corrected	exact	NG_011631.1:raw:1008	NG_011631.1:adapter:1008	1.0
NG_011631.1	python_raw	adapter_corrected	exact	NG_011631.1:raw:1009	NG_011631.1:adapter:1009	1.0
NG_011631.1	python_raw	adapter_corrected	exact	NG_011631.1:raw:101	NG_011631.1:adapter:101	1.0
NG_011631.1	python_raw	adapter_corrected	exact	NG_011631.1:raw:1010	NG_011631.1:adapter:1010	1.0
NG_011631.1	python_raw	adapter_corrected	exact	NG_011631.1:raw:1011	NG_011631.1:adapter:1011	1.0
NG_011631.1	python_raw	adapter_corrected	exact	NG_011631.1:raw:1012	NG_011631.1:adapter:1012	1.0
NG_011631.1	python_raw	adapter_corrected	exact	NG_011631.1:raw:1013	NG_011631.1:adapter:1013	1.0
NG_011631.1	python_raw	adapter_corrected	exact	NG_011631.1:raw:1014	NG_011631.1:adapter:1014	1.0
NG_011631.1	python_raw	adapter_corrected	exact	NG_011631.1:raw:1015	NG_011631.1:adapter:1015	1.0
NG_011631.1	python_raw	adapter_corrected	exact	NG_011631.1:raw:1016	NG_011631.1:adapter:1016	1.0
NG_011631.1	python_raw	adapter_corrected	exact	NG_011631.1:raw:1017	NG_011631.1:adapter:1017	1.0
NG_011631.1	python_raw	adapter_corrected	exact	NG_011631.1:raw:1018	NG_011631.1:adapter:1018	1.0
NG_011631.1	python_raw	adapter_corrected	exact	NG_011631.1:raw:1019	NG_011631.1:adapter:1019	1.0
NG_011631.1	python_raw	adapter_corrected	exact	NG_011631.1:raw:102	NG_011631.1:adapter:102	1.0
NG_011631.1	python_raw	adapter_corrected	exact	NG_011631.1:raw:1020	NG_011631.1:adapter:1020	1.0
NG_011631.1	python_raw	adapter_corrected	exact	NG_011631.1:raw:1021	NG_011631.1:adapter:1021	1.0
NG_011631.1	python_raw	adapter_corrected	exact	NG_011631.1:raw:1022	NG_011631.1:adapter:1022	1.0
NG_011631.1	python_raw	adapter_corrected	exact	NG_011631.1:raw:1023	NG_011631.1:adapter:1023	1.0
NG_011631.1	python_raw	adapter_corrected	exact	NG_011631.1:raw:1024	NG_011631.1:adapter:1024	1.0
NG_011631.1	python_raw	adapter_corrected	exact	NG_011631.1:raw:1025	NG_011631.1:adapter:1025	1.0
NG_011631.1	python_raw	adapter_corrected	exact	NG_011631.1:raw:1026	NG_011631.1:adapter:1026	1.0
NG_011631.1	python_raw	adapter_corrected	exact	NG_011631.1:raw:1027	NG_011631.1:adapter:1027	1.0
NG_011631.1	python_raw	adapter_corrected	exact	NG_011631.1:raw:1028	NG_011631.1:adapter:1028	1.0
NG_011631.1	python_raw	adapter_corrected	exact	NG_011631.1:raw:1029	NG_011631.1:adapter:1029	1.0
NG_011631.1	python_raw	adapter_corrected	exact	NG_011631.1:raw:103	NG_011631.1:adapter:103	1.0
NG_011631.1	python_raw	adapter_corrected	exact	NG_011631.1:raw:1030	NG_011631.1:adapter:1030	1.0
NG_011631.1	python_raw	adapter_corrected	exact	NG_011631.1:raw:1031	NG_011631.1:adapter:1031	1.0
NG_011631.1	python_raw	adapter_corrected	exact	NG_011631.1:raw:1032	NG_011631.1:adapter:1032	1.0
NG_011631.1	python_raw	adapter_corrected	exact	NG_011631.1:raw:1033	NG_011631.1:adapter:1033	1.0
NG_011631.1	python_raw	adapter_corrected	exact	NG_011631.1:raw:1034	NG_011631.1:adapter:1034	1.0
NG_011631.1	python_raw	adapter_corrected	exact	NG_011631.1:raw:1035	NG_011631.1:adapter:1035	1.0
NG_011631.1	python_raw	adapter_corrected	exact	NG_011631.1:raw:1036	NG_011631.1:adapter:1036	1.0
NG_011631.1	python_raw	adapter_corrected	exact	NG_011631.1:raw:1037	NG_011631.1:adapter:1037	1.0
NG_011631.1	python_raw	adapter_corrected	exact	NG_011631.1:raw:1038	NG_011631.1:adapter:1038	1.0
NG_011631.1	python_raw	adapter_corrected	exact	NG_011631.1:raw:1039	NG_011631.1:adapter:1039	1.0
NG_011631.1	python_raw	adapter_corrected	exact	NG_011631.1:raw:104	NG_011631.1:adapter:104	1.0
NG_011631.1	python_raw	adapter_corrected	exact	NG_011631.1:raw:1040	NG_011631.1:adapter:1040	1.0
NG_011631.1	python_raw	adapter_corrected	exact	NG_011631.1:raw:1041	NG_011631.1:adapter:1041	1.0
NG_011631.1	python_raw	adapter_corrected	exact	NG_011631.1:raw:1042	NG_011631.1:adapter:1042	1.0
NG_011631.1	python_raw	adapter_corrected	exact	NG_011631.1:raw:1043	NG_011631.1:adapter:1043	1.0
NG_011631.1	python_raw	adapter_corrected	exact	NG_011631.1:raw:1044	NG_011631.1:adapter:1044	1.0
NG_011631.1	python_raw	adapter_corrected	exact	NG_011631.1:raw:1045	NG_011631.1:adapter:1045	1.0
NG_011631.1	python_raw	adapter_corrected	exact	NG_011631.1:raw:1046	NG_011631.1:adapter:1046	1.0
NG_011631.1	python_raw	adapter_corrected	exact	NG_011631.1:raw:1047	NG_011631.1:adapter:1047	1.0
NG_011631.1	python_raw	adapter_corrected	exact	NG_011631.1:raw:1048	NG_011631.1:adapter:1048	1.0
NG_011631.1	python_raw	adapter_corrected	exact	NG_011631.1:raw:1049	NG_011631.1:adapter:1049	1.0
NG_011631.1	python_raw	adapter_corrected	exact	NG_011631.1:raw:105	NG_011631.1:adapter:105	1.0
NG_011631.1	python_raw	adapter_corrected	exact	NG_011631.1:raw:1050	NG_011631.1:adapter:1050	1.0
NG_011631.1	python_raw	adapter_corrected	exact	NG_011631.1:raw:1051	NG_011631.1:adapter:1051	1.0
NG_011631.1	python_raw	adapter_corrected	exact	NG_011631.1:raw:1052	NG_011631.1:adapter:1052	1.0
NG_011631.1	python_raw	adapter_corrected	exact	NG_011631.1:raw:1053	NG_011631.1:adapter:1053	1.0
NG_011631.1	python_raw	adapter_corrected	exact	NG_011631.1:raw:1054	NG_011631.1:adapter:1054	1.0
NG_011631.1	python_raw	adapter_corrected	exact	NG_011631.1:raw:1055	NG_011631.1:adapter:1055	1.0
NG_011631.1	python_raw	adapter_corrected	exact	NG_011631.1:raw:1056	NG_011631.1:adapter:1056	1.0
NG_011631.1	python_raw	adapter_corrected	exact	NG_011631.1:raw:1057	NG_011631.1:adapter:1057	1.0
NG_011631.1	python_raw	adapter_corrected	exact	NG_011631.1:raw:1058	NG_011631.1:adapter:1058	1.0
NG_011631.1	python_raw	adapter_corrected	exact	NG_011631.1:raw:1059	NG_011631.1:adapter:1059	1.0
NG_011631.1	python_raw	adapter_corrected	exact	NG_011631.1:raw:106	NG_011631.1:adapter:106	1.0
NG_011631.1	python_raw	adapter_corrected	exact	NG_011631.1:raw:1060	NG_011631.1:adapter:1060	1.0
NG_011631.1	python_raw	adapter_corrected	exact	NG_011631.1:raw:1061	NG_011631.1:adapter:1061	1.0
NG_011631.1	python_raw	adapter_corrected	exact	NG_011631.1:raw:1062	NG_011631.1:adapter:1062	1.0
NG_011631.1	python_raw	adapter_corrected	exact	NG_011631.1:raw:1063	NG_011631.1:adapter:1063	1.0
NG_011631.1	python_raw	adapter_corrected	exact	NG_011631.1:raw:1064	NG_011631.1:adapter:1064	1.0
NG_011631.1	python_raw	adapter_corrected	exact	NG_011631.1:raw:1065	NG_011631.1:adapter:1065	1.0
NG_011631.1	python_raw	adapter_corrected	exact	NG_011631.1:raw:1066	NG_011631.1:adapter:1066	1.0
NG_011631.1	python_raw	adapter_corrected	exact	NG_011631.1:raw:1067	NG_011631.1:adapter:1067	1.0
NG_011631.1	python_raw	adapter_corrected	exact	NG_011631.1:raw:1068	NG_011631.1:adapter:1068	1.0
NG_011631.1	python_raw	adapter_corrected	exact	NG_011631.1:raw:1069	NG_011631.1:adapter:1069	1.0
NG_011631.1	python_raw	adapter_corrected	exact	NG_011631.1:raw:107	NG_011631.1:adapter:107	1.0
NG_011631.1	python_raw	adapter_corrected	exact	NG_011631.1:raw:1070	NG_011631.1:adapter:1070	1.0
NG_011631.1	python_raw	adapter_corrected	exact	NG_011631.1:raw:1071	NG_011631.1:adapter:1071	1.0
NG_011631.1	python_raw	adapter_corrected	exact	NG_011631.1:raw:1072	NG_011631.1:adapter:1072	1.0
NG_011631.1	python_raw	adapter_corrected	exact	NG_011631.1:raw:1073	NG_011631.1:adapter:1073	1.0
NG_011631.1	python_raw	adapter_corrected	exact	NG_011631.1:raw:1074	NG_011631.1:adapter:1074	1.0
NG_011631.1	python_raw	adapter_corrected	exact	NG_011631.1:raw:1075	NG_011631.1:adapter:1075	1.0
NG_011631.1	python_raw	adapter_corrected	exact	NG_011631.1:raw:1076	NG_011631.1:adapter:1076	1.0
NG_011631.1	python_raw	adapter_corrected	exact	NG_011631.1:raw:1077	NG_011631.1:adapter:1077	1.0
NG_011631.1	python_raw	adapter_corrected	exact	NG_011631.1:raw:1078	NG_011631.1:adapter:1078	1.0
NG_011631.1	python_raw	adapter_corrected	exact	NG_011631.1:raw:1079	NG_011631.1:adapter:1079	1.0
NG_011631.1	python_raw	adapter_corrected	exact	NG_011631.1:raw:108	NG_011631.1:adapter:108	1.0
NG_011631.1	python_raw	adapter_corrected	exact	NG_011631.1:raw:1080	NG_011631.1:adapter:1080	1.0
NG_011631.1	python_raw	adapter_corrected	exact	NG_011631.1:raw:1081	NG_011631.1:adapter:1081	1.0
NG_011631.1	python_raw	adapter_corrected	exact	NG_011631.1:raw:1082	NG_011631.1:adapter:1082	1.0
NG_011631.1	python_raw	adapter_corrected	exact	NG_011631.1:raw:1083	NG_011631.1:adapter:1083	1.0
NG_011631.1	python_raw	adapter_corrected	exact	NG_011631.1:raw:1084	NG_011631.1:adapter:1084	1.0
NG_011631.1	python_raw	adapter_corrected	exact	NG_011631.1:raw:1085	NG_011631.1:adapter:1085	1.0
NG_011631.1	python_raw	adapter_corrected	exact	NG_011631.1:raw:1086	NG_011631.1:adapter:1086	1.0
NG_011631.1	python_raw	adapter_corrected	exact	NG_011631.1:raw:1087	NG_011631.1:adapter:1087	1.0
NG_011631.1	python_raw	adapter_corrected	exact	NG_011631.1:raw:1088	NG_011631.1:adapter:1088	1.0
NG_011631.1	python_raw	adapter_corrected	exact	NG_011631.1:raw:1089	NG_011631.1:adapter:1089	1.0
NG_011631.1	python_raw	adapter_corrected	exact	NG_011631.1:raw:109	NG_011631.1:adapter:109	1.0
NG_011631.1	python_raw	adapter_corrected	exact	NG_011631.1:raw:1090	NG_011631.1:adapter:1090	1.0
NG_011631.1	python_raw	adapter_corrected	exact	NG_011631.1:raw:1091	NG_011631.1:adapter:1091	1.0
NG_011631.1	python_raw	adapter_corrected	exact	NG_011631.1:raw:1092	NG_011631.1:adapter:1092	1.0
NG_011631.1	python_raw	adapter_corrected	exact	NG_011631.1:raw:1093	NG_011631.1:adapter:1093	1.0
NG_011631.1	python_raw	adapter_corrected	exact	NG_011631.1:raw:1094	NG_011631.1:adapter:1094	1.0
NG_011631.1	python_raw	adapter_corrected	exact	NG_011631.1:raw:1095	NG_011631.1:adapter:1095	1.0
NG_011631.1	python_raw	adapter_corrected	exact	NG_011631.1:raw:1096	NG_011631.1:adapter:1096	1.0
NG_011631.1	python_raw	adapter_corrected	exact	NG_011631.1:raw:1097	NG_011631.1:adapter:1097	1.0
NG_011631.1	python_raw	adapter_corrected	exact	NG_011631.1:raw:1098	NG_011631.1:adapter:1098	1.0
NG_011631.1	python_raw	adapter_corrected	exact	NG_011631.1:raw:1099	NG_011631.1:adapter:1099	1.0
NG_011631.1	python_raw	adapter_corrected	exact	NG_011631.1:raw:11	NG_011631.1:adapter:11	1.0
NG_011631.1	python_raw	adapter_corrected	exact	NG_011631.1:raw:110	NG_011631.1:adapter:110	1.0
NG_011631.1	python_raw	adapter_corrected	exact	NG_011631.1:raw:1100	NG_011631.1:adapter:1100	1.0
NG_011631.1	python_raw	adapter_corrected	exact	NG_011631.1:raw:1101	NG_011631.1:adapter:1101	1.0
NG_011631.1	python_raw	adapter_corrected	exact	NG_011631.1:raw:1102	NG_011631.1:adapter:1102	1.0
NG_011631.1	python_raw	adapter_corrected	exact	NG_011631.1:raw:1103	NG_011631.1:adapter:1103	1.0
NG_011631.1	python_raw	adapter_corrected	exact	NG_011631.1:raw:1104	NG_011631.1:adapter:1104	1.0
NG_011631.1	python_raw	adapter_corrected	exact	NG_011631.1:raw:1105	NG_011631.1:adapter:1105	1.0
NG_011631.1	python_raw	adapter_corrected	exact	NG_011631.1:raw:1106	NG_011631.1:adapter:1106	1.0
NG_011631.1	python_raw	adapter_corrected	exact	NG_011631.1:raw:1107	NG_011631.1:adapter:1107	1.0
NG_011631.1	python_raw	adapter_corrected	exact	NG_011631.1:raw:1108	NG_011631.1:adapter:1108	1.0
NG_011631.1	python_raw	adapter_corrected	exact	NG_011631.1:raw:1109	NG_011631.1:adapter:1109	1.0
NG_011631.1	python_raw	adapter_corrected	exact	NG_011631.1:raw:111	NG_011631.1:adapter:111	1.0
NG_011631.1	python_raw	adapter_corrected	exact	NG_011631.1:raw:1110	NG_011631.1:adapter:1110	1.0
NG_011631.1	python_raw	adapter_corrected	exact	NG_011631.1:raw:1111	NG_011631.1:adapter:1111	1.0
NG_011631.1	python_raw	adapter_corrected	exact	NG_011631.1:raw:1112	NG_011631.1:adapter:1112	1.0
NG_011631.1	python_raw	adapter_corrected	exact	NG_011631.1:raw:1113	NG_011631.1:adapter:1113	1.0
NG_011631.1	python_raw	adapter_corrected	exact	NG_011631.1:raw:1114	NG_011631.1:adapter:1114	1.0
NG_011631.1	python_raw	adapter_corrected	exact	NG_011631.1:raw:1115	NG_011631.1:adapter:1115	1.0
NG_011631.1	python_raw	adapter_corrected	exact	NG_011631.1:raw:1116	NG_011631.1:adapter:1116	1.0
NG_011631.1	python_raw	adapter_corrected	exact	NG_011631.1:raw:1117	NG_011631.1:adapter:1117	1.0
NG_011631.1	python_raw	adapter_corrected	exact	NG_011631.1:raw:1118	NG_011631.1:adapter:1118	1.0
NG_011631.1	python_raw	adapter_corrected	exact	NG_011631.1:raw:1119	NG_011631.1:adapter:1119	1.0
NG_011631.1	python_raw	adapter_corrected	exact	NG_011631.1:raw:112	NG_011631.1:adapter:112	1.0
NG_011631.1	python_raw	adapter_corrected	exact	NG_011631.1:raw:1120	NG_011631.1:adapter:1120	1.0
NG_011631.1	python_raw	adapter_corrected	exact	NG_011631.1:raw:1121	NG_011631.1:adapter:1121	1.0
NG_011631.1	python_raw	adapter_corrected	exact	NG_011631.1:raw:1122	NG_011631.1:adapter:1122	1.0
NG_011631.1	python_raw	adapter_corrected	exact	NG_011631.1:raw:1123	NG_011631.1:adapter:1123	1.0
NG_011631.1	python_raw	adapter_corrected	exact	NG_011631.1:raw:1124	NG_011631.1:adapter:1124	1.0
NG_011631.1	python_raw	adapter_corrected	exact	NG_011631.1:raw:1125	NG_011631.1:adapter:1125	1.0
NG_011631.1	python_raw	adapter_corrected	exact	NG_011631.1:raw:1126	NG_011631.1:adapter:1126	1.0
NG_011631.1	python_raw	adapter_corrected	exact	NG_011631.1:raw:1127	NG_011631.1:adapter:1127	1.0
NG_011631.1	python_raw	adapter_corrected	exact	NG_011631.1:raw:1128	NG_011631.1:adapter:1128	1.0
NG_011631.1	python_raw	adapter_corrected	exact	NG_011631.1:raw:1129	NG_011631.1:adapter:1129	1.0
NG_011631.1	python_raw	adapter_corrected	exact	NG_011631.1:raw:113	NG_011631.1:adapter:113	1.0
NG_011631.1	python_raw	adapter_corrected	exact	NG_011631.1:raw:1130	NG_011631.1:adapter:1130	1.0
NG_011631.1	python_raw	adapter_corrected	exact	NG_011631.1:raw:1131	NG_011631.1:adapter:1131	1.0
NG_011631.1	python_raw	adapter_corrected	exact	NG_011631.1:raw:1132	NG_011631.1:adapter:1132	1.0
NG_011631.1	python_raw	adapter_corrected	exact	NG_011631.1:raw:1133	NG_011631.1:adapter:1133	1.0
NG_011631.1	python_raw	adapter_corrected	exact	NG_011631.1:raw:1134	NG_011631.1:adapter:1134	1.0
NG_011631.1	python_raw	adapter_corrected	exact	NG_011631.1:raw:1135	NG_011631.1:adapter:1135	1.0
NG_011631.1	python_raw	adapter_corrected	exact	NG_011631.1:raw:1136	NG_011631.1:adapter:1136	1.0
NG_011631.1	python_raw	adapter_corrected	exact	NG_011631.1:raw:1137	NG_011631.1:adapter:1137	1.0
NG_011631.1	python_raw	adapter_corrected	exact	NG_011631.1:raw:1138	NG_011631.1:adapter:1138	1.0
NG_011631.1	python_raw	adapter_corrected	exact	NG_011631.1:raw:1139	NG_011631.1:adapter:1139	1.0
NG_011631.1	python_raw	adapter_corrected	exact	NG_011631.1:raw:114	NG_011631.1:adapter:114	1.0
NG_011631.1	python_raw	adapter_corrected	exact	NG_011631.1:raw:1140	NG_011631.1:adapter:1140	1.0
NG_011631.1	python_raw	adapter_corrected	exact	NG_011631.1:raw:1141	NG_011631.1:adapter:1141	1.0
NG_011631.1	python_raw	adapter_corrected	exact	NG_011631.1:raw:1142	NG_011631.1:adapter:1142	1.0
NG_011631.1	python_raw	adapter_corrected	exact	NG_011631.1:raw:1143	NG_011631.1:adapter:1143	1.0
NG_011631.1	python_raw	adapter_corrected	exact	NG_011631.1:raw:1144	NG_011631.1:adapter:1144	1.0
NG_011631.1	python_raw	adapter_corrected	exact	NG_011631.1:raw:1145	NG_011631.1:adapter:1145	1.0
NG_011631.1	python_raw	adapter_corrected	exact	NG_011631.1:raw:1146	NG_011631.1:adapter:1146	1.0
NG_011631.1	python_raw	adapter_corrected	exact	NG_011631.1:raw:1147	NG_011631.1:adapter:1147	1.0
NG_011631.1	python_raw	adapter_corrected	exact	NG_011631.1:raw:1148	NG_011631.1:adapter:1148	1.0
NG_011631.1	python_raw	adapter_corrected	exact	NG_011631.1:raw:1149	NG_011631.1:adapter:1149	1.0
NG_011631.1	python_raw	adapter_corrected	exact	NG_011631.1:raw:115	NG_011631.1:adapter:115	1.0
NG_011631.1	python_raw	adapter_corrected	exact	NG_011631.1:raw:1150	NG_011631.1:adapter:1150	1.0
NG_011631.1	python_raw	adapter_corrected	exact	NG_011631.1:raw:1151	NG_011631.1:adapter:1151	1.0
NG_011631.1	python_raw	adapter_corrected	exact	NG_011631.1:raw:1152	NG_011631.1:adapter:1152	1.0
NG_011631.1	python_raw	adapter_corrected	exact	NG_011631.1:raw:1153	NG_011631.1:adapter:1153	1.0
NG_011631.1	python_raw	adapter_corrected	exact	NG_011631.1:raw:1154	NG_011631.1:adapter:1154	1.0
NG_011631.1	python_raw	adapter_corrected	exact	NG_011631.1:raw:1155	NG_011631.1:adapter:1155	1.0
NG_011631.1	python_raw	adapter_corrected	exact	NG_011631.1:raw:1156	NG_011631.1:adapter:1156	1.0
NG_011631.1	python_raw	adapter_corrected	exact	NG_011631.1:raw:1157	NG_011631.1:adapter:1157	1.0
NG_011631.1	python_raw	adapter_corrected	exact	NG_011631.1:raw:1158	NG_011631.1:adapter:1158	1.0
NG_011631.1	python_raw	adapter_corrected	exact	NG_011631.1:raw:1159	NG_011631.1:adapter:1159	1.0
NG_011631.1	python_raw	adapter_corrected	exact	NG_011631.1:raw:116	NG_011631.1:adapter:116	1.0
NG_011631.1	python_raw	adapter_corrected	exact	NG_011631.1:raw:1160	NG_011631.1:adapter:1160	1.0
NG_011631.1	python_raw	adapter_corrected	exact	NG_011631.1:raw:1161	NG_011631.1:adapter:1161	1.0
NG_011631.1	python_raw	adapter_corrected	exact	NG_011631.1:raw:1162	NG_011631.1:adapter:1162	1.0
NG_011631.1	python_raw	adapter_corrected	exact	NG_011631.1:raw:1163	NG_011631.1:adapter:1163	1.0
NG_011631.1	python_raw	adapter_corrected	exact	NG_011631.1:raw:1164	NG_011631.1:adapter:1164	1.0
NG_011631.1	python_raw	adapter_corrected	exact	NG_011631.1:raw:1165	NG_011631.1:adapter:1165	1.0
NG_011631.1	python_raw	adapter_corrected	exact	NG_011631.1:raw:1166	NG_011631.1:adapter:1166	1.0
NG_011631.1	python_raw	adapter_corrected	exact	NG_011631.1:raw:1167	NG_011631.1:adapter:1167	1.0
NG_011631.1	python_raw	adapter_corrected	exact	NG_011631.1:raw:1168	NG_011631.1:adapter:1168	1.0
NG_011631.1	python_raw	adapter_corrected	exact	NG_011631.1:raw:1169	NG_011631.1:adapter:1169	1.0
NG_011631.1	python_raw	adapter_corrected	exact	NG_011631.1:raw:117	NG_011631.1:adapter:117	1.0
NG_011631.1	python_raw	adapter_corrected	exact	NG_011631.1:raw:1170	NG_011631.1:adapter:1170	1.0
NG_011631.1	python_raw	adapter_corrected	exact	NG_011631.1:raw:1171	NG_011631.1:adapter:1171	1.0
NG_011631.1	python_raw	adapter_corrected	exact	NG_011631.1:raw:1172	NG_011631.1:adapter:1172	1.0
NG_011631.1	python_raw	adapter_corrected	exact	NG_011631.1:raw:1173	NG_011631.1:adapter:1173	1.0
NG_011631.1	python_raw	adapter_corrected	exact	NG_011631.1:raw:1174	NG_011631.1:adapter:1174	1.0
NG_011631.1	python_raw	adapter_corrected	exact	NG_011631.1:raw:1175	NG_011631.1:adapter:1175	1.0
NG_011631.1	python_raw	adapter_corrected	exact	NG_011631.1:raw:1176	NG_011631.1:adapter:1176	1.0
NG_011631.1	python_raw	adapter_corrected	exact	NG_011631.1:raw:1177	NG_011631.1:adapter:1177	1.0
NG_011631.1	python_raw	adapter_corrected	exact	NG_011631.1:raw:1178	NG_011631.1:adapter:1178	1.0
NG_011631.1	python_raw	adapter_corrected	exact	NG_011631.1:raw:1179	NG_011631.1:adapter:1179	1.0
NG_011631.1	python_raw	adapter_corrected	exact	NG_011631.1:raw:118	NG_011631.1:adapter:118	1.0
NG_011631.1	python_raw	adapter_corrected	exact	NG_011631.1:raw:1180	NG_011631.1:adapter:1180	1.0
NG_011631.1	python_raw	adapter_corrected	exact	NG_011631.1:raw:1181	NG_011631.1:adapter:1181	1.0
NG_011631.1	python_raw	adapter_corrected	exact	NG_011631.1:raw:1182	NG_011631.1:adapter:1182	1.0
NG_011631.1	python_raw	adapter_corrected	exact	NG_011631.1:raw:1183	NG_011631.1:adapter:1183	1.0
NG_011631.1	python_raw	adapter_corrected	exact	NG_011631.1:raw:1184	NG_011631.1:adapter:1184	1.0
NG_011631.1	python_raw	adapter_corrected	exact	NG_011631.1:raw:1185	NG_011631.1:adapter:1185	1.0
NG_011631.1	python_raw	adapter_corrected	exact	NG_011631.1:raw:1186	NG_011631.1:adapter:1186	1.0
NG_011631.1	python_raw	adapter_corrected	exact	NG_011631.1:raw:1187	NG_011631.1:adapter:1187	1.0
NG_011631.1	python_raw	adapter_corrected	exact	NG_011631.1:raw:1188	NG_011631.1:adapter:1188	1.0
NG_011631.1	python_raw	adapter_corrected	exact	NG_011631.1:raw:1189	NG_011631.1:adapter:1189	1.0
NG_011631.1	python_raw	adapter_corrected	exact	NG_011631.1:raw:119	NG_011631.1:adapter:119	1.0
NG_011631.1	python_raw	adapter_corrected	exact	NG_011631.1:raw:1190	NG_011631.1:adapter:1190	1.0
NG_011631.1	python_raw	adapter_corrected	exact	NG_011631.1:raw:1191	NG_011631.1:adapter:1191	1.0
NG_011631.1	python_raw	adapter_corrected	exact	NG_011631.1:raw:1192	NG_011631.1:adapter:1192	1.0
NG_011631.1	python_raw	adapter_corrected	exact	NG_011631.1:raw:1193	NG_011631.1:adapter:1193	1.0
NG_011631.1	python_raw	adapter_corrected	exact	NG_011631.1:raw:1194	NG_011631.1:adapter:1194	1.0
NG_011631.1	python_raw	adapter_corrected	exact	NG_011631.1:raw:1195	NG_011631.1:adapter:1195	1.0
NG_011631.1	python_raw	adapter_corrected	exact	NG_011631.1:raw:1196	NG_011631.1:adapter:1196	1.0
NG_011631.1	python_raw	adapter_corrected	exact	NG_011631.1:raw:1197	NG_011631.1:adapter:1197	1.0
NG_011631.1	python_raw	adapter_corrected	exact	NG_011631.1:raw:1198	NG_011631.1:adapter:1198	1.0
NG_011631.1	python_raw	adapter_corrected	exact	NG_011631.1:raw:1199	NG_011631.1:adapter:1199	1.0
NG_011631.1	python_raw	adapter_corrected	exact	NG_011631.1:raw:12	NG_011631.1:adapter:12	1.0
NG_011631.1	python_raw	adapter_corrected	exact	NG_011631.1:raw:120	NG_011631.1:adapter:120	1.0
NG_011631.1	python_raw	adapter_corrected	exact	NG_011631.1:raw:1200	NG_011631.1:adapter:1200	1.0
NG_011631.1	python_raw	adapter_corrected	exact	NG_011631.1:raw:1201	NG_011631.1:adapter:1201	1.0
NG_011631.1	python_raw	adapter_corrected	exact	NG_011631.1:raw:1202	NG_011631.1:adapter:1202	1.0
NG_011631.1	python_raw	adapter_corrected	exact	NG_011631.1:raw:1203	NG_011631.1:adapter:1203	1.0
NG_011631.1	python_raw	adapter_corrected	exact	NG_011631.1:raw:1204	NG_011631.1:adapter:1204	1.0
NG_011631.1	python_raw	adapter_corrected	exact	NG_011631.1:raw:1205	NG_011631.1:adapter:1205	1.0
NG_011631.1	python_raw	adapter_corrected	exact	NG_011631.1:raw:1206	NG_011631.1:adapter:1206	1.0
NG_011631.1	python_raw	adapter_corrected	exact	NG_011631.1:raw:1207	NG_011631.1:adapter:1207	1.0
NG_011631.1	python_raw	adapter_corrected	exact	NG_011631.1:raw:1208	NG_011631.1:adapter:1208	1.0
NG_011631.1	python_raw	adapter_corrected	exact	NG_011631.1:raw:1209	NG_011631.1:adapter:1209	1.0
NG_011631.1	python_raw	adapter_corrected	exact	NG_011631.1:raw:121	NG_011631.1:adapter:121	1.0
NG_011631.1	python_raw	adapter_corrected	exact	NG_011631.1:raw:1210	NG_011631.1:adapter:1210	1.0
NG_011631.1	python_raw	adapter_corrected	exact	NG_011631.1:raw:1211	NG_011631.1:adapter:1211	1.0
NG_011631.1	python_raw	adapter_corrected	exact	NG_011631.1:raw:1212	NG_011631.1:adapter:1212	1.0
NG_011631.1	python_raw	adapter_corrected	exact	NG_011631.1:raw:1213	NG_011631.1:adapter:1213	1.0
NG_011631.1	python_raw	adapter_corrected	exact	NG_011631.1:raw:1214	NG_011631.1:adapter:1214	1.0
NG_011631.1	python_raw	adapter_corrected	exact	NG_011631.1:raw:1215	NG_011631.1:adapter:1215	1.0
NG_011631.1	python_raw	adapter_corrected	exact	NG_011631.1:raw:1216	NG_011631.1:adapter:1216	1.0
NG_011631.1	python_raw	adapter_corrected	exact	NG_011631.1:raw:1217	NG_011631.1:adapter:1217	1.0
NG_011631.1	python_raw	adapter_corrected	exact	NG_011631.1:raw:1218	NG_011631.1:adapter:1218	1.0
NG_011631.1	python_raw	adapter_corrected	exact	NG_011631.1:raw:1219	NG_011631.1:adapter:1219	1.0
NG_011631.1	python_raw	adapter_corrected	exact	NG_011631.1:raw:122	NG_011631.1:adapter:122	1.0
NG_011631.1	python_raw	adapter_corrected	exact	NG_011631.1:raw:1220	NG_011631.1:adapter:1220	1.0
NG_011631.1	python_raw	adapter_corrected	exact	NG_011631.1:raw:1221	NG_011631.1:adapter:1221	1.0
NG_011631.1	python_raw	adapter_corrected	exact	NG_011631.1:raw:1222	NG_011631.1:adapter:1222	1.0
NG_011631.1	python_raw	adapter_corrected	exact	NG_011631.1:raw:1223	NG_011631.1:adapter:1223	1.0
NG_011631.1	python_raw	adapter_corrected	exact	NG_011631.1:raw:1224	NG_011631.1:adapter:1224	1.0
NG_011631.1	python_raw	adapter_corrected	exact	NG_011631.1:raw:1225	NG_011631.1:adapter:1225	1.0
NG_011631.1	python_raw	adapter_corrected	exact	NG_011631.1:raw:1226	NG_011631.1:adapter:1226	1.0
NG_011631.1	python_raw	adapter_corrected	exact	NG_011631.1:raw:1227	NG_011631.1:adapter:1227	1.0
NG_011631.1	python_raw	adapter_corrected	exact	NG_011631.1:raw:1228	NG_011631.1:adapter:1228	1.0
NG_011631.1	python_raw	adapter_corrected	exact	NG_011631.1:raw:1229	NG_011631.1:adapter:1229	1.0
NG_011631.1	python_raw	adapter_corrected	exact	NG_011631.1:raw:123	NG_011631.1:adapter:123	1.0
NG_011631.1	python_raw	adapter_corrected	exact	NG_011631.1:raw:1230	NG_011631.1:adapter:1230	1.0
NG_011631.1	python_raw	adapter_corrected	exact	NG_011631.1:raw:1231	NG_011631.1:adapter:1231	1.0
NG_011631.1	python_raw	adapter_corrected	exact	NG_011631.1:raw:1232	NG_011631.1:adapter:1232	1.0
NG_011631.1	python_raw	adapter_corrected	exact	NG_011631.1:raw:1233	NG_011631.1:adapter:1233	1.0
NG_011631.1	python_raw	adapter_corrected	exact	NG_011631.1:raw:1234	NG_011631.1:adapter:1234	1.0
NG_011631.1	python_raw	adapter_corrected	exact	NG_011631.1:raw:1235	NG_011631.1:adapter:1235	1.0
NG_011631.1	python_raw	adapter_corrected	exact	NG_011631.1:raw:1236	NG_011631.1:adapter:1236	1.0
NG_011631.1	python_raw	adapter_corrected	exact	NG_011631.1:raw:1237	NG_011631.1:adapter:1237	1.0
NG_011631.1	python_raw	adapter_corrected	exact	NG_011631.1:raw:1238	NG_011631.1:adapter:1238	1.0
NG_011631.1	python_raw	adapter_corrected	exact	NG_011631.1:raw:1239	NG_011631.1:adapter:1239	1.0
NG_011631.1	python_raw	adapter_corrected	exact	NG_011631.1:raw:124	NG_011631.1:adapter:124	1.0
NG_011631.1	python_raw	adapter_corrected	exact	NG_011631.1:raw:1240	NG_011631.1:adapter:1240	1.0
NG_011631.1	python_raw	adapter_corrected	exact	NG_011631.1:raw:1241	NG_011631.1:adapter:1241	1.0
NG_011631.1	python_raw	adapter_corrected	exact	NG_011631.1:raw:1242	NG_011631.1:adapter:1242	1.0
NG_011631.1	python_raw	adapter_corrected	exact	NG_011631.1:raw:1243	NG_011631.1:adapter:1243	1.0
NG_011631.1	python_raw	adapter_corrected	exact	NG_011631.1:raw:1244	NG_011631.1:adapter:1244	1.0
NG_011631.1	python_raw	adapter_corrected	exact	NG_011631.1:raw:1245	NG_011631.1:adapter:1245	1.0
NG_011631.1	python_raw	adapter_corrected	exact	NG_011631.1:raw:1246	NG_011631.1:adapter:1246	1.0
NG_011631.1	python_raw	adapter_corrected	exact	NG_011631.1:raw:1247	NG_011631.1:adapter:1247	1.0
NG_011631.1	python_raw	adapter_corrected	exact	NG_011631.1:raw:1248	NG_011631.1:adapter:1248	1.0
NG_011631.1	python_raw	adapter_corrected	exact	NG_011631.1:raw:1249	NG_011631.1:adapter:1249	1.0
NG_011631.1	python_raw	adapter_corrected	exact	NG_011631.1:raw:125	NG_011631.1:adapter:125	1.0
NG_011631.1	python_raw	adapter_corrected	exact	NG_011631.1:raw:1250	NG_011631.1:adapter:1250	1.0
NG_011631.1	python_raw	adapter_corrected	exact	NG_011631.1:raw:1251	NG_011631.1:adapter:1251	1.0
NG_011631.1	python_raw	adapter_corrected	exact	NG_011631.1:raw:1252	NG_011631.1:adapter:1252	1.0
NG_011631.1	python_raw	adapter_corrected	exact	NG_011631.1:raw:1253	NG_011631.1:adapter:1253	1.0
NG_011631.1	python_raw	adapter_corrected	exact	NG_011631.1:raw:1254	NG_011631.1:adapter:1254	1.0
NG_011631.1	python_raw	adapter_corrected	exact	NG_011631.1:raw:1255	NG_011631.1:adapter:1255	1.0
NG_011631.1	python_raw	adapter_corrected	exact	NG_011631.1:raw:1256	NG_011631.1:adapter:1256	1.0
NG_011631.1	python_raw	adapter_corrected	exact	NG_011631.1:raw:1257	NG_011631.1:adapter:1257	1.0
NG_011631.1	python_raw	adapter_corrected	exact	NG_011631.1:raw:1258	NG_011631.1:adapter:1258	1.0
NG_011631.1	python_raw	adapter_corrected	exact	NG_011631.1:raw:1259	NG_011631.1:adapter:1259	1.0
NG_011631.1	python_raw	adapter_corrected	exact	NG_011631.1:raw:126	NG_011631.1:adapter:126	1.0
NG_011631.1	python_raw	adapter_corrected	exact	NG_011631.1:raw:1260	NG_011631.1:adapter:1260	1.0
NG_011631.1	python_raw	adapter_corrected	exact	NG_011631.1:raw:1261	NG_011631.1:adapter:1261	1.0
NG_011631.1	python_raw	adapter_corrected	exact	NG_011631.1:raw:1262	NG_011631.1:adapter:1262	1.0
NG_011631.1	python_raw	adapter_corrected	exact	NG_011631.1:raw:1263	NG_011631.1:adapter:1263	1.0
NG_011631.1	python_raw	adapter_corrected	exact	NG_011631.1:raw:1264	NG_011631.1:adapter:1264	1.0
NG_011631.1	python_raw	adapter_corrected	exact	NG_011631.1:raw:1265	NG_011631.1:adapter:1265	1.0
NG_011631.1	python_raw	adapter_corrected	exact	NG_011631.1:raw:1266	NG_011631.1:adapter:1266	1.0
NG_011631.1	python_raw	adapter_corrected	exact	NG_011631.1:raw:1267	NG_011631.1:adapter:1267	1.0
NG_011631.1	python_raw	adapter_corrected	exact	NG_011631.1:raw:1268	NG_011631.1:adapter:1268	1.0
NG_011631.1	python_raw	adapter_corrected	exact	NG_011631.1:raw:1269	NG_011631.1:adapter:1269	1.0
NG_011631.1	python_raw	adapter_corrected	exact	NG_011631.1:raw:127	NG_011631.1:adapter:127	1.0
NG_011631.1	python_raw	adapter_corrected	exact	NG_011631.1:raw:1270	NG_011631.1:adapter:1270	1.0
NG_011631.1	python_raw	adapter_corrected	exact	NG_011631.1:raw:1271	NG_011631.1:adapter:1271	1.0
NG_011631.1	python_raw	adapter_corrected	exact	NG_011631.1:raw:1272	NG_011631.1:adapter:1272	1.0
NG_011631.1	python_raw	adapter_corrected	exact	NG_011631.1:raw:1273	NG_011631.1:adapter:1273	1.0
NG_011631.1	python_raw	adapter_corrected	exact	NG_011631.1:raw:1274	NG_011631.1:adapter:1274	1.0
NG_011631.1	python_raw	adapter_corrected	exact	NG_011631.1:raw:1275	NG_011631.1:adapter:1275	1.0
NG_011631.1	python_raw	adapter_corrected	exact	NG_011631.1:raw:1276	NG_011631.1:adapter:1276	1.0
NG_011631.1	python_raw	adapter_corrected	exact	NG_011631.1:raw:1277	NG_011631.1:adapter:1277	1.0
NG_011631.1	python_raw	adapter_corrected	exact	NG_011631.1:raw:1278	NG_011631.1:adapter:1278	1.0
NG_011631.1	python_raw	adapter_corrected	exact	NG_011631.1:raw:1279	NG_011631.1:adapter:1279	1.0
NG_011631.1	python_raw	adapter_corrected	exact	NG_011631.1:raw:128	NG_011631.1:adapter:128	1.0
NG_011631.1	python_raw	adapter_corrected	exact	NG_011631.1:raw:1280	NG_011631.1:adapter:1280	1.0
NG_011631.1	python_raw	adapter_corrected	exact	NG_011631.1:raw:1281	NG_011631.1:adapter:1281	1.0
NG_011631.1	python_raw	adapter_corrected	exact	NG_011631.1:raw:1282	NG_011631.1:adapter:1282	1.0
NG_011631.1	python_raw	adapter_corrected	exact	NG_011631.1:raw:1283	NG_011631.1:adapter:1283	1.0
NG_011631.1	python_raw	adapter_corrected	exact	NG_011631.1:raw:1284	NG_011631.1:adapter:1284	1.0
NG_011631.1	python_raw	adapter_corrected	exact	NG_011631.1:raw:1285	NG_011631.1:adapter:1285	1.0
NG_011631.1	python_raw	adapter_corrected	exact	NG_011631.1:raw:1286	NG_011631.1:adapter:1286	1.0
NG_011631.1	python_raw	adapter_corrected	exact	NG_011631.1:raw:1287	NG_011631.1:adapter:1287	1.0
NG_011631.1	python_raw	adapter_corrected	exact	NG_011631.1:raw:1288	NG_011631.1:adapter:1288	1.0
NG_011631.1	python_raw	adapter_corrected	exact	NG_011631.1:raw:1289	NG_011631.1:adapter:1289	1.0
NG_011631.1	python_raw	adapter_corrected	exact	NG_011631.1:raw:129	NG_011631.1:adapter:129	1.0
NG_011631.1	python_raw	adapter_corrected	exact	NG_011631.1:raw:1290	NG_011631.1:adapter:1290	1.0
NG_011631.1	python_raw	adapter_corrected	exact	NG_011631.1:raw:1291	NG_011631.1:adapter:1291	1.0
NG_011631.1	python_raw	adapter_corrected	exact	NG_011631.1:raw:1292	NG_011631.1:adapter:1292	1.0
NG_011631.1	python_raw	adapter_corrected	exact	NG_011631.1:raw:1293	NG_011631.1:adapter:1293	1.0
NG_011631.1	python_raw	adapter_corrected	exact	NG_011631.1:raw:1294	NG_011631.1:adapter:1294	1.0
NG_011631.1	python_raw	adapter_corrected	exact	NG_011631.1:raw:1295	NG_011631.1:adapter:1295	1.0
NG_011631.1	python_raw	adapter_corrected	exact	NG_011631.1:raw:1296	NG_011631.1:adapter:1296	1.0
NG_011631.1	python_raw	adapter_corrected	exact	NG_011631.1:raw:1297	NG_011631.1:adapter:1297	1.0
NG_011631.1	python_raw	adapter_corrected	exact	NG_011631.1:raw:1298	NG_011631.1:adapter:1298	1.0
NG_011631.1	python_raw	adapter_corrected	exact	NG_011631.1:raw:1299	NG_011631.1:adapter:1299	1.0
NG_011631.1	python_raw	adapter_corrected	exact	NG_011631.1:raw:13	NG_011631.1:adapter:13	1.0
NG_011631.1	python_raw	adapter_corrected	exact	NG_011631.1:raw:130	NG_011631.1:adapter:130	1.0
NG_011631.1	python_raw	adapter_corrected	exact	NG_011631.1:raw:1300	NG_011631.1:adapter:1300	1.0
NG_011631.1	python_raw	adapter_corrected	exact	NG_011631.1:raw:1301	NG_011631.1:adapter:1301	1.0
NG_011631.1	python_raw	adapter_corrected	exact	NG_011631.1:raw:1302	NG_011631.1:adapter:1302	1.0
NG_011631.1	python_raw	adapter_corrected	exact	NG_011631.1:raw:1303	NG_011631.1:adapter:1303	1.0
NG_011631.1	python_raw	adapter_corrected	exact	NG_011631.1:raw:1304	NG_011631.1:adapter:1304	1.0
NG_011631.1	python_raw	adapter_corrected	exact	NG_011631.1:raw:1305	NG_011631.1:adapter:1305	1.0
NG_011631.1	python_raw	adapter_corrected	exact	NG_011631.1:raw:1306	NG_011631.1:adapter:1306	1.0
NG_011631.1	python_raw	adapter_corrected	exact	NG_011631.1:raw:1307	NG_011631.1:adapter:1307	1.0
NG_011631.1	python_raw	adapter_corrected	exact	NG_011631.1:raw:1308	NG_011631.1:adapter:1308	1.0
NG_011631.1	python_raw	adapter_corrected	exact	NG_011631.1:raw:1309	NG_011631.1:adapter:1309	1.0
NG_011631.1	python_raw	adapter_corrected	exact	NG_011631.1:raw:131	NG_011631.1:adapter:131	1.0
NG_011631.1	python_raw	adapter_corrected	exact	NG_011631.1:raw:1310	NG_011631.1:adapter:1310	1.0
NG_011631.1	python_raw	adapter_corrected	exact	NG_011631.1:raw:1311	NG_011631.1:adapter:1311	1.0
NG_011631.1	python_raw	adapter_corrected	exact	NG_011631.1:raw:1312	NG_011631.1:adapter:1312	1.0
NG_011631.1	python_raw	adapter_corrected	exact	NG_011631.1:raw:1313	NG_011631.1:adapter:1313	1.0
NG_011631.1	python_raw	adapter_corrected	exact	NG_011631.1:raw:1314	NG_011631.1:adapter:1314	1.0
NG_011631.1	python_raw	adapter_corrected	exact	NG_011631.1:raw:1315	NG_011631.1:adapter:1315	1.0
NG_011631.1	python_raw	adapter_corrected	exact	NG_011631.1:raw:1316	NG_011631.1:adapter:1316	1.0
NG_011631.1	python_raw	adapter_corrected	exact	NG_011631.1:raw:1317	NG_011631.1:adapter:1317	1.0
NG_011631.1	python_raw	adapter_corrected	exact	NG_011631.1:raw:1318	NG_011631.1:adapter:1318	1.0
NG_011631.1	python_raw	adapter_corrected	exact	NG_011631.1:raw:1319	NG_011631.1:adapter:1319	1.0
NG_011631.1	python_raw	adapter_corrected	exact	NG_011631.1:raw:132	NG_011631.1:adapter:132	1.0
NG_011631.1	python_raw	adapter_corrected	exact	NG_011631.1:raw:1320	NG_011631.1:adapter:1320	1.0
NG_011631.1	python_raw	adapter_corrected	exact	NG_011631.1:raw:1321	NG_011631.1:adapter:1321	1.0
NG_011631.1	python_raw	adapter_corrected	exact	NG_011631.1:raw:1322	NG_011631.1:adapter:1322	1.0
NG_011631.1	python_raw	adapter_corrected	exact	NG_011631.1:raw:1323	NG_011631.1:adapter:1323	1.0
NG_011631.1	python_raw	adapter_corrected	exact	NG_011631.1:raw:1324	NG_011631.1:adapter:1324	1.0
NG_011631.1	python_raw	adapter_corrected	exact	NG_011631.1:raw:1325	NG_011631.1:adapter:1325	1.0
NG_011631.1	python_raw	adapter_corrected	exact	NG_011631.1:raw:1326	NG_011631.1:adapter:1326	1.0
NG_011631.1	python_raw	adapter_corrected	exact	NG_011631.1:raw:1327	NG_011631.1:adapter:1327	1.0
NG_011631.1	python_raw	adapter_corrected	exact	NG_011631.1:raw:1328	NG_011631.1:adapter:1328	1.0
NG_011631.1	python_raw	adapter_corrected	exact	NG_011631.1:raw:1329	NG_011631.1:adapter:1329	1.0
NG_011631.1	python_raw	adapter_corrected	exact	NG_011631.1:raw:133	NG_011631.1:adapter:133	1.0
NG_011631.1	python_raw	adapter_corrected	exact	NG_011631.1:raw:1330	NG_011631.1:adapter:1330	1.0
NG_011631.1	python_raw	adapter_corrected	exact	NG_011631.1:raw:1331	NG_011631.1:adapter:1331	1.0
NG_011631.1	python_raw	adapter_corrected	exact	NG_011631.1:raw:1332	NG_011631.1:adapter:1332	1.0
NG_011631.1	python_raw	adapter_corrected	exact	NG_011631.1:raw:1333	NG_011631.1:adapter:1333	1.0
NG_011631.1	python_raw	adapter_corrected	exact	NG_011631.1:raw:1334	NG_011631.1:adapter:1334	1.0
NG_011631.1	python_raw	adapter_corrected	exact	NG_011631.1:raw:1335	NG_011631.1:adapter:1335	1.0
NG_011631.1	python_raw	adapter_corrected	exact	NG_011631.1:raw:1336	NG_011631.1:adapter:1336	1.0
NG_011631.1	python_raw	adapter_corrected	exact	NG_011631.1:raw:1337	NG_011631.1:adapter:1337	1.0
NG_011631.1	python_raw	adapter_corrected	exact	NG_011631.1:raw:1338	NG_011631.1:adapter:1338	1.0
NG_011631.1	python_raw	adapter_corrected	exact	NG_011631.1:raw:1339	NG_011631.1:adapter:1339	1.0
NG_011631.1	python_raw	adapter_corrected	exact	NG_011631.1:raw:134	NG_011631.1:adapter:134	1.0
NG_011631.1	python_raw	adapter_corrected	exact	NG_011631.1:raw:1340	NG_011631.1:adapter:1340	1.0
NG_011631.1	python_raw	adapter_corrected	exact	NG_011631.1:raw:1341	NG_011631.1:adapter:1341	1.0
NG_011631.1	python_raw	adapter_corrected	exact	NG_011631.1:raw:1342	NG_011631.1:adapter:1342	1.0
NG_011631.1	python_raw	adapter_corrected	exact	NG_011631.1:raw:1343	NG_011631.1:adapter:1343	1.0
NG_011631.1	python_raw	adapter_corrected	exact	NG_011631.1:raw:1344	NG_011631.1:adapter:1344	1.0
NG_011631.1	python_raw	adapter_corrected	exact	NG_011631.1:raw:1345	NG_011631.1:adapter:1345	1.0
NG_011631.1	python_raw	adapter_corrected	exact	NG_011631.1:raw:1346	NG_011631.1:adapter:1346	1.0
NG_011631.1	python_raw	adapter_corrected	exact	NG_011631.1:raw:1347	NG_011631.1:adapter:1347	1.0
NG_011631.1	python_raw	adapter_corrected	exact	NG_011631.1:raw:1348	NG_011631.1:adapter:1348	1.0
NG_011631.1	python_raw	adapter_corrected	exact	NG_011631.1:raw:1349	NG_011631.1:adapter:1349	1.0
NG_011631.1	python_raw	adapter_corrected	exact	NG_011631.1:raw:135	NG_011631.1:adapter:135	1.0
NG_011631.1	python_raw	adapter_corrected	exact	NG_011631.1:raw:1350	NG_011631.1:adapter:1350	1.0
NG_011631.1	python_raw	adapter_corrected	exact	NG_011631.1:raw:1351	NG_011631.1:adapter:1351	1.0
NG_011631.1	python_raw	adapter_corrected	exact	NG_011631.1:raw:1352	NG_011631.1:adapter:1352	1.0
NG_011631.1	python_raw	adapter_corrected	exact	NG_011631.1:raw:1353	NG_011631.1:adapter:1353	1.0
NG_011631.1	python_raw	adapter_corrected	exact	NG_011631.1:raw:1354	NG_011631.1:adapter:1354	1.0
NG_011631.1	python_raw	adapter_corrected	exact	NG_011631.1:raw:1355	NG_011631.1:adapter:1355	1.0
NG_011631.1	python_raw	adapter_corrected	exact	NG_011631.1:raw:1356	NG_011631.1:adapter:1356	1.0
NG_011631.1	python_raw	adapter_corrected	exact	NG_011631.1:raw:1357	NG_011631.1:adapter:1357	1.0
NG_011631.1	python_raw	adapter_corrected	exact	NG_011631.1:raw:1358	NG_011631.1:adapter:1358	1.0
NG_011631.1	python_raw	adapter_corrected	exact	NG_011631.1:raw:1359	NG_011631.1:adapter:1359	1.0
NG_011631.1	python_raw	adapter_corrected	exact	NG_011631.1:raw:136	NG_011631.1:adapter:136	1.0
NG_011631.1	python_raw	adapter_corrected	exact	NG_011631.1:raw:1360	NG_011631.1:adapter:1360	1.0
NG_011631.1	python_raw	adapter_corrected	exact	NG_011631.1:raw:1361	NG_011631.1:adapter:1361	1.0
NG_011631.1	python_raw	adapter_corrected	exact	NG_011631.1:raw:1362	NG_011631.1:adapter:1362	1.0
NG_011631.1	python_raw	adapter_corrected	exact	NG_011631.1:raw:1363	NG_011631.1:adapter:1363	1.0
NG_011631.1	python_raw	adapter_corrected	exact	NG_011631.1:raw:1364	NG_011631.1:adapter:1364	1.0
NG_011631.1	python_raw	adapter_corrected	exact	NG_011631.1:raw:1365	NG_011631.1:adapter:1365	1.0
NG_011631.1	python_raw	adapter_corrected	exact	NG_011631.1:raw:1366	NG_011631.1:adapter:1366	1.0
NG_011631.1	python_raw	adapter_corrected	exact	NG_011631.1:raw:1367	NG_011631.1:adapter:1367	1.0
NG_011631.1	python_raw	adapter_corrected	exact	NG_011631.1:raw:1368	NG_011631.1:adapter:1368	1.0
NG_011631.1	python_raw	adapter_corrected	exact	NG_011631.1:raw:1369	NG_011631.1:adapter:1369	1.0
NG_011631.1	python_raw	adapter_corrected	exact	NG_011631.1:raw:137	NG_011631.1:adapter:137	1.0
NG_011631.1	python_raw	adapter_corrected	exact	NG_011631.1:raw:1370	NG_011631.1:adapter:1370	1.0
NG_011631.1	python_raw	adapter_corrected	exact	NG_011631.1:raw:1371	NG_011631.1:adapter:1371	1.0
NG_011631.1	python_raw	adapter_corrected	exact	NG_011631.1:raw:1372	NG_011631.1:adapter:1372	1.0
NG_011631.1	python_raw	adapter_corrected	exact	NG_011631.1:raw:1373	NG_011631.1:adapter:1373	1.0
NG_011631.1	python_raw	adapter_corrected	exact	NG_011631.1:raw:1374	NG_011631.1:adapter:1374	1.0
NG_011631.1	python_raw	adapter_corrected	exact	NG_011631.1:raw:1375	NG_011631.1:adapter:1375	1.0
NG_011631.1	python_raw	adapter_corrected	exact	NG_011631.1:raw:1376	NG_011631.1:adapter:1376	1.0
NG_011631.1	python_raw	adapter_corrected	exact	NG_011631.1:raw:1377	NG_011631.1:adapter:1377	1.0
NG_011631.1	python_raw	adapter_corrected	exact	NG_011631.1:raw:1378	NG_011631.1:adapter:1378	1.0
NG_011631.1	python_raw	adapter_corrected	exact	NG_011631.1:raw:1379	NG_011631.1:adapter:1379	1.0
NG_011631.1	python_raw	adapter_corrected	exact	NG_011631.1:raw:138	NG_011631.1:adapter:138	1.0
NG_011631.1	python_raw	adapter_corrected	exact	NG_011631.1:raw:1380	NG_011631.1:adapter:1380	1.0
NG_011631.1	python_raw	adapter_corrected	exact	NG_011631.1:raw:1381	NG_011631.1:adapter:1381	1.0
NG_011631.1	python_raw	adapter_corrected	exact	NG_011631.1:raw:1382	NG_011631.1:adapter:1382	1.0
NG_011631.1	python_raw	adapter_corrected	exact	NG_011631.1:raw:1383	NG_011631.1:adapter:1383	1.0
NG_011631.1	python_raw	adapter_corrected	exact	NG_011631.1:raw:1384	NG_011631.1:adapter:1384	1.0
NG_011631.1	python_raw	adapter_corrected	exact	NG_011631.1:raw:1385	NG_011631.1:adapter:1385	1.0
NG_011631.1	python_raw	adapter_corrected	exact	NG_011631.1:raw:1386	NG_011631.1:adapter:1386	1.0
NG_011631.1	python_raw	adapter_corrected	exact	NG_011631.1:raw:1387	NG_011631.1:adapter:1387	1.0
NG_011631.1	python_raw	adapter_corrected	exact	NG_011631.1:raw:1388	NG_011631.1:adapter:1388	1.0
NG_011631.1	python_raw	adapter_corrected	exact	NG_011631.1:raw:1389	NG_011631.1:adapter:1389	1.0
NG_011631.1	python_raw	adapter_corrected	exact	NG_011631.1:raw:139	NG_011631.1:adapter:139	1.0
NG_011631.1	python_raw	adapter_corrected	exact	NG_011631.1:raw:1390	NG_011631.1:adapter:1390	1.0
NG_011631.1	python_raw	adapter_corrected	exact	NG_011631.1:raw:1391	NG_011631.1:adapter:1391	1.0
NG_011631.1	python_raw	adapter_corrected	exact	NG_011631.1:raw:1392	NG_011631.1:adapter:1392	1.0
NG_011631.1	python_raw	adapter_corrected	exact	NG_011631.1:raw:1393	NG_011631.1:adapter:1393	1.0
NG_011631.1	python_raw	adapter_corrected	exact	NG_011631.1:raw:1394	NG_011631.1:adapter:1394	1.0
NG_011631.1	python_raw	adapter_corrected	exact	NG_011631.1:raw:1395	NG_011631.1:adapter:1395	1.0
NG_011631.1	python_raw	adapter_corrected	exact	NG_011631.1:raw:1396	NG_011631.1:adapter:1396	1.0
NG_011631.1	python_raw	adapter_corrected	exact	NG_011631.1:raw:1397	NG_011631.1:adapter:1397	1.0
NG_011631.1	python_raw	adapter_corrected	exact	NG_011631.1:raw:1398	NG_011631.1:adapter:1398	1.0
NG_011631.1	python_raw	adapter_corrected	exact	NG_011631.1:raw:1399	NG_011631.1:adapter:1399	1.0
NG_011631.1	python_raw	adapter_corrected	exact	NG_011631.1:raw:14	NG_011631.1:adapter:14	1.0
NG_011631.1	python_raw	adapter_corrected	exact	NG_011631.1:raw:140	NG_011631.1:adapter:140	1.0
NG_011631.1	python_raw	adapter_corrected	exact	NG_011631.1:raw:1400	NG_011631.1:adapter:1400	1.0
NG_011631.1	python_raw	adapter_corrected	exact	NG_011631.1:raw:1401	NG_011631.1:adapter:1401	1.0
NG_011631.1	python_raw	adapter_corrected	exact	NG_011631.1:raw:1402	NG_011631.1:adapter:1402	1.0
NG_011631.1	python_raw	adapter_corrected	exact	NG_011631.1:raw:1403	NG_011631.1:adapter:1403	1.0
NG_011631.1	python_raw	adapter_corrected	exact	NG_011631.1:raw:1404	NG_011631.1:adapter:1404	1.0
NG_011631.1	python_raw	adapter_corrected	exact	NG_011631.1:raw:1405	NG_011631.1:adapter:1405	1.0
NG_011631.1	python_raw	adapter_corrected	exact	NG_011631.1:raw:1406	NG_011631.1:adapter:1406	1.0
NG_011631.1	python_raw	adapter_corrected	exact	NG_011631.1:raw:1407	NG_011631.1:adapter:1407	1.0
NG_011631.1	python_raw	adapter_corrected	exact	NG_011631.1:raw:1408	NG_011631.1:adapter:1408	1.0
NG_011631.1	python_raw	adapter_corrected	exact	NG_011631.1:raw:1409	NG_011631.1:adapter:1409	1.0
NG_011631.1	python_raw	adapter_corrected	exact	NG_011631.1:raw:141	NG_011631.1:adapter:141	1.0
NG_011631.1	python_raw	adapter_corrected	exact	NG_011631.1:raw:1410	NG_011631.1:adapter:1410	1.0
NG_011631.1	python_raw	adapter_corrected	exact	NG_011631.1:raw:1411	NG_011631.1:adapter:1411	1.0
NG_011631.1	python_raw	adapter_corrected	exact	NG_011631.1:raw:1412	NG_011631.1:adapter:1412	1.0
NG_011631.1	python_raw	adapter_corrected	exact	NG_011631.1:raw:1413	NG_011631.1:adapter:1413	1.0
NG_011631.1	python_raw	adapter_corrected	exact	NG_011631.1:raw:1414	NG_011631.1:adapter:1414	1.0
NG_011631.1	python_raw	adapter_corrected	exact	NG_011631.1:raw:1415	NG_011631.1:adapter:1415	1.0
NG_011631.1	python_raw	adapter_corrected	exact	NG_011631.1:raw:1416	NG_011631.1:adapter:1416	1.0
NG_011631.1	python_raw	adapter_corrected	exact	NG_011631.1:raw:1417	NG_011631.1:adapter:1417	1.0
NG_011631.1	python_raw	adapter_corrected	exact	NG_011631.1:raw:1418	NG_011631.1:adapter:1418	1.0
NG_011631.1	python_raw	adapter_corrected	exact	NG_011631.1:raw:1419	NG_011631.1:adapter:1419	1.0
NG_011631.1	python_raw	adapter_corrected	exact	NG_011631.1:raw:142	NG_011631.1:adapter:142	1.0
NG_011631.1	python_raw	adapter_corrected	exact	NG_011631.1:raw:1420	NG_011631.1:adapter:1420	1.0
NG_011631.1	python_raw	adapter_corrected	exact	NG_011631.1:raw:1421	NG_011631.1:adapter:1421	1.0
NG_011631.1	python_raw	adapter_corrected	exact	NG_011631.1:raw:1422	NG_011631.1:adapter:1422	1.0
NG_011631.1	python_raw	adapter_corrected	exact	NG_011631.1:raw:1423	NG_011631.1:adapter:1423	1.0
NG_011631.1	python_raw	adapter_corrected	exact	NG_011631.1:raw:1424	NG_011631.1:adapter:1424	1.0
NG_011631.1	python_raw	adapter_corrected	exact	NG_011631.1:raw:1425	NG_011631.1:adapter:1425	1.0
NG_011631.1	python_raw	adapter_corrected	exact	NG_011631.1:raw:1426	NG_011631.1:adapter:1426	1.0
NG_011631.1	python_raw	adapter_corrected	exact	NG_011631.1:raw:1427	NG_011631.1:adapter:1427	1.0
NG_011631.1	python_raw	adapter_corrected	exact	NG_011631.1:raw:1428	NG_011631.1:adapter:1428	1.0
NG_011631.1	python_raw	adapter_corrected	exact	NG_011631.1:raw:1429	NG_011631.1:adapter:1429	1.0
NG_011631.1	python_raw	adapter_corrected	exact	NG_011631.1:raw:143	NG_011631.1:adapter:143	1.0
NG_011631.1	python_raw	adapter_corrected	exact	NG_011631.1:raw:1430	NG_011631.1:adapter:1430	1.0
NG_011631.1	python_raw	adapter_corrected	exact	NG_011631.1:raw:1431	NG_011631.1:adapter:1431	1.0
NG_011631.1	python_raw	adapter_corrected	exact	NG_011631.1:raw:1432	NG_011631.1:adapter:1432	1.0
NG_011631.1	python_raw	adapter_corrected	exact	NG_011631.1:raw:1433	NG_011631.1:adapter:1433	1.0
NG_011631.1	python_raw	adapter_corrected	exact	NG_011631.1:raw:1434	NG_011631.1:adapter:1434	1.0
NG_011631.1	python_raw	adapter_corrected	exact	NG_011631.1:raw:1435	NG_011631.1:adapter:1435	1.0
NG_011631.1	python_raw	adapter_corrected	exact	NG_011631.1:raw:1436	NG_011631.1:adapter:1436	1.0
NG_011631.1	python_raw	adapter_corrected	exact	NG_011631.1:raw:1437	NG_011631.1:adapter:1437	1.0
NG_011631.1	python_raw	adapter_corrected	exact	NG_011631.1:raw:1438	NG_011631.1:adapter:1438	1.0
NG_011631.1	python_raw	adapter_corrected	exact	NG_011631.1:raw:1439	NG_011631.1:adapter:1439	1.0
NG_011631.1	python_raw	adapter_corrected	exact	NG_011631.1:raw:144	NG_011631.1:adapter:144	1.0
NG_011631.1	python_raw	adapter_corrected	exact	NG_011631.1:raw:1440	NG_011631.1:adapter:1440	1.0
NG_011631.1	python_raw	adapter_corrected	exact	NG_011631.1:raw:1441	NG_011631.1:adapter:1441	1.0
NG_011631.1	python_raw	adapter_corrected	exact	NG_011631.1:raw:1442	NG_011631.1:adapter:1442	1.0
NG_011631.1	python_raw	adapter_corrected	exact	NG_011631.1:raw:1443	NG_011631.1:adapter:1443	1.0
NG_011631.1	python_raw	adapter_corrected	exact	NG_011631.1:raw:1444	NG_011631.1:adapter:1444	1.0
NG_011631.1	python_raw	adapter_corrected	exact	NG_011631.1:raw:1445	NG_011631.1:adapter:1445	1.0
NG_011631.1	python_raw	adapter_corrected	exact	NG_011631.1:raw:1446	NG_011631.1:adapter:1446	1.0
NG_011631.1	python_raw	adapter_corrected	exact	NG_011631.1:raw:1447	NG_011631.1:adapter:1447	1.0
NG_011631.1	python_raw	adapter_corrected	exact	NG_011631.1:raw:1448	NG_011631.1:adapter:1448	1.0
NG_011631.1	python_raw	adapter_corrected	exact	NG_011631.1:raw:1449	NG_011631.1:adapter:1449	1.0
NG_011631.1	python_raw	adapter_corrected	exact	NG_011631.1:raw:145	NG_011631.1:adapter:145	1.0
NG_011631.1	python_raw	adapter_corrected	exact	NG_011631.1:raw:1450	NG_011631.1:adapter:1450	1.0
NG_011631.1	python_raw	adapter_corrected	exact	NG_011631.1:raw:1451	NG_011631.1:adapter:1451	1.0
NG_011631.1	python_raw	adapter_corrected	exact	NG_011631.1:raw:1452	NG_011631.1:adapter:1452	1.0
NG_011631.1	python_raw	adapter_corrected	exact	NG_011631.1:raw:1453	NG_011631.1:adapter:1453	1.0
NG_011631.1	python_raw	adapter_corrected	exact	NG_011631.1:raw:1454	NG_011631.1:adapter:1454	1.0
NG_011631.1	python_raw	adapter_corrected	exact	NG_011631.1:raw:1455	NG_011631.1:adapter:1455	1.0
NG_011631.1	python_raw	adapter_corrected	exact	NG_011631.1:raw:1456	NG_011631.1:adapter:1456	1.0
NG_011631.1	python_raw	adapter_corrected	exact	NG_011631.1:raw:1457	NG_011631.1:adapter:1457	1.0
NG_011631.1	python_raw	adapter_corrected	exact	NG_011631.1:raw:1458	NG_011631.1:adapter:1458	1.0
NG_011631.1	python_raw	adapter_corrected	exact	NG_011631.1:raw:1459	NG_011631.1:adapter:1459	1.0
NG_011631.1	python_raw	adapter_corrected	exact	NG_011631.1:raw:146	NG_011631.1:adapter:146	1.0
NG_011631.1	python_raw	adapter_corrected	exact	NG_011631.1:raw:1460	NG_011631.1:adapter:1460	1.0
NG_011631.1	python_raw	adapter_corrected	exact	NG_011631.1:raw:1461	NG_011631.1:adapter:1461	1.0
NG_011631.1	python_raw	adapter_corrected	exact	NG_011631.1:raw:1462	NG_011631.1:adapter:1462	1.0
NG_011631.1	python_raw	adapter_corrected	exact	NG_011631.1:raw:1463	NG_011631.1:adapter:1463	1.0
NG_011631.1	python_raw	adapter_corrected	exact	NG_011631.1:raw:1464	NG_011631.1:adapter:1464	1.0
NG_011631.1	python_raw	adapter_corrected	exact	NG_011631.1:raw:1465	NG_011631.1:adapter:1465	1.0
NG_011631.1	python_raw	adapter_corrected	exact	NG_011631.1:raw:1466	NG_011631.1:adapter:1466	1.0
NG_011631.1	python_raw	adapter_corrected	exact	NG_011631.1:raw:1467	NG_011631.1:adapter:1467	1.0
NG_011631.1	python_raw	adapter_corrected	exact	NG_011631.1:raw:1468	NG_011631.1:adapter:1468	1.0
NG_011631.1	python_raw	adapter_corrected	exact	NG_011631.1:raw:1469	NG_011631.1:adapter:1469	1.0
NG_011631.1	python_raw	adapter_corrected	exact	NG_011631.1:raw:147	NG_011631.1:adapter:147	1.0
NG_011631.1	python_raw	adapter_corrected	exact	NG_011631.1:raw:1470	NG_011631.1:adapter:1470	1.0
NG_011631.1	python_raw	adapter_corrected	exact	NG_011631.1:raw:1471	NG_011631.1:adapter:1471	1.0
NG_011631.1	python_raw	adapter_corrected	exact	NG_011631.1:raw:1472	NG_011631.1:adapter:1472	1.0
NG_011631.1	python_raw	adapter_corrected	exact	NG_011631.1:raw:1473	NG_011631.1:adapter:1473	1.0
NG_011631.1	python_raw	adapter_corrected	exact	NG_011631.1:raw:1474	NG_011631.1:adapter:1474	1.0
NG_011631.1	python_raw	adapter_corrected	exact	NG_011631.1:raw:1475	NG_011631.1:adapter:1475	1.0
NG_011631.1	python_raw	adapter_corrected	exact	NG_011631.1:raw:1476	NG_011631.1:adapter:1476	1.0
NG_011631.1	python_raw	adapter_corrected	exact	NG_011631.1:raw:1477	NG_011631.1:adapter:1477	1.0
NG_011631.1	python_raw	adapter_corrected	exact	NG_011631.1:raw:1478	NG_011631.1:adapter:1478	1.0
NG_011631.1	python_raw	adapter_corrected	exact	NG_011631.1:raw:1479	NG_011631.1:adapter:1479	1.0
NG_011631.1	python_raw	adapter_corrected	exact	NG_011631.1:raw:148	NG_011631.1:adapter:148	1.0
NG_011631.1	python_raw	adapter_corrected	exact	NG_011631.1:raw:1480	NG_011631.1:adapter:1480	1.0
NG_011631.1	python_raw	adapter_corrected	exact	NG_011631.1:raw:1481	NG_011631.1:adapter:1481	1.0
NG_011631.1	python_raw	adapter_corrected	exact	NG_011631.1:raw:1482	NG_011631.1:adapter:1482	1.0
NG_011631.1	python_raw	adapter_corrected	exact	NG_011631.1:raw:1483	NG_011631.1:adapter:1483	1.0
NG_011631.1	python_raw	adapter_corrected	exact	NG_011631.1:raw:1484	NG_011631.1:adapter:1484	1.0
NG_011631.1	python_raw	adapter_corrected	exact	NG_011631.1:raw:1485	NG_011631.1:adapter:1485	1.0
NG_011631.1	python_raw	adapter_corrected	exact	NG_011631.1:raw:1486	NG_011631.1:adapter:1486	1.0
NG_011631.1	python_raw	adapter_corrected	exact	NG_011631.1:raw:1487	NG_011631.1:adapter:1487	1.0
NG_011631.1	python_raw	adapter_corrected	exact	NG_011631.1:raw:1488	NG_011631.1:adapter:1488	1.0
NG_011631.1	python_raw	adapter_corrected	exact	NG_011631.1:raw:1489	NG_011631.1:adapter:1489	1.0
NG_011631.1	python_raw	adapter_corrected	exact	NG_011631.1:raw:149	NG_011631.1:adapter:149	1.0
NG_011631.1	python_raw	adapter_corrected	exact	NG_011631.1:raw:1490	NG_011631.1:adapter:1490	1.0
NG_011631.1	python_raw	adapter_corrected	exact	NG_011631.1:raw:1491	NG_011631.1:adapter:1491	1.0
NG_011631.1	python_raw	adapter_corrected	exact	NG_011631.1:raw:1492	NG_011631.1:adapter:1492	1.0
NG_011631.1	python_raw	adapter_corrected	exact	NG_011631.1:raw:1493	NG_011631.1:adapter:1493	1.0
NG_011631.1	python_raw	adapter_corrected	exact	NG_011631.1:raw:1494	NG_011631.1:adapter:1494	1.0
NG_011631.1	python_raw	adapter_corrected	exact	NG_011631.1:raw:1495	NG_011631.1:adapter:1495	1.0
NG_011631.1	python_raw	adapter_corrected	exact	NG_011631.1:raw:1496	NG_011631.1:adapter:1496	1.0
NG_011631.1	python_raw	adapter_corrected	exact	NG_011631.1:raw:1497	NG_011631.1:adapter:1497	1.0
NG_011631.1	python_raw	adapter_corrected	exact	NG_011631.1:raw:1498	NG_011631.1:adapter:1498	1.0
NG_011631.1	python_raw	adapter_corrected	exact	NG_011631.1:raw:1499	NG_011631.1:adapter:1499	1.0
NG_011631.1	python_raw	adapter_corrected	exact	NG_011631.1:raw:15	NG_011631.1:adapter:15	1.0
NG_011631.1	python_raw	adapter_corrected	exact	NG_011631.1:raw:150	NG_011631.1:adapter:150	1.0
NG_011631.1	python_raw	adapter_corrected	exact	NG_011631.1:raw:1500	NG_011631.1:adapter:1500	1.0
NG_011631.1	python_raw	adapter_corrected	exact	NG_011631.1:raw:1501	NG_011631.1:adapter:1501	1.0
NG_011631.1	python_raw	adapter_corrected	exact	NG_011631.1:raw:1502	NG_011631.1:adapter:1502	1.0
NG_011631.1	python_raw	adapter_corrected	exact	NG_011631.1:raw:1503	NG_011631.1:adapter:1503	1.0
NG_011631.1	python_raw	adapter_corrected	exact	NG_011631.1:raw:1504	NG_011631.1:adapter:1504	1.0
NG_011631.1	python_raw	adapter_corrected	exact	NG_011631.1:raw:1505	NG_011631.1:adapter:1505	1.0
NG_011631.1	python_raw	adapter_corrected	exact	NG_011631.1:raw:1506	NG_011631.1:adapter:1506	1.0
NG_011631.1	python_raw	adapter_corrected	exact	NG_011631.1:raw:1507	NG_011631.1:adapter:1507	1.0
NG_011631.1	python_raw	adapter_corrected	exact	NG_011631.1:raw:1508	NG_011631.1:adapter:1508	1.0
NG_011631.1	python_raw	adapter_corrected	exact	NG_011631.1:raw:1509	NG_011631.1:adapter:1509	1.0
NG_011631.1	python_raw	adapter_corrected	exact	NG_011631.1:raw:151	NG_011631.1:adapter:151	1.0
NG_011631.1	python_raw	adapter_corrected	exact	NG_011631.1:raw:1510	NG_011631.1:adapter:1510	1.0
NG_011631.1	python_raw	adapter_corrected	exact	NG_011631.1:raw:1511	NG_011631.1:adapter:1511	1.0
NG_011631.1	python_raw	adapter_corrected	exact	NG_011631.1:raw:1512	NG_011631.1:adapter:1512	1.0
NG_011631.1	python_raw	adapter_corrected	exact	NG_011631.1:raw:1513	NG_011631.1:adapter:1513	1.0
NG_011631.1	python_raw	adapter_corrected	exact	NG_011631.1:raw:1514	NG_011631.1:adapter:1514	1.0
NG_011631.1	python_raw	adapter_corrected	exact	NG_011631.1:raw:1515	NG_011631.1:adapter:1515	1.0
NG_011631.1	python_raw	adapter_corrected	exact	NG_011631.1:raw:1516	NG_011631.1:adapter:1516	1.0
NG_011631.1	python_raw	adapter_corrected	exact	NG_011631.1:raw:1517	NG_011631.1:adapter:1517	1.0
NG_011631.1	python_raw	adapter_corrected	exact	NG_011631.1:raw:1518	NG_011631.1:adapter:1518	1.0
NG_011631.1	python_raw	adapter_corrected	exact	NG_011631.1:raw:1519	NG_011631.1:adapter:1519	1.0
NG_011631.1	python_raw	adapter_corrected	exact	NG_011631.1:raw:152	NG_011631.1:adapter:152	1.0
NG_011631.1	python_raw	adapter_corrected	exact	NG_011631.1:raw:1520	NG_011631.1:adapter:1520	1.0
NG_011631.1	python_raw	adapter_corrected	exact	NG_011631.1:raw:1521	NG_011631.1:adapter:1521	1.0
NG_011631.1	python_raw	adapter_corrected	exact	NG_011631.1:raw:1522	NG_011631.1:adapter:1522	1.0
NG_011631.1	python_raw	adapter_corrected	exact	NG_011631.1:raw:1523	NG_011631.1:adapter:1523	1.0
NG_011631.1	python_raw	adapter_corrected	exact	NG_011631.1:raw:1524	NG_011631.1:adapter:1524	1.0
NG_011631.1	python_raw	adapter_corrected	exact	NG_011631.1:raw:1525	NG_011631.1:adapter:1525	1.0
NG_011631.1	python_raw	adapter_corrected	exact	NG_011631.1:raw:1526	NG_011631.1:adapter:1526	1.0
NG_011631.1	python_raw	adapter_corrected	exact	NG_011631.1:raw:1527	NG_011631.1:adapter:1527	1.0
NG_011631.1	python_raw	adapter_corrected	exact	NG_011631.1:raw:1528	NG_011631.1:adapter:1528	1.0
NG_011631.1	python_raw	adapter_corrected	exact	NG_011631.1:raw:1529	NG_011631.1:adapter:1529	1.0
NG_011631.1	python_raw	adapter_corrected	exact	NG_011631.1:raw:153	NG_011631.1:adapter:153	1.0
NG_011631.1	python_raw	adapter_corrected	exact	NG_011631.1:raw:1530	NG_011631.1:adapter:1530	1.0
NG_011631.1	python_raw	adapter_corrected	exact	NG_011631.1:raw:1531	NG_011631.1:adapter:1531	1.0
NG_011631.1	python_raw	adapter_corrected	exact	NG_011631.1:raw:1532	NG_011631.1:adapter:1532	1.0
NG_011631.1	python_raw	adapter_corrected	exact	NG_011631.1:raw:1533	NG_011631.1:adapter:1533	1.0
NG_011631.1	python_raw	adapter_corrected	exact	NG_011631.1:raw:1534	NG_011631.1:adapter:1534	1.0
NG_011631.1	python_raw	adapter_corrected	exact	NG_011631.1:raw:1535	NG_011631.1:adapter:1535	1.0
NG_011631.1	python_raw	adapter_corrected	exact	NG_011631.1:raw:1536	NG_011631.1:adapter:1536	1.0
NG_011631.1	python_raw	adapter_corrected	exact	NG_011631.1:raw:1537	NG_011631.1:adapter:1537	1.0
NG_011631.1	python_raw	adapter_corrected	exact	NG_011631.1:raw:1538	NG_011631.1:adapter:1538	1.0
NG_011631.1	python_raw	adapter_corrected	exact	NG_011631.1:raw:1539	NG_011631.1:adapter:1539	1.0
NG_011631.1	python_raw	adapter_corrected	exact	NG_011631.1:raw:154	NG_011631.1:adapter:154	1.0
NG_011631.1	python_raw	adapter_corrected	exact	NG_011631.1:raw:1540	NG_011631.1:adapter:1540	1.0
NG_011631.1	python_raw	adapter_corrected	exact	NG_011631.1:raw:1541	NG_011631.1:adapter:1541	1.0
NG_011631.1	python_raw	adapter_corrected	exact	NG_011631.1:raw:1542	NG_011631.1:adapter:1542	1.0
NG_011631.1	python_raw	adapter_corrected	exact	NG_011631.1:raw:1543	NG_011631.1:adapter:1543	1.0
NG_011631.1	python_raw	adapter_corrected	exact	NG_011631.1:raw:1544	NG_011631.1:adapter:1544	1.0
NG_011631.1	python_raw	adapter_corrected	exact	NG_011631.1:raw:1545	NG_011631.1:adapter:1545	1.0
NG_011631.1	python_raw	adapter_corrected	exact	NG_011631.1:raw:1546	NG_011631.1:adapter:1546	1.0
NG_011631.1	python_raw	adapter_corrected	exact	NG_011631.1:raw:1547	NG_011631.1:adapter:1547	1.0
NG_011631.1	python_raw	adapter_corrected	exact	NG_011631.1:raw:1548	NG_011631.1:adapter:1548	1.0
NG_011631.1	python_raw	adapter_corrected	exact	NG_011631.1:raw:1549	NG_011631.1:adapter:1549	1.0
NG_011631.1	python_raw	adapter_corrected	exact	NG_011631.1:raw:155	NG_011631.1:adapter:155	1.0
NG_011631.1	python_raw	adapter_corrected	exact	NG_011631.1:raw:1550	NG_011631.1:adapter:1550	1.0
NG_011631.1	python_raw	adapter_corrected	exact	NG_011631.1:raw:1551	NG_011631.1:adapter:1551	1.0
NG_011631.1	python_raw	adapter_corrected	exact	NG_011631.1:raw:1552	NG_011631.1:adapter:1552	1.0
NG_011631.1	python_raw	adapter_corrected	exact	NG_011631.1:raw:1553	NG_011631.1:adapter:1553	1.0
NG_011631.1	python_raw	adapter_corrected	exact	NG_011631.1:raw:1554	NG_011631.1:adapter:1554	1.0
NG_011631.1	python_raw	adapter_corrected	exact	NG_011631.1:raw:1555	NG_011631.1:adapter:1555	1.0
NG_011631.1	python_raw	adapter_corrected	exact	NG_011631.1:raw:1556	NG_011631.1:adapter:1556	1.0
NG_011631.1	python_raw	adapter_corrected	exact	NG_011631.1:raw:1557	NG_011631.1:adapter:1557	1.0
NG_011631.1	python_raw	adapter_corrected	exact	NG_011631.1:raw:1558	NG_011631.1:adapter:1558	1.0
NG_011631.1	python_raw	adapter_corrected	exact	NG_011631.1:raw:1559	NG_011631.1:adapter:1559	1.0
NG_011631.1	python_raw	adapter_corrected	exact	NG_011631.1:raw:156	NG_011631.1:adapter:156	1.0
NG_011631.1	python_raw	adapter_corrected	exact	NG_011631.1:raw:1560	NG_011631.1:adapter:1560	1.0
NG_011631.1	python_raw	adapter_corrected	exact	NG_011631.1:raw:1561	NG_011631.1:adapter:1561	1.0
NG_011631.1	python_raw	adapter_corrected	exact	NG_011631.1:raw:1562	NG_011631.1:adapter:1562	1.0
NG_011631.1	python_raw	adapter_corrected	exact	NG_011631.1:raw:1563	NG_011631.1:adapter:1563	1.0
NG_011631.1	python_raw	adapter_corrected	exact	NG_011631.1:raw:1564	NG_011631.1:adapter:1564	1.0
NG_011631.1	python_raw	adapter_corrected	exact	NG_011631.1:raw:1565	NG_011631.1:adapter:1565	1.0
NG_011631.1	python_raw	adapter_corrected	exact	NG_011631.1:raw:1566	NG_011631.1:adapter:1566	1.0
NG_011631.1	python_raw	adapter_corrected	exact	NG_011631.1:raw:1567	NG_011631.1:adapter:1567	1.0
NG_011631.1	python_raw	adapter_corrected	exact	NG_011631.1:raw:1568	NG_011631.1:adapter:1568	1.0
NG_011631.1	python_raw	adapter_corrected	exact	NG_011631.1:raw:1569	NG_011631.1:adapter:1569	1.0
NG_011631.1	python_raw	adapter_corrected	exact	NG_011631.1:raw:157	NG_011631.1:adapter:157	1.0
NG_011631.1	python_raw	adapter_corrected	exact	NG_011631.1:raw:1570	NG_011631.1:adapter:1570	1.0
NG_011631.1	python_raw	adapter_corrected	exact	NG_011631.1:raw:1571	NG_011631.1:adapter:1571	1.0
NG_011631.1	python_raw	adapter_corrected	exact	NG_011631.1:raw:1572	NG_011631.1:adapter:1572	1.0
NG_011631.1	python_raw	adapter_corrected	exact	NG_011631.1:raw:1573	NG_011631.1:adapter:1573	1.0
NG_011631.1	python_raw	adapter_corrected	exact	NG_011631.1:raw:1574	NG_011631.1:adapter:1574	1.0
NG_011631.1	python_raw	adapter_corrected	exact	NG_011631.1:raw:1575	NG_011631.1:adapter:1575	1.0
NG_011631.1	python_raw	adapter_corrected	exact	NG_011631.1:raw:1576	NG_011631.1:adapter:1576	1.0
NG_011631.1	python_raw	adapter_corrected	exact	NG_011631.1:raw:1577	NG_011631.1:adapter:1577	1.0
NG_011631.1	python_raw	adapter_corrected	exact	NG_011631.1:raw:1578	NG_011631.1:adapter:1578	1.0
NG_011631.1	python_raw	adapter_corrected	exact	NG_011631.1:raw:1579	NG_011631.1:adapter:1579	1.0
NG_011631.1	python_raw	adapter_corrected	exact	NG_011631.1:raw:158	NG_011631.1:adapter:158	1.0
NG_011631.1	python_raw	adapter_corrected	exact	NG_011631.1:raw:1580	NG_011631.1:adapter:1580	1.0
NG_011631.1	python_raw	adapter_corrected	exact	NG_011631.1:raw:1581	NG_011631.1:adapter:1581	1.0
NG_011631.1	python_raw	adapter_corrected	exact	NG_011631.1:raw:1582	NG_011631.1:adapter:1582	1.0
NG_011631.1	python_raw	adapter_corrected	exact	NG_011631.1:raw:1583	NG_011631.1:adapter:1583	1.0
NG_011631.1	python_raw	adapter_corrected	exact	NG_011631.1:raw:1584	NG_011631.1:adapter:1584	1.0
NG_011631.1	python_raw	adapter_corrected	exact	NG_011631.1:raw:1585	NG_011631.1:adapter:1585	1.0
NG_011631.1	python_raw	adapter_corrected	exact	NG_011631.1:raw:1586	NG_011631.1:adapter:1586	1.0
NG_011631.1	python_raw	adapter_corrected	exact	NG_011631.1:raw:1587	NG_011631.1:adapter:1587	1.0
NG_011631.1	python_raw	adapter_corrected	exact	NG_011631.1:raw:1588	NG_011631.1:adapter:1588	1.0
NG_011631.1	python_raw	adapter_corrected	exact	NG_011631.1:raw:1589	NG_011631.1:adapter:1589	1.0
NG_011631.1	python_raw	adapter_corrected	exact	NG_011631.1:raw:159	NG_011631.1:adapter:159	1.0
NG_011631.1	python_raw	adapter_corrected	exact	NG_011631.1:raw:1590	NG_011631.1:adapter:1590	1.0
NG_011631.1	python_raw	adapter_corrected	exact	NG_011631.1:raw:1591	NG_011631.1:adapter:1591	1.0
NG_011631.1	python_raw	adapter_corrected	exact	NG_011631.1:raw:1592	NG_011631.1:adapter:1592	1.0
NG_011631.1	python_raw	adapter_corrected	exact	NG_011631.1:raw:1593	NG_011631.1:adapter:1593	1.0
NG_011631.1	python_raw	adapter_corrected	exact	NG_011631.1:raw:1594	NG_011631.1:adapter:1594	1.0
NG_011631.1	python_raw	adapter_corrected	exact	NG_011631.1:raw:1595	NG_011631.1:adapter:1595	1.0
NG_011631.1	python_raw	adapter_corrected	exact	NG_011631.1:raw:1596	NG_011631.1:adapter:1596	1.0
NG_011631.1	python_raw	adapter_corrected	exact	NG_011631.1:raw:1597	NG_011631.1:adapter:1597	1.0
NG_011631.1	python_raw	adapter_corrected	exact	NG_011631.1:raw:1598	NG_011631.1:adapter:1598	1.0
NG_011631.1	python_raw	adapter_corrected	exact	NG_011631.1:raw:1599	NG_011631.1:adapter:1599	1.0
NG_011631.1	python_raw	adapter_corrected	exact	NG_011631.1:raw:16	NG_011631.1:adapter:16	1.0
NG_011631.1	python_raw	adapter_corrected	exact	NG_011631.1:raw:160	NG_011631.1:adapter:160	1.0
NG_011631.1	python_raw	adapter_corrected	exact	NG_011631.1:raw:1600	NG_011631.1:adapter:1600	1.0
NG_011631.1	python_raw	adapter_corrected	exact	NG_011631.1:raw:1601	NG_011631.1:adapter:1601	1.0
NG_011631.1	python_raw	adapter_corrected	exact	NG_011631.1:raw:1602	NG_011631.1:adapter:1602	1.0
NG_011631.1	python_raw	adapter_corrected	exact	NG_011631.1:raw:1603	NG_011631.1:adapter:1603	1.0
NG_011631.1	python_raw	adapter_corrected	exact	NG_011631.1:raw:1604	NG_011631.1:adapter:1604	1.0
NG_011631.1	python_raw	adapter_corrected	exact	NG_011631.1:raw:1605	NG_011631.1:adapter:1605	1.0
NG_011631.1	python_raw	adapter_corrected	exact	NG_011631.1:raw:1606	NG_011631.1:adapter:1606	1.0
NG_011631.1	python_raw	adapter_corrected	exact	NG_011631.1:raw:1607	NG_011631.1:adapter:1607	1.0
NG_011631.1	python_raw	adapter_corrected	exact	NG_011631.1:raw:1608	NG_011631.1:adapter:1608	1.0
NG_011631.1	python_raw	adapter_corrected	exact	NG_011631.1:raw:1609	NG_011631.1:adapter:1609	1.0
NG_011631.1	python_raw	adapter_corrected	exact	NG_011631.1:raw:161	NG_011631.1:adapter:161	1.0
NG_011631.1	python_raw	adapter_corrected	exact	NG_011631.1:raw:1610	NG_011631.1:adapter:1610	1.0
NG_011631.1	python_raw	adapter_corrected	exact	NG_011631.1:raw:1611	NG_011631.1:adapter:1611	1.0
NG_011631.1	python_raw	adapter_corrected	exact	NG_011631.1:raw:1612	NG_011631.1:adapter:1612	1.0
NG_011631.1	python_raw	adapter_corrected	exact	NG_011631.1:raw:1613	NG_011631.1:adapter:1613	1.0
NG_011631.1	python_raw	adapter_corrected	exact	NG_011631.1:raw:1614	NG_011631.1:adapter:1614	1.0
NG_011631.1	python_raw	adapter_corrected	exact	NG_011631.1:raw:1615	NG_011631.1:adapter:1615	1.0
NG_011631.1	python_raw	adapter_corrected	exact	NG_011631.1:raw:1616	NG_011631.1:adapter:1616	1.0
NG_011631.1	python_raw	adapter_corrected	exact	NG_011631.1:raw:1617	NG_011631.1:adapter:1617	1.0
NG_011631.1	python_raw	adapter_corrected	exact	NG_011631.1:raw:1618	NG_011631.1:adapter:1618	1.0
NG_011631.1	python_raw	adapter_corrected	exact	NG_011631.1:raw:1619	NG_011631.1:adapter:1619	1.0
NG_011631.1	python_raw	adapter_corrected	exact	NG_011631.1:raw:162	NG_011631.1:adapter:162	1.0
NG_011631.1	python_raw	adapter_corrected	exact	NG_011631.1:raw:1620	NG_011631.1:adapter:1620	1.0
NG_011631.1	python_raw	adapter_corrected	exact	NG_011631.1:raw:1621	NG_011631.1:adapter:1621	1.0
NG_011631.1	python_raw	adapter_corrected	exact	NG_011631.1:raw:1622	NG_011631.1:adapter:1622	1.0
NG_011631.1	python_raw	adapter_corrected	exact	NG_011631.1:raw:1623	NG_011631.1:adapter:1623	1.0
NG_011631.1	python_raw	adapter_corrected	exact	NG_011631.1:raw:1624	NG_011631.1:adapter:1624	1.0
NG_011631.1	python_raw	adapter_corrected	exact	NG_011631.1:raw:1625	NG_011631.1:adapter:1625	1.0
NG_011631.1	python_raw	adapter_corrected	exact	NG_011631.1:raw:1626	NG_011631.1:adapter:1626	1.0
NG_011631.1	python_raw	adapter_corrected	exact	NG_011631.1:raw:1627	NG_011631.1:adapter:1627	1.0
NG_011631.1	python_raw	adapter_corrected	exact	NG_011631.1:raw:1628	NG_011631.1:adapter:1628	1.0
NG_011631.1	python_raw	adapter_corrected	exact	NG_011631.1:raw:1629	NG_011631.1:adapter:1629	1.0
NG_011631.1	python_raw	adapter_corrected	exact	NG_011631.1:raw:163	NG_011631.1:adapter:163	1.0
NG_011631.1	python_raw	adapter_corrected	exact	NG_011631.1:raw:1630	NG_011631.1:adapter:1630	1.0
NG_011631.1	python_raw	adapter_corrected	exact	NG_011631.1:raw:1631	NG_011631.1:adapter:1631	1.0
NG_011631.1	python_raw	adapter_corrected	exact	NG_011631.1:raw:1632	NG_011631.1:adapter:1632	1.0
NG_011631.1	python_raw	adapter_corrected	exact	NG_011631.1:raw:1633	NG_011631.1:adapter:1633	1.0
NG_011631.1	python_raw	adapter_corrected	exact	NG_011631.1:raw:1634	NG_011631.1:adapter:1634	1.0
NG_011631.1	python_raw	adapter_corrected	exact	NG_011631.1:raw:1635	NG_011631.1:adapter:1635	1.0
NG_011631.1	python_raw	adapter_corrected	exact	NG_011631.1:raw:1636	NG_011631.1:adapter:1636	1.0
NG_011631.1	python_raw	adapter_corrected	exact	NG_011631.1:raw:1637	NG_011631.1:adapter:1637	1.0
NG_011631.1	python_raw	adapter_corrected	exact	NG_011631.1:raw:1638	NG_011631.1:adapter:1638	1.0
NG_011631.1	python_raw	adapter_corrected	exact	NG_011631.1:raw:1639	NG_011631.1:adapter:1639	1.0
NG_011631.1	python_raw	adapter_corrected	exact	NG_011631.1:raw:164	NG_011631.1:adapter:164	1.0
NG_011631.1	python_raw	adapter_corrected	exact	NG_011631.1:raw:1640	NG_011631.1:adapter:1640	1.0
NG_011631.1	python_raw	adapter_corrected	exact	NG_011631.1:raw:1641	NG_011631.1:adapter:1641	1.0
NG_011631.1	python_raw	adapter_corrected	exact	NG_011631.1:raw:1642	NG_011631.1:adapter:1642	1.0
NG_011631.1	python_raw	adapter_corrected	exact	NG_011631.1:raw:1643	NG_011631.1:adapter:1643	1.0
NG_011631.1	python_raw	adapter_corrected	exact	NG_011631.1:raw:1644	NG_011631.1:adapter:1644	1.0
NG_011631.1	python_raw	adapter_corrected	exact	NG_011631.1:raw:1645	NG_011631.1:adapter:1645	1.0
NG_011631.1	python_raw	adapter_corrected	exact	NG_011631.1:raw:1646	NG_011631.1:adapter:1646	1.0
NG_011631.1	python_raw	adapter_corrected	exact	NG_011631.1:raw:1647	NG_011631.1:adapter:1647	1.0
NG_011631.1	python_raw	adapter_corrected	exact	NG_011631.1:raw:1648	NG_011631.1:adapter:1648	1.0
NG_011631.1	python_raw	adapter_corrected	exact	NG_011631.1:raw:1649	NG_011631.1:adapter:1649	1.0
NG_011631.1	python_raw	adapter_corrected	exact	NG_011631.1:raw:165	NG_011631.1:adapter:165	1.0
NG_011631.1	python_raw	adapter_corrected	exact	NG_011631.1:raw:1650	NG_011631.1:adapter:1650	1.0
NG_011631.1	python_raw	adapter_corrected	exact	NG_011631.1:raw:1651	NG_011631.1:adapter:1651	1.0
NG_011631.1	python_raw	adapter_corrected	exact	NG_011631.1:raw:1652	NG_011631.1:adapter:1652	1.0
NG_011631.1	python_raw	adapter_corrected	exact	NG_011631.1:raw:1653	NG_011631.1:adapter:1653	1.0
NG_011631.1	python_raw	adapter_corrected	exact	NG_011631.1:raw:1654	NG_011631.1:adapter:1654	1.0
NG_011631.1	python_raw	adapter_corrected	exact	NG_011631.1:raw:1655	NG_011631.1:adapter:1655	1.0
NG_011631.1	python_raw	adapter_corrected	exact	NG_011631.1:raw:1656	NG_011631.1:adapter:1656	1.0
NG_011631.1	python_raw	adapter_corrected	exact	NG_011631.1:raw:1657	NG_011631.1:adapter:1657	1.0
NG_011631.1	python_raw	adapter_corrected	exact	NG_011631.1:raw:1658	NG_011631.1:adapter:1658	1.0
NG_011631.1	python_raw	adapter_corrected	exact	NG_011631.1:raw:1659	NG_011631.1:adapter:1659	1.0
NG_011631.1	python_raw	adapter_corrected	exact	NG_011631.1:raw:166	NG_011631.1:adapter:166	1.0
NG_011631.1	python_raw	adapter_corrected	exact	NG_011631.1:raw:1660	NG_011631.1:adapter:1660	1.0
NG_011631.1	python_raw	adapter_corrected	exact	NG_011631.1:raw:1661	NG_011631.1:adapter:1661	1.0
NG_011631.1	python_raw	adapter_corrected	exact	NG_011631.1:raw:1662	NG_011631.1:adapter:1662	1.0
NG_011631.1	python_raw	adapter_corrected	exact	NG_011631.1:raw:1663	NG_011631.1:adapter:1663	1.0
NG_011631.1	python_raw	adapter_corrected	exact	NG_011631.1:raw:1664	NG_011631.1:adapter:1664	1.0
NG_011631.1	python_raw	adapter_corrected	exact	NG_011631.1:raw:1665	NG_011631.1:adapter:1665	1.0
NG_011631.1	python_raw	adapter_corrected	exact	NG_011631.1:raw:1666	NG_011631.1:adapter:1666	1.0
NG_011631.1	python_raw	adapter_corrected	exact	NG_011631.1:raw:1667	NG_011631.1:adapter:1667	1.0
NG_011631.1	python_raw	adapter_corrected	exact	NG_011631.1:raw:1668	NG_011631.1:adapter:1668	1.0
NG_011631.1	python_raw	adapter_corrected	exact	NG_011631.1:raw:1669	NG_011631.1:adapter:1669	1.0
NG_011631.1	python_raw	adapter_corrected	exact	NG_011631.1:raw:167	NG_011631.1:adapter:167	1.0
NG_011631.1	python_raw	adapter_corrected	exact	NG_011631.1:raw:1670	NG_011631.1:adapter:1670	1.0
NG_011631.1	python_raw	adapter_corrected	exact	NG_011631.1:raw:1671	NG_011631.1:adapter:1671	1.0
NG_011631.1	python_raw	adapter_corrected	exact	NG_011631.1:raw:1672	NG_011631.1:adapter:1672	1.0
NG_011631.1	python_raw	adapter_corrected	exact	NG_011631.1:raw:1673	NG_011631.1:adapter:1673	1.0
NG_011631.1	python_raw	adapter_corrected	exact	NG_011631.1:raw:1674	NG_011631.1:adapter:1674	1.0
NG_011631.1	python_raw	adapter_corrected	exact	NG_011631.1:raw:1675	NG_011631.1:adapter:1675	1.0
NG_011631.1	python_raw	adapter_corrected	exact	NG_011631.1:raw:1676	NG_011631.1:adapter:1676	1.0
NG_011631.1	python_raw	adapter_corrected	exact	NG_011631.1:raw:1677	NG_011631.1:adapter:1677	1.0
NG_011631.1	python_raw	adapter_corrected	exact	NG_011631.1:raw:1678	NG_011631.1:adapter:1678	1.0
NG_011631.1	python_raw	adapter_corrected	exact	NG_011631.1:raw:1679	NG_011631.1:adapter:1679	1.0
NG_011631.1	python_raw	adapter_corrected	exact	NG_011631.1:raw:168	NG_011631.1:adapter:168	1.0
NG_011631.1	python_raw	adapter_corrected	exact	NG_011631.1:raw:1680	NG_011631.1:adapter:1680	1.0
NG_011631.1	python_raw	adapter_corrected	exact	NG_011631.1:raw:1681	NG_011631.1:adapter:1681	1.0
NG_011631.1	python_raw	adapter_corrected	exact	NG_011631.1:raw:1682	NG_011631.1:adapter:1682	1.0
NG_011631.1	python_raw	adapter_corrected	exact	NG_011631.1:raw:1683	NG_011631.1:adapter:1683	1.0
NG_011631.1	python_raw	adapter_corrected	exact	NG_011631.1:raw:1684	NG_011631.1:adapter:1684	1.0
NG_011631.1	python_raw	adapter_corrected	exact	NG_011631.1:raw:1685	NG_011631.1:adapter:1685	1.0
NG_011631.1	python_raw	adapter_corrected	exact	NG_011631.1:raw:1686	NG_011631.1:adapter:1686	1.0
NG_011631.1	python_raw	adapter_corrected	exact	NG_011631.1:raw:1687	NG_011631.1:adapter:1687	1.0
NG_011631.1	python_raw	adapter_corrected	exact	NG_011631.1:raw:1688	NG_011631.1:adapter:1688	1.0
NG_011631.1	python_raw	adapter_corrected	exact	NG_011631.1:raw:1689	NG_011631.1:adapter:1689	1.0
NG_011631.1	python_raw	adapter_corrected	exact	NG_011631.1:raw:169	NG_011631.1:adapter:169	1.0
NG_011631.1	python_raw	adapter_corrected	exact	NG_011631.1:raw:1690	NG_011631.1:adapter:1690	1.0
NG_011631.1	python_raw	adapter_corrected	exact	NG_011631.1:raw:1691	NG_011631.1:adapter:1691	1.0
NG_011631.1	python_raw	adapter_corrected	exact	NG_011631.1:raw:1692	NG_011631.1:adapter:1692	1.0
NG_011631.1	python_raw	adapter_corrected	exact	NG_011631.1:raw:1693	NG_011631.1:adapter:1693	1.0
NG_011631.1	python_raw	adapter_corrected	exact	NG_011631.1:raw:1694	NG_011631.1:adapter:1694	1.0
NG_011631.1	python_raw	adapter_corrected	exact	NG_011631.1:raw:1695	NG_011631.1:adapter:1695	1.0
NG_011631.1	python_raw	adapter_corrected	exact	NG_011631.1:raw:1696	NG_011631.1:adapter:1696	1.0
NG_011631.1	python_raw	adapter_corrected	exact	NG_011631.1:raw:1697	NG_011631.1:adapter:1697	1.0
NG_011631.1	python_raw	adapter_corrected	exact	NG_011631.1:raw:1698	NG_011631.1:adapter:1698	1.0
NG_011631.1	python_raw	adapter_corrected	exact	NG_011631.1:raw:1699	NG_011631.1:adapter:1699	1.0
NG_011631.1	python_raw	adapter_corrected	exact	NG_011631.1:raw:17	NG_011631.1:adapter:17	1.0
NG_011631.1	python_raw	adapter_corrected	exact	NG_011631.1:raw:170	NG_011631.1:adapter:170	1.0
NG_011631.1	python_raw	adapter_corrected	exact	NG_011631.1:raw:1700	NG_011631.1:adapter:1700	1.0
NG_011631.1	python_raw	adapter_corrected	exact	NG_011631.1:raw:1701	NG_011631.1:adapter:1701	1.0
NG_011631.1	python_raw	adapter_corrected	exact	NG_011631.1:raw:1702	NG_011631.1:adapter:1702	1.0
NG_011631.1	python_raw	adapter_corrected	exact	NG_011631.1:raw:1703	NG_011631.1:adapter:1703	1.0
NG_011631.1	python_raw	adapter_corrected	exact	NG_011631.1:raw:1704	NG_011631.1:adapter:1704	1.0
NG_011631.1	python_raw	adapter_corrected	exact	NG_011631.1:raw:1705	NG_011631.1:adapter:1705	1.0
NG_011631.1	python_raw	adapter_corrected	exact	NG_011631.1:raw:1706	NG_011631.1:adapter:1706	1.0
NG_011631.1	python_raw	adapter_corrected	exact	NG_011631.1:raw:1707	NG_011631.1:adapter:1707	1.0
NG_011631.1	python_raw	adapter_corrected	exact	NG_011631.1:raw:1708	NG_011631.1:adapter:1708	1.0
NG_011631.1	python_raw	adapter_corrected	exact	NG_011631.1:raw:1709	NG_011631.1:adapter:1709	1.0
NG_011631.1	python_raw	adapter_corrected	exact	NG_011631.1:raw:171	NG_011631.1:adapter:171	1.0
NG_011631.1	python_raw	adapter_corrected	exact	NG_011631.1:raw:1710	NG_011631.1:adapter:1710	1.0
NG_011631.1	python_raw	adapter_corrected	exact	NG_011631.1:raw:1711	NG_011631.1:adapter:1711	1.0
NG_011631.1	python_raw	adapter_corrected	exact	NG_011631.1:raw:1712	NG_011631.1:adapter:1712	1.0
NG_011631.1	python_raw	adapter_corrected	exact	NG_011631.1:raw:1713	NG_011631.1:adapter:1713	1.0
NG_011631.1	python_raw	adapter_corrected	exact	NG_011631.1:raw:1714	NG_011631.1:adapter:1714	1.0
NG_011631.1	python_raw	adapter_corrected	exact	NG_011631.1:raw:1715	NG_011631.1:adapter:1715	1.0
NG_011631.1	python_raw	adapter_corrected	exact	NG_011631.1:raw:1716	NG_011631.1:adapter:1716	1.0
NG_011631.1	python_raw	adapter_corrected	exact	NG_011631.1:raw:1717	NG_011631.1:adapter:1717	1.0
NG_011631.1	python_raw	adapter_corrected	exact	NG_011631.1:raw:1718	NG_011631.1:adapter:1718	1.0
NG_011631.1	python_raw	adapter_corrected	exact	NG_011631.1:raw:1719	NG_011631.1:adapter:1719	1.0
NG_011631.1	python_raw	adapter_corrected	exact	NG_011631.1:raw:172	NG_011631.1:adapter:172	1.0
NG_011631.1	python_raw	adapter_corrected	exact	NG_011631.1:raw:1720	NG_011631.1:adapter:1720	1.0
NG_011631.1	python_raw	adapter_corrected	exact	NG_011631.1:raw:1721	NG_011631.1:adapter:1721	1.0
NG_011631.1	python_raw	adapter_corrected	exact	NG_011631.1:raw:1722	NG_011631.1:adapter:1722	1.0
NG_011631.1	python_raw	adapter_corrected	exact	NG_011631.1:raw:1723	NG_011631.1:adapter:1723	1.0
NG_011631.1	python_raw	adapter_corrected	exact	NG_011631.1:raw:1724	NG_011631.1:adapter:1724	1.0
NG_011631.1	python_raw	adapter_corrected	exact	NG_011631.1:raw:1725	NG_011631.1:adapter:1725	1.0
NG_011631.1	python_raw	adapter_corrected	exact	NG_011631.1:raw:1726	NG_011631.1:adapter:1726	1.0
NG_011631.1	python_raw	adapter_corrected	exact	NG_011631.1:raw:1727	NG_011631.1:adapter:1727	1.0
NG_011631.1	python_raw	adapter_corrected	exact	NG_011631.1:raw:1728	NG_011631.1:adapter:1728	1.0
NG_011631.1	python_raw	adapter_corrected	exact	NG_011631.1:raw:1729	NG_011631.1:adapter:1729	1.0
NG_011631.1	python_raw	adapter_corrected	exact	NG_011631.1:raw:173	NG_011631.1:adapter:173	1.0
NG_011631.1	python_raw	adapter_corrected	exact	NG_011631.1:raw:1730	NG_011631.1:adapter:1730	1.0
NG_011631.1	python_raw	adapter_corrected	exact	NG_011631.1:raw:1731	NG_011631.1:adapter:1731	1.0
NG_011631.1	python_raw	adapter_corrected	exact	NG_011631.1:raw:1732	NG_011631.1:adapter:1732	1.0
NG_011631.1	python_raw	adapter_corrected	exact	NG_011631.1:raw:1733	NG_011631.1:adapter:1733	1.0
NG_011631.1	python_raw	adapter_corrected	exact	NG_011631.1:raw:1734	NG_011631.1:adapter:1734	1.0
NG_011631.1	python_raw	adapter_corrected	exact	NG_011631.1:raw:1735	NG_011631.1:adapter:1735	1.0
NG_011631.1	python_raw	adapter_corrected	exact	NG_011631.1:raw:1736	NG_011631.1:adapter:1736	1.0
NG_011631.1	python_raw	adapter_corrected	exact	NG_011631.1:raw:1737	NG_011631.1:adapter:1737	1.0
NG_011631.1	python_raw	adapter_corrected	exact	NG_011631.1:raw:1738	NG_011631.1:adapter:1738	1.0
NG_011631.1	python_raw	adapter_corrected	exact	NG_011631.1:raw:1739	NG_011631.1:adapter:1739	1.0
NG_011631.1	python_raw	adapter_corrected	exact	NG_011631.1:raw:174	NG_011631.1:adapter:174	1.0
NG_011631.1	python_raw	adapter_corrected	exact	NG_011631.1:raw:1740	NG_011631.1:adapter:1740	1.0
NG_011631.1	python_raw	adapter_corrected	exact	NG_011631.1:raw:1741	NG_011631.1:adapter:1741	1.0
NG_011631.1	python_raw	adapter_corrected	exact	NG_011631.1:raw:1742	NG_011631.1:adapter:1742	1.0
NG_011631.1	python_raw	adapter_corrected	exact	NG_011631.1:raw:1743	NG_011631.1:adapter:1743	1.0
NG_011631.1	python_raw	adapter_corrected	exact	NG_011631.1:raw:1744	NG_011631.1:adapter:1744	1.0
NG_011631.1	python_raw	adapter_corrected	exact	NG_011631.1:raw:1745	NG_011631.1:adapter:1745	1.0
NG_011631.1	python_raw	adapter_corrected	exact	NG_011631.1:raw:1746	NG_011631.1:adapter:1746	1.0
NG_011631.1	python_raw	adapter_corrected	exact	NG_011631.1:raw:1747	NG_011631.1:adapter:1747	1.0
NG_011631.1	python_raw	adapter_corrected	exact	NG_011631.1:raw:1748	NG_011631.1:adapter:1748	1.0
NG_011631.1	python_raw	adapter_corrected	exact	NG_011631.1:raw:1749	NG_011631.1:adapter:1749	1.0
NG_011631.1	python_raw	adapter_corrected	exact	NG_011631.1:raw:175	NG_011631.1:adapter:175	1.0
NG_011631.1	python_raw	adapter_corrected	exact	NG_011631.1:raw:1750	NG_011631.1:adapter:1750	1.0
NG_011631.1	python_raw	adapter_corrected	exact	NG_011631.1:raw:1751	NG_011631.1:adapter:1751	1.0
NG_011631.1	python_raw	adapter_corrected	exact	NG_011631.1:raw:1752	NG_011631.1:adapter:1752	1.0
NG_011631.1	python_raw	adapter_corrected	exact	NG_011631.1:raw:1753	NG_011631.1:adapter:1753	1.0
NG_011631.1	python_raw	adapter_corrected	exact	NG_011631.1:raw:1754	NG_011631.1:adapter:1754	1.0
NG_011631.1	python_raw	adapter_corrected	exact	NG_011631.1:raw:1755	NG_011631.1:adapter:1755	1.0
NG_011631.1	python_raw	adapter_corrected	exact	NG_011631.1:raw:1756	NG_011631.1:adapter:1756	1.0
NG_011631.1	python_raw	adapter_corrected	exact	NG_011631.1:raw:1757	NG_011631.1:adapter:1757	1.0
NG_011631.1	python_raw	adapter_corrected	exact	NG_011631.1:raw:1758	NG_011631.1:adapter:1758	1.0
NG_011631.1	python_raw	adapter_corrected	exact	NG_011631.1:raw:1759	NG_011631.1:adapter:1759	1.0
NG_011631.1	python_raw	adapter_corrected	exact	NG_011631.1:raw:176	NG_011631.1:adapter:176	1.0
NG_011631.1	python_raw	adapter_corrected	exact	NG_011631.1:raw:1760	NG_011631.1:adapter:1760	1.0
NG_011631.1	python_raw	adapter_corrected	exact	NG_011631.1:raw:1761	NG_011631.1:adapter:1761	1.0
NG_011631.1	python_raw	adapter_corrected	exact	NG_011631.1:raw:177	NG_011631.1:adapter:177	1.0
NG_011631.1	python_raw	adapter_corrected	exact	NG_011631.1:raw:178	NG_011631.1:adapter:178	1.0
NG_011631.1	python_raw	adapter_corrected	exact	NG_011631.1:raw:179	NG_011631.1:adapter:179	1.0
NG_011631.1	python_raw	adapter_corrected	exact	NG_011631.1:raw:18	NG_011631.1:adapter:18	1.0
NG_011631.1	python_raw	adapter_corrected	exact	NG_011631.1:raw:180	NG_011631.1:adapter:180	1.0
NG_011631.1	python_raw	adapter_corrected	exact	NG_011631.1:raw:181	NG_011631.1:adapter:181	1.0
NG_011631.1	python_raw	adapter_corrected	exact	NG_011631.1:raw:182	NG_011631.1:adapter:182	1.0
NG_011631.1	python_raw	adapter_corrected	exact	NG_011631.1:raw:183	NG_011631.1:adapter:183	1.0
NG_011631.1	python_raw	adapter_corrected	exact	NG_011631.1:raw:184	NG_011631.1:adapter:184	1.0
NG_011631.1	python_raw	adapter_corrected	exact	NG_011631.1:raw:185	NG_011631.1:adapter:185	1.0
NG_011631.1	python_raw	adapter_corrected	exact	NG_011631.1:raw:186	NG_011631.1:adapter:186	1.0
NG_011631.1	python_raw	adapter_corrected	exact	NG_011631.1:raw:187	NG_011631.1:adapter:187	1.0
NG_011631.1	python_raw	adapter_corrected	exact	NG_011631.1:raw:188	NG_011631.1:adapter:188	1.0
NG_011631.1	python_raw	adapter_corrected	exact	NG_011631.1:raw:189	NG_011631.1:adapter:189	1.0
NG_011631.1	python_raw	adapter_corrected	exact	NG_011631.1:raw:19	NG_011631.1:adapter:19	1.0
NG_011631.1	python_raw	adapter_corrected	exact	NG_011631.1:raw:190	NG_011631.1:adapter:190	1.0
NG_011631.1	python_raw	adapter_corrected	exact	NG_011631.1:raw:191	NG_011631.1:adapter:191	1.0
NG_011631.1	python_raw	adapter_corrected	exact	NG_011631.1:raw:192	NG_011631.1:adapter:192	1.0
NG_011631.1	python_raw	adapter_corrected	exact	NG_011631.1:raw:193	NG_011631.1:adapter:193	1.0
NG_011631.1	python_raw	adapter_corrected	exact	NG_011631.1:raw:194	NG_011631.1:adapter:194	1.0
NG_011631.1	python_raw	adapter_corrected	exact	NG_011631.1:raw:195	NG_011631.1:adapter:195	1.0
NG_011631.1	python_raw	adapter_corrected	exact	NG_011631.1:raw:196	NG_011631.1:adapter:196	1.0
NG_011631.1	python_raw	adapter_corrected	exact	NG_011631.1:raw:197	NG_011631.1:adapter:197	1.0
NG_011631.1	python_raw	adapter_corrected	exact	NG_011631.1:raw:198	NG_011631.1:adapter:198	1.0
NG_011631.1	python_raw	adapter_corrected	exact	NG_011631.1:raw:199	NG_011631.1:adapter:199	1.0
NG_011631.1	python_raw	adapter_corrected	exact	NG_011631.1:raw:2	NG_011631.1:adapter:2	1.0
NG_011631.1	python_raw	adapter_corrected	exact	NG_011631.1:raw:20	NG_011631.1:adapter:20	1.0
NG_011631.1	python_raw	adapter_corrected	exact	NG_011631.1:raw:200	NG_011631.1:adapter:200	1.0
NG_011631.1	python_raw	adapter_corrected	exact	NG_011631.1:raw:201	NG_011631.1:adapter:201	1.0
NG_011631.1	python_raw	adapter_corrected	exact	NG_011631.1:raw:202	NG_011631.1:adapter:202	1.0
NG_011631.1	python_raw	adapter_corrected	exact	NG_011631.1:raw:203	NG_011631.1:adapter:203	1.0
NG_011631.1	python_raw	adapter_corrected	exact	NG_011631.1:raw:204	NG_011631.1:adapter:204	1.0
NG_011631.1	python_raw	adapter_corrected	exact	NG_011631.1:raw:205	NG_011631.1:adapter:205	1.0
NG_011631.1	python_raw	adapter_corrected	exact	NG_011631.1:raw:206	NG_011631.1:adapter:206	1.0
NG_011631.1	python_raw	adapter_corrected	exact	NG_011631.1:raw:207	NG_011631.1:adapter:207	1.0
NG_011631.1	python_raw	adapter_corrected	exact	NG_011631.1:raw:208	NG_011631.1:adapter:208	1.0
NG_011631.1	python_raw	adapter_corrected	exact	NG_011631.1:raw:209	NG_011631.1:adapter:209	1.0
NG_011631.1	python_raw	adapter_corrected	exact	NG_011631.1:raw:21	NG_011631.1:adapter:21	1.0
NG_011631.1	python_raw	adapter_corrected	exact	NG_011631.1:raw:210	NG_011631.1:adapter:210	1.0
NG_011631.1	python_raw	adapter_corrected	exact	NG_011631.1:raw:211	NG_011631.1:adapter:211	1.0
NG_011631.1	python_raw	adapter_corrected	exact	NG_011631.1:raw:212	NG_011631.1:adapter:212	1.0
NG_011631.1	python_raw	adapter_corrected	exact	NG_011631.1:raw:213	NG_011631.1:adapter:213	1.0
NG_011631.1	python_raw	adapter_corrected	exact	NG_011631.1:raw:214	NG_011631.1:adapter:214	1.0
NG_011631.1	python_raw	adapter_corrected	exact	NG_011631.1:raw:215	NG_011631.1:adapter:215	1.0
NG_011631.1	python_raw	adapter_corrected	exact	NG_011631.1:raw:216	NG_011631.1:adapter:216	1.0
NG_011631.1	python_raw	adapter_corrected	exact	NG_011631.1:raw:217	NG_011631.1:adapter:217	1.0
NG_011631.1	python_raw	adapter_corrected	exact	NG_011631.1:raw:218	NG_011631.1:adapter:218	1.0
NG_011631.1	python_raw	adapter_corrected	exact	NG_011631.1:raw:219	NG_011631.1:adapter:219	1.0
NG_011631.1	python_raw	adapter_corrected	exact	NG_011631.1:raw:22	NG_011631.1:adapter:22	1.0
NG_011631.1	python_raw	adapter_corrected	exact	NG_011631.1:raw:220	NG_011631.1:adapter:220	1.0
NG_011631.1	python_raw	adapter_corrected	exact	NG_011631.1:raw:221	NG_011631.1:adapter:221	1.0
NG_011631.1	python_raw	adapter_corrected	exact	NG_011631.1:raw:222	NG_011631.1:adapter:222	1.0
NG_011631.1	python_raw	adapter_corrected	exact	NG_011631.1:raw:223	NG_011631.1:adapter:223	1.0
NG_011631.1	python_raw	adapter_corrected	exact	NG_011631.1:raw:224	NG_011631.1:adapter:224	1.0
NG_011631.1	python_raw	adapter_corrected	exact	NG_011631.1:raw:225	NG_011631.1:adapter:225	1.0
NG_011631.1	python_raw	adapter_corrected	exact	NG_011631.1:raw:226	NG_011631.1:adapter:226	1.0
NG_011631.1	python_raw	adapter_corrected	exact	NG_011631.1:raw:227	NG_011631.1:adapter:227	1.0
NG_011631.1	python_raw	adapter_corrected	exact	NG_011631.1:raw:228	NG_011631.1:adapter:228	1.0
NG_011631.1	python_raw	adapter_corrected	exact	NG_011631.1:raw:229	NG_011631.1:adapter:229	1.0
NG_011631.1	python_raw	adapter_corrected	exact	NG_011631.1:raw:23	NG_011631.1:adapter:23	1.0
NG_011631.1	python_raw	adapter_corrected	exact	NG_011631.1:raw:230	NG_011631.1:adapter:230	1.0
NG_011631.1	python_raw	adapter_corrected	exact	NG_011631.1:raw:231	NG_011631.1:adapter:231	1.0
NG_011631.1	python_raw	adapter_corrected	exact	NG_011631.1:raw:232	NG_011631.1:adapter:232	1.0
NG_011631.1	python_raw	adapter_corrected	exact	NG_011631.1:raw:233	NG_011631.1:adapter:233	1.0
NG_011631.1	python_raw	adapter_corrected	exact	NG_011631.1:raw:234	NG_011631.1:adapter:234	1.0
NG_011631.1	python_raw	adapter_corrected	exact	NG_011631.1:raw:235	NG_011631.1:adapter:235	1.0
NG_011631.1	python_raw	adapter_corrected	exact	NG_011631.1:raw:236	NG_011631.1:adapter:236	1.0
NG_011631.1	python_raw	adapter_corrected	exact	NG_011631.1:raw:237	NG_011631.1:adapter:237	1.0
NG_011631.1	python_raw	adapter_corrected	exact	NG_011631.1:raw:238	NG_011631.1:adapter:238	1.0
NG_011631.1	python_raw	adapter_corrected	exact	NG_011631.1:raw:239	NG_011631.1:adapter:239	1.0
NG_011631.1	python_raw	adapter_corrected	exact	NG_011631.1:raw:24	NG_011631.1:adapter:24	1.0
NG_011631.1	python_raw	adapter_corrected	exact	NG_011631.1:raw:240	NG_011631.1:adapter:240	1.0
NG_011631.1	python_raw	adapter_corrected	exact	NG_011631.1:raw:241	NG_011631.1:adapter:241	1.0
NG_011631.1	python_raw	adapter_corrected	exact	NG_011631.1:raw:242	NG_011631.1:adapter:242	1.0
NG_011631.1	python_raw	adapter_corrected	exact	NG_011631.1:raw:243	NG_011631.1:adapter:243	1.0
NG_011631.1	python_raw	adapter_corrected	exact	NG_011631.1:raw:244	NG_011631.1:adapter:244	1.0
NG_011631.1	python_raw	adapter_corrected	exact	NG_011631.1:raw:245	NG_011631.1:adapter:245	1.0
NG_011631.1	python_raw	adapter_corrected	exact	NG_011631.1:raw:246	NG_011631.1:adapter:246	1.0
NG_011631.1	python_raw	adapter_corrected	exact	NG_011631.1:raw:247	NG_011631.1:adapter:247	1.0
NG_011631.1	python_raw	adapter_corrected	exact	NG_011631.1:raw:248	NG_011631.1:adapter:248	1.0
NG_011631.1	python_raw	adapter_corrected	exact	NG_011631.1:raw:249	NG_011631.1:adapter:249	1.0
NG_011631.1	python_raw	adapter_corrected	exact	NG_011631.1:raw:25	NG_011631.1:adapter:25	1.0
NG_011631.1	python_raw	adapter_corrected	exact	NG_011631.1:raw:250	NG_011631.1:adapter:250	1.0
NG_011631.1	python_raw	adapter_corrected	exact	NG_011631.1:raw:251	NG_011631.1:adapter:251	1.0
NG_011631.1	python_raw	adapter_corrected	exact	NG_011631.1:raw:252	NG_011631.1:adapter:252	1.0
NG_011631.1	python_raw	adapter_corrected	exact	NG_011631.1:raw:253	NG_011631.1:adapter:253	1.0
NG_011631.1	python_raw	adapter_corrected	exact	NG_011631.1:raw:254	NG_011631.1:adapter:254	1.0
NG_011631.1	python_raw	adapter_corrected	exact	NG_011631.1:raw:255	NG_011631.1:adapter:255	1.0
NG_011631.1	python_raw	adapter_corrected	exact	NG_011631.1:raw:256	NG_011631.1:adapter:256	1.0
NG_011631.1	python_raw	adapter_corrected	exact	NG_011631.1:raw:257	NG_011631.1:adapter:257	1.0
NG_011631.1	python_raw	adapter_corrected	exact	NG_011631.1:raw:258	NG_011631.1:adapter:258	1.0
NG_011631.1	python_raw	adapter_corrected	exact	NG_011631.1:raw:259	NG_011631.1:adapter:259	1.0
NG_011631.1	python_raw	adapter_corrected	exact	NG_011631.1:raw:26	NG_011631.1:adapter:26	1.0
NG_011631.1	python_raw	adapter_corrected	exact	NG_011631.1:raw:260	NG_011631.1:adapter:260	1.0
NG_011631.1	python_raw	adapter_corrected	exact	NG_011631.1:raw:261	NG_011631.1:adapter:261	1.0
NG_011631.1	python_raw	adapter_corrected	exact	NG_011631.1:raw:262	NG_011631.1:adapter:262	1.0
NG_011631.1	python_raw	adapter_corrected	exact	NG_011631.1:raw:263	NG_011631.1:adapter:263	1.0
NG_011631.1	python_raw	adapter_corrected	exact	NG_011631.1:raw:264	NG_011631.1:adapter:264	1.0
NG_011631.1	python_raw	adapter_corrected	exact	NG_011631.1:raw:265	NG_011631.1:adapter:265	1.0
NG_011631.1	python_raw	adapter_corrected	exact	NG_011631.1:raw:266	NG_011631.1:adapter:266	1.0
NG_011631.1	python_raw	adapter_corrected	exact	NG_011631.1:raw:267	NG_011631.1:adapter:267	1.0
NG_011631.1	python_raw	adapter_corrected	exact	NG_011631.1:raw:268	NG_011631.1:adapter:268	1.0
NG_011631.1	python_raw	adapter_corrected	exact	NG_011631.1:raw:269	NG_011631.1:adapter:269	1.0
NG_011631.1	python_raw	adapter_corrected	exact	NG_011631.1:raw:27	NG_011631.1:adapter:27	1.0
NG_011631.1	python_raw	adapter_corrected	exact	NG_011631.1:raw:270	NG_011631.1:adapter:270	1.0
NG_011631.1	python_raw	adapter_corrected	exact	NG_011631.1:raw:271	NG_011631.1:adapter:271	1.0
NG_011631.1	python_raw	adapter_corrected	exact	NG_011631.1:raw:272	NG_011631.1:adapter:272	1.0
NG_011631.1	python_raw	adapter_corrected	exact	NG_011631.1:raw:273	NG_011631.1:adapter:273	1.0
NG_011631.1	python_raw	adapter_corrected	exact	NG_011631.1:raw:274	NG_011631.1:adapter:274	1.0
NG_011631.1	python_raw	adapter_corrected	exact	NG_011631.1:raw:275	NG_011631.1:adapter:275	1.0
NG_011631.1	python_raw	adapter_corrected	exact	NG_011631.1:raw:276	NG_011631.1:adapter:276	1.0
NG_011631.1	python_raw	adapter_corrected	exact	NG_011631.1:raw:277	NG_011631.1:adapter:277	1.0
NG_011631.1	python_raw	adapter_corrected	exact	NG_011631.1:raw:278	NG_011631.1:adapter:278	1.0
NG_011631.1	python_raw	adapter_corrected	exact	NG_011631.1:raw:279	NG_011631.1:adapter:279	1.0
NG_011631.1	python_raw	adapter_corrected	exact	NG_011631.1:raw:28	NG_011631.1:adapter:28	1.0
NG_011631.1	python_raw	adapter_corrected	exact	NG_011631.1:raw:280	NG_011631.1:adapter:280	1.0
NG_011631.1	python_raw	adapter_corrected	exact	NG_011631.1:raw:281	NG_011631.1:adapter:281	1.0
NG_011631.1	python_raw	adapter_corrected	exact	NG_011631.1:raw:282	NG_011631.1:adapter:282	1.0
NG_011631.1	python_raw	adapter_corrected	exact	NG_011631.1:raw:283	NG_011631.1:adapter:283	1.0
NG_011631.1	python_raw	adapter_corrected	exact	NG_011631.1:raw:284	NG_011631.1:adapter:284	1.0
NG_011631.1	python_raw	adapter_corrected	exact	NG_011631.1:raw:285	NG_011631.1:adapter:285	1.0
NG_011631.1	python_raw	adapter_corrected	exact	NG_011631.1:raw:286	NG_011631.1:adapter:286	1.0
NG_011631.1	python_raw	adapter_corrected	exact	NG_011631.1:raw:287	NG_011631.1:adapter:287	1.0
NG_011631.1	python_raw	adapter_corrected	exact	NG_011631.1:raw:288	NG_011631.1:adapter:288	1.0
NG_011631.1	python_raw	adapter_corrected	exact	NG_011631.1:raw:289	NG_011631.1:adapter:289	1.0
NG_011631.1	python_raw	adapter_corrected	exact	NG_011631.1:raw:29	NG_011631.1:adapter:29	1.0
NG_011631.1	python_raw	adapter_corrected	exact	NG_011631.1:raw:290	NG_011631.1:adapter:290	1.0
NG_011631.1	python_raw	adapter_corrected	exact	NG_011631.1:raw:291	NG_011631.1:adapter:291	1.0
NG_011631.1	python_raw	adapter_corrected	exact	NG_011631.1:raw:292	NG_011631.1:adapter:292	1.0
NG_011631.1	python_raw	adapter_corrected	exact	NG_011631.1:raw:293	NG_011631.1:adapter:293	1.0
NG_011631.1	python_raw	adapter_corrected	exact	NG_011631.1:raw:294	NG_011631.1:adapter:294	1.0
NG_011631.1	python_raw	adapter_corrected	exact	NG_011631.1:raw:295	NG_011631.1:adapter:295	1.0
NG_011631.1	python_raw	adapter_corrected	exact	NG_011631.1:raw:296	NG_011631.1:adapter:296	1.0
NG_011631.1	python_raw	adapter_corrected	exact	NG_011631.1:raw:297	NG_011631.1:adapter:297	1.0
NG_011631.1	python_raw	adapter_corrected	exact	NG_011631.1:raw:298	NG_011631.1:adapter:298	1.0
NG_011631.1	python_raw	adapter_corrected	exact	NG_011631.1:raw:299	NG_011631.1:adapter:299	1.0
NG_011631.1	python_raw	adapter_corrected	exact	NG_011631.1:raw:3	NG_011631.1:adapter:3	1.0
NG_011631.1	python_raw	adapter_corrected	exact	NG_011631.1:raw:30	NG_011631.1:adapter:30	1.0
NG_011631.1	python_raw	adapter_corrected	exact	NG_011631.1:raw:300	NG_011631.1:adapter:300	1.0
NG_011631.1	python_raw	adapter_corrected	exact	NG_011631.1:raw:301	NG_011631.1:adapter:301	1.0
NG_011631.1	python_raw	adapter_corrected	exact	NG_011631.1:raw:302	NG_011631.1:adapter:302	1.0
NG_011631.1	python_raw	adapter_corrected	exact	NG_011631.1:raw:303	NG_011631.1:adapter:303	1.0
NG_011631.1	python_raw	adapter_corrected	exact	NG_011631.1:raw:304	NG_011631.1:adapter:304	1.0
NG_011631.1	python_raw	adapter_corrected	exact	NG_011631.1:raw:305	NG_011631.1:adapter:305	1.0
NG_011631.1	python_raw	adapter_corrected	exact	NG_011631.1:raw:306	NG_011631.1:adapter:306	1.0
NG_011631.1	python_raw	adapter_corrected	exact	NG_011631.1:raw:307	NG_011631.1:adapter:307	1.0
NG_011631.1	python_raw	adapter_corrected	exact	NG_011631.1:raw:308	NG_011631.1:adapter:308	1.0
NG_011631.1	python_raw	adapter_corrected	exact	NG_011631.1:raw:309	NG_011631.1:adapter:309	1.0
NG_011631.1	python_raw	adapter_corrected	exact	NG_011631.1:raw:31	NG_011631.1:adapter:31	1.0
NG_011631.1	python_raw	adapter_corrected	exact	NG_011631.1:raw:310	NG_011631.1:adapter:310	1.0
NG_011631.1	python_raw	adapter_corrected	exact	NG_011631.1:raw:311	NG_011631.1:adapter:311	1.0
NG_011631.1	python_raw	adapter_corrected	exact	NG_011631.1:raw:312	NG_011631.1:adapter:312	1.0
NG_011631.1	python_raw	adapter_corrected	exact	NG_011631.1:raw:313	NG_011631.1:adapter:313	1.0
NG_011631.1	python_raw	adapter_corrected	exact	NG_011631.1:raw:314	NG_011631.1:adapter:314	1.0
NG_011631.1	python_raw	adapter_corrected	exact	NG_011631.1:raw:315	NG_011631.1:adapter:315	1.0
NG_011631.1	python_raw	adapter_corrected	exact	NG_011631.1:raw:316	NG_011631.1:adapter:316	1.0
NG_011631.1	python_raw	adapter_corrected	exact	NG_011631.1:raw:317	NG_011631.1:adapter:317	1.0
NG_011631.1	python_raw	adapter_corrected	exact	NG_011631.1:raw:318	NG_011631.1:adapter:318	1.0
NG_011631.1	python_raw	adapter_corrected	exact	NG_011631.1:raw:319	NG_011631.1:adapter:319	1.0
NG_011631.1	python_raw	adapter_corrected	exact	NG_011631.1:raw:32	NG_011631.1:adapter:32	1.0
NG_011631.1	python_raw	adapter_corrected	exact	NG_011631.1:raw:320	NG_011631.1:adapter:320	1.0
NG_011631.1	python_raw	adapter_corrected	exact	NG_011631.1:raw:321	NG_011631.1:adapter:321	1.0
NG_011631.1	python_raw	adapter_corrected	exact	NG_011631.1:raw:322	NG_011631.1:adapter:322	1.0
NG_011631.1	python_raw	adapter_corrected	exact	NG_011631.1:raw:323	NG_011631.1:adapter:323	1.0
NG_011631.1	python_raw	adapter_corrected	exact	NG_011631.1:raw:324	NG_011631.1:adapter:324	1.0
NG_011631.1	python_raw	adapter_corrected	exact	NG_011631.1:raw:325	NG_011631.1:adapter:325	1.0
NG_011631.1	python_raw	adapter_corrected	exact	NG_011631.1:raw:326	NG_011631.1:adapter:326	1.0
NG_011631.1	python_raw	adapter_corrected	exact	NG_011631.1:raw:327	NG_011631.1:adapter:327	1.0
NG_011631.1	python_raw	adapter_corrected	exact	NG_011631.1:raw:328	NG_011631.1:adapter:328	1.0
NG_011631.1	python_raw	adapter_corrected	exact	NG_011631.1:raw:329	NG_011631.1:adapter:329	1.0
NG_011631.1	python_raw	adapter_corrected	exact	NG_011631.1:raw:33	NG_011631.1:adapter:33	1.0
NG_011631.1	python_raw	adapter_corrected	exact	NG_011631.1:raw:330	NG_011631.1:adapter:330	1.0
NG_011631.1	python_raw	adapter_corrected	exact	NG_011631.1:raw:331	NG_011631.1:adapter:331	1.0
NG_011631.1	python_raw	adapter_corrected	exact	NG_011631.1:raw:332	NG_011631.1:adapter:332	1.0
NG_011631.1	python_raw	adapter_corrected	exact	NG_011631.1:raw:333	NG_011631.1:adapter:333	1.0
NG_011631.1	python_raw	adapter_corrected	exact	NG_011631.1:raw:334	NG_011631.1:adapter:334	1.0
NG_011631.1	python_raw	adapter_corrected	exact	NG_011631.1:raw:335	NG_011631.1:adapter:335	1.0
NG_011631.1	python_raw	adapter_corrected	exact	NG_011631.1:raw:336	NG_011631.1:adapter:336	1.0
NG_011631.1	python_raw	adapter_corrected	exact	NG_011631.1:raw:337	NG_011631.1:adapter:337	1.0
NG_011631.1	python_raw	adapter_corrected	exact	NG_011631.1:raw:338	NG_011631.1:adapter:338	1.0
NG_011631.1	python_raw	adapter_corrected	exact	NG_011631.1:raw:339	NG_011631.1:adapter:339	1.0
NG_011631.1	python_raw	adapter_corrected	exact	NG_011631.1:raw:34	NG_011631.1:adapter:34	1.0
NG_011631.1	python_raw	adapter_corrected	exact	NG_011631.1:raw:340	NG_011631.1:adapter:340	1.0
NG_011631.1	python_raw	adapter_corrected	exact	NG_011631.1:raw:341	NG_011631.1:adapter:341	1.0
NG_011631.1	python_raw	adapter_corrected	exact	NG_011631.1:raw:342	NG_011631.1:adapter:342	1.0
NG_011631.1	python_raw	adapter_corrected	exact	NG_011631.1:raw:343	NG_011631.1:adapter:343	1.0
NG_011631.1	python_raw	adapter_corrected	exact	NG_011631.1:raw:344	NG_011631.1:adapter:344	1.0
NG_011631.1	python_raw	adapter_corrected	exact	NG_011631.1:raw:345	NG_011631.1:adapter:345	1.0
NG_011631.1	python_raw	adapter_corrected	exact	NG_011631.1:raw:346	NG_011631.1:adapter:346	1.0
NG_011631.1	python_raw	adapter_corrected	exact	NG_011631.1:raw:347	NG_011631.1:adapter:347	1.0
NG_011631.1	python_raw	adapter_corrected	exact	NG_011631.1:raw:348	NG_011631.1:adapter:348	1.0
NG_011631.1	python_raw	adapter_corrected	exact	NG_011631.1:raw:349	NG_011631.1:adapter:349	1.0
NG_011631.1	python_raw	adapter_corrected	exact	NG_011631.1:raw:35	NG_011631.1:adapter:35	1.0
NG_011631.1	python_raw	adapter_corrected	exact	NG_011631.1:raw:350	NG_011631.1:adapter:350	1.0
NG_011631.1	python_raw	adapter_corrected	exact	NG_011631.1:raw:351	NG_011631.1:adapter:351	1.0
NG_011631.1	python_raw	adapter_corrected	exact	NG_011631.1:raw:352	NG_011631.1:adapter:352	1.0
NG_011631.1	python_raw	adapter_corrected	exact	NG_011631.1:raw:353	NG_011631.1:adapter:353	1.0
NG_011631.1	python_raw	adapter_corrected	exact	NG_011631.1:raw:354	NG_011631.1:adapter:354	1.0
NG_011631.1	python_raw	adapter_corrected	exact	NG_011631.1:raw:355	NG_011631.1:adapter:355	1.0
NG_011631.1	python_raw	adapter_corrected	exact	NG_011631.1:raw:356	NG_011631.1:adapter:356	1.0
NG_011631.1	python_raw	adapter_corrected	exact	NG_011631.1:raw:357	NG_011631.1:adapter:357	1.0
NG_011631.1	python_raw	adapter_corrected	exact	NG_011631.1:raw:358	NG_011631.1:adapter:358	1.0
NG_011631.1	python_raw	adapter_corrected	exact	NG_011631.1:raw:359	NG_011631.1:adapter:359	1.0
NG_011631.1	python_raw	adapter_corrected	exact	NG_011631.1:raw:36	NG_011631.1:adapter:36	1.0
NG_011631.1	python_raw	adapter_corrected	exact	NG_011631.1:raw:360	NG_011631.1:adapter:360	1.0
NG_011631.1	python_raw	adapter_corrected	exact	NG_011631.1:raw:361	NG_011631.1:adapter:361	1.0
NG_011631.1	python_raw	adapter_corrected	exact	NG_011631.1:raw:362	NG_011631.1:adapter:362	1.0
NG_011631.1	python_raw	adapter_corrected	exact	NG_011631.1:raw:363	NG_011631.1:adapter:363	1.0
NG_011631.1	python_raw	adapter_corrected	exact	NG_011631.1:raw:364	NG_011631.1:adapter:364	1.0
NG_011631.1	python_raw	adapter_corrected	exact	NG_011631.1:raw:365	NG_011631.1:adapter:365	1.0
NG_011631.1	python_raw	adapter_corrected	exact	NG_011631.1:raw:366	NG_011631.1:adapter:366	1.0
NG_011631.1	python_raw	adapter_corrected	exact	NG_011631.1:raw:367	NG_011631.1:adapter:367	1.0
NG_011631.1	python_raw	adapter_corrected	exact	NG_011631.1:raw:368	NG_011631.1:adapter:368	1.0
NG_011631.1	python_raw	adapter_corrected	exact	NG_011631.1:raw:369	NG_011631.1:adapter:369	1.0
NG_011631.1	python_raw	adapter_corrected	exact	NG_011631.1:raw:37	NG_011631.1:adapter:37	1.0
NG_011631.1	python_raw	adapter_corrected	exact	NG_011631.1:raw:370	NG_011631.1:adapter:370	1.0
NG_011631.1	python_raw	adapter_corrected	exact	NG_011631.1:raw:371	NG_011631.1:adapter:371	1.0
NG_011631.1	python_raw	adapter_corrected	exact	NG_011631.1:raw:372	NG_011631.1:adapter:372	1.0
NG_011631.1	python_raw	adapter_corrected	exact	NG_011631.1:raw:373	NG_011631.1:adapter:373	1.0
NG_011631.1	python_raw	adapter_corrected	exact	NG_011631.1:raw:374	NG_011631.1:adapter:374	1.0
NG_011631.1	python_raw	adapter_corrected	exact	NG_011631.1:raw:375	NG_011631.1:adapter:375	1.0
NG_011631.1	python_raw	adapter_corrected	exact	NG_011631.1:raw:376	NG_011631.1:adapter:376	1.0
NG_011631.1	python_raw	adapter_corrected	exact	NG_011631.1:raw:377	NG_011631.1:adapter:377	1.0
NG_011631.1	python_raw	adapter_corrected	exact	NG_011631.1:raw:378	NG_011631.1:adapter:378	1.0
NG_011631.1	python_raw	adapter_corrected	exact	NG_011631.1:raw:379	NG_011631.1:adapter:379	1.0
NG_011631.1	python_raw	adapter_corrected	exact	NG_011631.1:raw:38	NG_011631.1:adapter:38	1.0
NG_011631.1	python_raw	adapter_corrected	exact	NG_011631.1:raw:380	NG_011631.1:adapter:380	1.0
NG_011631.1	python_raw	adapter_corrected	exact	NG_011631.1:raw:381	NG_011631.1:adapter:381	1.0
NG_011631.1	python_raw	adapter_corrected	exact	NG_011631.1:raw:382	NG_011631.1:adapter:382	1.0
NG_011631.1	python_raw	adapter_corrected	exact	NG_011631.1:raw:383	NG_011631.1:adapter:383	1.0
NG_011631.1	python_raw	adapter_corrected	exact	NG_011631.1:raw:384	NG_011631.1:adapter:384	1.0
NG_011631.1	python_raw	adapter_corrected	exact	NG_011631.1:raw:385	NG_011631.1:adapter:385	1.0
NG_011631.1	python_raw	adapter_corrected	exact	NG_011631.1:raw:386	NG_011631.1:adapter:386	1.0
NG_011631.1	python_raw	adapter_corrected	exact	NG_011631.1:raw:387	NG_011631.1:adapter:387	1.0
NG_011631.1	python_raw	adapter_corrected	exact	NG_011631.1:raw:388	NG_011631.1:adapter:388	1.0
NG_011631.1	python_raw	adapter_corrected	exact	NG_011631.1:raw:389	NG_011631.1:adapter:389	1.0
NG_011631.1	python_raw	adapter_corrected	exact	NG_011631.1:raw:39	NG_011631.1:adapter:39	1.0
NG_011631.1	python_raw	adapter_corrected	exact	NG_011631.1:raw:390	NG_011631.1:adapter:390	1.0
NG_011631.1	python_raw	adapter_corrected	exact	NG_011631.1:raw:391	NG_011631.1:adapter:391	1.0
NG_011631.1	python_raw	adapter_corrected	exact	NG_011631.1:raw:392	NG_011631.1:adapter:392	1.0
NG_011631.1	python_raw	adapter_corrected	exact	NG_011631.1:raw:393	NG_011631.1:adapter:393	1.0
NG_011631.1	python_raw	adapter_corrected	exact	NG_011631.1:raw:394	NG_011631.1:adapter:394	1.0
NG_011631.1	python_raw	adapter_corrected	exact	NG_011631.1:raw:395	NG_011631.1:adapter:395	1.0
NG_011631.1	python_raw	adapter_corrected	exact	NG_011631.1:raw:396	NG_011631.1:adapter:396	1.0
NG_011631.1	python_raw	adapter_corrected	exact	NG_011631.1:raw:397	NG_011631.1:adapter:397	1.0
NG_011631.1	python_raw	adapter_corrected	exact	NG_011631.1:raw:398	NG_011631.1:adapter:398	1.0
NG_011631.1	python_raw	adapter_corrected	exact	NG_011631.1:raw:399	NG_011631.1:adapter:399	1.0
NG_011631.1	python_raw	adapter_corrected	exact	NG_011631.1:raw:4	NG_011631.1:adapter:4	1.0
NG_011631.1	python_raw	adapter_corrected	exact	NG_011631.1:raw:40	NG_011631.1:adapter:40	1.0
NG_011631.1	python_raw	adapter_corrected	exact	NG_011631.1:raw:400	NG_011631.1:adapter:400	1.0
NG_011631.1	python_raw	adapter_corrected	exact	NG_011631.1:raw:401	NG_011631.1:adapter:401	1.0
NG_011631.1	python_raw	adapter_corrected	exact	NG_011631.1:raw:402	NG_011631.1:adapter:402	1.0
NG_011631.1	python_raw	adapter_corrected	exact	NG_011631.1:raw:403	NG_011631.1:adapter:403	1.0
NG_011631.1	python_raw	adapter_corrected	exact	NG_011631.1:raw:404	NG_011631.1:adapter:404	1.0
NG_011631.1	python_raw	adapter_corrected	exact	NG_011631.1:raw:405	NG_011631.1:adapter:405	1.0
NG_011631.1	python_raw	adapter_corrected	exact	NG_011631.1:raw:406	NG_011631.1:adapter:406	1.0
NG_011631.1	python_raw	adapter_corrected	exact	NG_011631.1:raw:407	NG_011631.1:adapter:407	1.0
NG_011631.1	python_raw	adapter_corrected	exact	NG_011631.1:raw:408	NG_011631.1:adapter:408	1.0
NG_011631.1	python_raw	adapter_corrected	exact	NG_011631.1:raw:409	NG_011631.1:adapter:409	1.0
NG_011631.1	python_raw	adapter_corrected	exact	NG_011631.1:raw:41	NG_011631.1:adapter:41	1.0
NG_011631.1	python_raw	adapter_corrected	exact	NG_011631.1:raw:410	NG_011631.1:adapter:410	1.0
NG_011631.1	python_raw	adapter_corrected	exact	NG_011631.1:raw:411	NG_011631.1:adapter:411	1.0
NG_011631.1	python_raw	adapter_corrected	exact	NG_011631.1:raw:412	NG_011631.1:adapter:412	1.0
NG_011631.1	python_raw	adapter_corrected	exact	NG_011631.1:raw:413	NG_011631.1:adapter:413	1.0
NG_011631.1	python_raw	adapter_corrected	exact	NG_011631.1:raw:414	NG_011631.1:adapter:414	1.0
NG_011631.1	python_raw	adapter_corrected	exact	NG_011631.1:raw:415	NG_011631.1:adapter:415	1.0
NG_011631.1	python_raw	adapter_corrected	exact	NG_011631.1:raw:416	NG_011631.1:adapter:416	1.0
NG_011631.1	python_raw	adapter_corrected	exact	NG_011631.1:raw:417	NG_011631.1:adapter:417	1.0
NG_011631.1	python_raw	adapter_corrected	exact	NG_011631.1:raw:418	NG_011631.1:adapter:418	1.0
NG_011631.1	python_raw	adapter_corrected	exact	NG_011631.1:raw:419	NG_011631.1:adapter:419	1.0
NG_011631.1	python_raw	adapter_corrected	exact	NG_011631.1:raw:42	NG_011631.1:adapter:42	1.0
NG_011631.1	python_raw	adapter_corrected	exact	NG_011631.1:raw:420	NG_011631.1:adapter:420	1.0
NG_011631.1	python_raw	adapter_corrected	exact	NG_011631.1:raw:421	NG_011631.1:adapter:421	1.0
NG_011631.1	python_raw	adapter_corrected	exact	NG_011631.1:raw:422	NG_011631.1:adapter:422	1.0
NG_011631.1	python_raw	adapter_corrected	exact	NG_011631.1:raw:423	NG_011631.1:adapter:423	1.0
NG_011631.1	python_raw	adapter_corrected	exact	NG_011631.1:raw:424	NG_011631.1:adapter:424	1.0
NG_011631.1	python_raw	adapter_corrected	exact	NG_011631.1:raw:425	NG_011631.1:adapter:425	1.0
NG_011631.1	python_raw	adapter_corrected	exact	NG_011631.1:raw:426	NG_011631.1:adapter:426	1.0
NG_011631.1	python_raw	adapter_corrected	exact	NG_011631.1:raw:427	NG_011631.1:adapter:427	1.0
NG_011631.1	python_raw	adapter_corrected	exact	NG_011631.1:raw:428	NG_011631.1:adapter:428	1.0
NG_011631.1	python_raw	adapter_corrected	exact	NG_011631.1:raw:429	NG_011631.1:adapter:429	1.0
NG_011631.1	python_raw	adapter_corrected	exact	NG_011631.1:raw:43	NG_011631.1:adapter:43	1.0
NG_011631.1	python_raw	adapter_corrected	exact	NG_011631.1:raw:430	NG_011631.1:adapter:430	1.0
NG_011631.1	python_raw	adapter_corrected	exact	NG_011631.1:raw:431	NG_011631.1:adapter:431	1.0
NG_011631.1	python_raw	adapter_corrected	exact	NG_011631.1:raw:432	NG_011631.1:adapter:432	1.0
NG_011631.1	python_raw	adapter_corrected	exact	NG_011631.1:raw:433	NG_011631.1:adapter:433	1.0
NG_011631.1	python_raw	adapter_corrected	exact	NG_011631.1:raw:434	NG_011631.1:adapter:434	1.0
NG_011631.1	python_raw	adapter_corrected	exact	NG_011631.1:raw:435	NG_011631.1:adapter:435	1.0
NG_011631.1	python_raw	adapter_corrected	exact	NG_011631.1:raw:436	NG_011631.1:adapter:436	1.0
NG_011631.1	python_raw	adapter_corrected	exact	NG_011631.1:raw:437	NG_011631.1:adapter:437	1.0
NG_011631.1	python_raw	adapter_corrected	exact	NG_011631.1:raw:438	NG_011631.1:adapter:438	1.0
NG_011631.1	python_raw	adapter_corrected	exact	NG_011631.1:raw:439	NG_011631.1:adapter:439	1.0
NG_011631.1	python_raw	adapter_corrected	exact	NG_011631.1:raw:44	NG_011631.1:adapter:44	1.0
NG_011631.1	python_raw	adapter_corrected	exact	NG_011631.1:raw:440	NG_011631.1:adapter:440	1.0
NG_011631.1	python_raw	adapter_corrected	exact	NG_011631.1:raw:441	NG_011631.1:adapter:441	1.0
NG_011631.1	python_raw	adapter_corrected	exact	NG_011631.1:raw:442	NG_011631.1:adapter:442	1.0
NG_011631.1	python_raw	adapter_corrected	exact	NG_011631.1:raw:443	NG_011631.1:adapter:443	1.0
NG_011631.1	python_raw	adapter_corrected	exact	NG_011631.1:raw:444	NG_011631.1:adapter:444	1.0
NG_011631.1	python_raw	adapter_corrected	exact	NG_011631.1:raw:445	NG_011631.1:adapter:445	1.0
NG_011631.1	python_raw	adapter_corrected	exact	NG_011631.1:raw:446	NG_011631.1:adapter:446	1.0
NG_011631.1	python_raw	adapter_corrected	exact	NG_011631.1:raw:447	NG_011631.1:adapter:447	1.0
NG_011631.1	python_raw	adapter_corrected	exact	NG_011631.1:raw:448	NG_011631.1:adapter:448	1.0
NG_011631.1	python_raw	adapter_corrected	exact	NG_011631.1:raw:449	NG_011631.1:adapter:449	1.0
NG_011631.1	python_raw	adapter_corrected	exact	NG_011631.1:raw:45	NG_011631.1:adapter:45	1.0
NG_011631.1	python_raw	adapter_corrected	exact	NG_011631.1:raw:450	NG_011631.1:adapter:450	1.0
NG_011631.1	python_raw	adapter_corrected	exact	NG_011631.1:raw:451	NG_011631.1:adapter:451	1.0
NG_011631.1	python_raw	adapter_corrected	exact	NG_011631.1:raw:452	NG_011631.1:adapter:452	1.0
NG_011631.1	python_raw	adapter_corrected	exact	NG_011631.1:raw:453	NG_011631.1:adapter:453	1.0
NG_011631.1	python_raw	adapter_corrected	exact	NG_011631.1:raw:454	NG_011631.1:adapter:454	1.0
NG_011631.1	python_raw	adapter_corrected	exact	NG_011631.1:raw:455	NG_011631.1:adapter:455	1.0
NG_011631.1	python_raw	adapter_corrected	exact	NG_011631.1:raw:456	NG_011631.1:adapter:456	1.0
NG_011631.1	python_raw	adapter_corrected	exact	NG_011631.1:raw:457	NG_011631.1:adapter:457	1.0
NG_011631.1	python_raw	adapter_corrected	exact	NG_011631.1:raw:458	NG_011631.1:adapter:458	1.0
NG_011631.1	python_raw	adapter_corrected	exact	NG_011631.1:raw:459	NG_011631.1:adapter:459	1.0
NG_011631.1	python_raw	adapter_corrected	exact	NG_011631.1:raw:46	NG_011631.1:adapter:46	1.0
NG_011631.1	python_raw	adapter_corrected	exact	NG_011631.1:raw:460	NG_011631.1:adapter:460	1.0
NG_011631.1	python_raw	adapter_corrected	exact	NG_011631.1:raw:461	NG_011631.1:adapter:461	1.0
NG_011631.1	python_raw	adapter_corrected	exact	NG_011631.1:raw:462	NG_011631.1:adapter:462	1.0
NG_011631.1	python_raw	adapter_corrected	exact	NG_011631.1:raw:463	NG_011631.1:adapter:463	1.0
NG_011631.1	python_raw	adapter_corrected	exact	NG_011631.1:raw:464	NG_011631.1:adapter:464	1.0
NG_011631.1	python_raw	adapter_corrected	exact	NG_011631.1:raw:465	NG_011631.1:adapter:465	1.0
NG_011631.1	python_raw	adapter_corrected	exact	NG_011631.1:raw:466	NG_011631.1:adapter:466	1.0
NG_011631.1	python_raw	adapter_corrected	exact	NG_011631.1:raw:467	NG_011631.1:adapter:467	1.0
NG_011631.1	python_raw	adapter_corrected	exact	NG_011631.1:raw:468	NG_011631.1:adapter:468	1.0
NG_011631.1	python_raw	adapter_corrected	exact	NG_011631.1:raw:469	NG_011631.1:adapter:469	1.0
NG_011631.1	python_raw	adapter_corrected	exact	NG_011631.1:raw:47	NG_011631.1:adapter:47	1.0
NG_011631.1	python_raw	adapter_corrected	exact	NG_011631.1:raw:470	NG_011631.1:adapter:470	1.0
NG_011631.1	python_raw	adapter_corrected	exact	NG_011631.1:raw:471	NG_011631.1:adapter:471	1.0
NG_011631.1	python_raw	adapter_corrected	exact	NG_011631.1:raw:472	NG_011631.1:adapter:472	1.0
NG_011631.1	python_raw	adapter_corrected	exact	NG_011631.1:raw:473	NG_011631.1:adapter:473	1.0
NG_011631.1	python_raw	adapter_corrected	exact	NG_011631.1:raw:474	NG_011631.1:adapter:474	1.0
NG_011631.1	python_raw	adapter_corrected	exact	NG_011631.1:raw:475	NG_011631.1:adapter:475	1.0
NG_011631.1	python_raw	adapter_corrected	exact	NG_011631.1:raw:476	NG_011631.1:adapter:476	1.0
NG_011631.1	python_raw	adapter_corrected	exact	NG_011631.1:raw:477	NG_011631.1:adapter:477	1.0
NG_011631.1	python_raw	adapter_corrected	exact	NG_011631.1:raw:478	NG_011631.1:adapter:478	1.0
NG_011631.1	python_raw	adapter_corrected	exact	NG_011631.1:raw:479	NG_011631.1:adapter:479	1.0
NG_011631.1	python_raw	adapter_corrected	exact	NG_011631.1:raw:48	NG_011631.1:adapter:48	1.0
NG_011631.1	python_raw	adapter_corrected	exact	NG_011631.1:raw:480	NG_011631.1:adapter:480	1.0
NG_011631.1	python_raw	adapter_corrected	exact	NG_011631.1:raw:481	NG_011631.1:adapter:481	1.0
NG_011631.1	python_raw	adapter_corrected	exact	NG_011631.1:raw:482	NG_011631.1:adapter:482	1.0
NG_011631.1	python_raw	adapter_corrected	exact	NG_011631.1:raw:483	NG_011631.1:adapter:483	1.0
NG_011631.1	python_raw	adapter_corrected	exact	NG_011631.1:raw:484	NG_011631.1:adapter:484	1.0
NG_011631.1	python_raw	adapter_corrected	exact	NG_011631.1:raw:485	NG_011631.1:adapter:485	1.0
NG_011631.1	python_raw	adapter_corrected	exact	NG_011631.1:raw:486	NG_011631.1:adapter:486	1.0
NG_011631.1	python_raw	adapter_corrected	exact	NG_011631.1:raw:487	NG_011631.1:adapter:487	1.0
NG_011631.1	python_raw	adapter_corrected	exact	NG_011631.1:raw:488	NG_011631.1:adapter:488	1.0
NG_011631.1	python_raw	adapter_corrected	exact	NG_011631.1:raw:489	NG_011631.1:adapter:489	1.0
NG_011631.1	python_raw	adapter_corrected	exact	NG_011631.1:raw:49	NG_011631.1:adapter:49	1.0
NG_011631.1	python_raw	adapter_corrected	exact	NG_011631.1:raw:490	NG_011631.1:adapter:490	1.0
NG_011631.1	python_raw	adapter_corrected	exact	NG_011631.1:raw:491	NG_011631.1:adapter:491	1.0
NG_011631.1	python_raw	adapter_corrected	exact	NG_011631.1:raw:492	NG_011631.1:adapter:492	1.0
NG_011631.1	python_raw	adapter_corrected	exact	NG_011631.1:raw:493	NG_011631.1:adapter:493	1.0
NG_011631.1	python_raw	adapter_corrected	exact	NG_011631.1:raw:494	NG_011631.1:adapter:494	1.0
NG_011631.1	python_raw	adapter_corrected	exact	NG_011631.1:raw:495	NG_011631.1:adapter:495	1.0
NG_011631.1	python_raw	adapter_corrected	exact	NG_011631.1:raw:496	NG_011631.1:adapter:496	1.0
NG_011631.1	python_raw	adapter_corrected	exact	NG_011631.1:raw:497	NG_011631.1:adapter:497	1.0
NG_011631.1	python_raw	adapter_corrected	exact	NG_011631.1:raw:498	NG_011631.1:adapter:498	1.0
NG_011631.1	python_raw	adapter_corrected	exact	NG_011631.1:raw:499	NG_011631.1:adapter:499	1.0
NG_011631.1	python_raw	adapter_corrected	exact	NG_011631.1:raw:5	NG_011631.1:adapter:5	1.0
NG_011631.1	python_raw	adapter_corrected	exact	NG_011631.1:raw:50	NG_011631.1:adapter:50	1.0
NG_011631.1	python_raw	adapter_corrected	exact	NG_011631.1:raw:500	NG_011631.1:adapter:500	1.0
NG_011631.1	python_raw	adapter_corrected	exact	NG_011631.1:raw:501	NG_011631.1:adapter:501	1.0
NG_011631.1	python_raw	adapter_corrected	exact	NG_011631.1:raw:502	NG_011631.1:adapter:502	1.0
NG_011631.1	python_raw	adapter_corrected	exact	NG_011631.1:raw:503	NG_011631.1:adapter:503	1.0
NG_011631.1	python_raw	adapter_corrected	exact	NG_011631.1:raw:504	NG_011631.1:adapter:504	1.0
NG_011631.1	python_raw	adapter_corrected	exact	NG_011631.1:raw:505	NG_011631.1:adapter:505	1.0
NG_011631.1	python_raw	adapter_corrected	exact	NG_011631.1:raw:506	NG_011631.1:adapter:506	1.0
NG_011631.1	python_raw	adapter_corrected	exact	NG_011631.1:raw:507	NG_011631.1:adapter:507	1.0
NG_011631.1	python_raw	adapter_corrected	exact	NG_011631.1:raw:508	NG_011631.1:adapter:508	1.0
NG_011631.1	python_raw	adapter_corrected	exact	NG_011631.1:raw:509	NG_011631.1:adapter:509	1.0
NG_011631.1	python_raw	adapter_corrected	exact	NG_011631.1:raw:51	NG_011631.1:adapter:51	1.0
NG_011631.1	python_raw	adapter_corrected	exact	NG_011631.1:raw:510	NG_011631.1:adapter:510	1.0
NG_011631.1	python_raw	adapter_corrected	exact	NG_011631.1:raw:511	NG_011631.1:adapter:511	1.0
NG_011631.1	python_raw	adapter_corrected	exact	NG_011631.1:raw:512	NG_011631.1:adapter:512	1.0
NG_011631.1	python_raw	adapter_corrected	exact	NG_011631.1:raw:513	NG_011631.1:adapter:513	1.0
NG_011631.1	python_raw	adapter_corrected	exact	NG_011631.1:raw:514	NG_011631.1:adapter:514	1.0
NG_011631.1	python_raw	adapter_corrected	exact	NG_011631.1:raw:515	NG_011631.1:adapter:515	1.0
NG_011631.1	python_raw	adapter_corrected	exact	NG_011631.1:raw:516	NG_011631.1:adapter:516	1.0
NG_011631.1	python_raw	adapter_corrected	exact	NG_011631.1:raw:517	NG_011631.1:adapter:517	1.0
NG_011631.1	python_raw	adapter_corrected	exact	NG_011631.1:raw:518	NG_011631.1:adapter:518	1.0
NG_011631.1	python_raw	adapter_corrected	exact	NG_011631.1:raw:519	NG_011631.1:adapter:519	1.0
NG_011631.1	python_raw	adapter_corrected	exact	NG_011631.1:raw:52	NG_011631.1:adapter:52	1.0
NG_011631.1	python_raw	adapter_corrected	exact	NG_011631.1:raw:520	NG_011631.1:adapter:520	1.0
NG_011631.1	python_raw	adapter_corrected	exact	NG_011631.1:raw:521	NG_011631.1:adapter:521	1.0
NG_011631.1	python_raw	adapter_corrected	exact	NG_011631.1:raw:522	NG_011631.1:adapter:522	1.0
NG_011631.1	python_raw	adapter_corrected	exact	NG_011631.1:raw:523	NG_011631.1:adapter:523	1.0
NG_011631.1	python_raw	adapter_corrected	exact	NG_011631.1:raw:524	NG_011631.1:adapter:524	1.0
NG_011631.1	python_raw	adapter_corrected	exact	NG_011631.1:raw:525	NG_011631.1:adapter:525	1.0
NG_011631.1	python_raw	adapter_corrected	exact	NG_011631.1:raw:526	NG_011631.1:adapter:526	1.0
NG_011631.1	python_raw	adapter_corrected	exact	NG_011631.1:raw:527	NG_011631.1:adapter:527	1.0
NG_011631.1	python_raw	adapter_corrected	exact	NG_011631.1:raw:528	NG_011631.1:adapter:528	1.0
NG_011631.1	python_raw	adapter_corrected	exact	NG_011631.1:raw:529	NG_011631.1:adapter:529	1.0
NG_011631.1	python_raw	adapter_corrected	exact	NG_011631.1:raw:53	NG_011631.1:adapter:53	1.0
NG_011631.1	python_raw	adapter_corrected	exact	NG_011631.1:raw:530	NG_011631.1:adapter:530	1.0
NG_011631.1	python_raw	adapter_corrected	exact	NG_011631.1:raw:531	NG_011631.1:adapter:531	1.0
NG_011631.1	python_raw	adapter_corrected	exact	NG_011631.1:raw:532	NG_011631.1:adapter:532	1.0
NG_011631.1	python_raw	adapter_corrected	exact	NG_011631.1:raw:533	NG_011631.1:adapter:533	1.0
NG_011631.1	python_raw	adapter_corrected	exact	NG_011631.1:raw:534	NG_011631.1:adapter:534	1.0
NG_011631.1	python_raw	adapter_corrected	exact	NG_011631.1:raw:535	NG_011631.1:adapter:535	1.0
NG_011631.1	python_raw	adapter_corrected	exact	NG_011631.1:raw:536	NG_011631.1:adapter:536	1.0
NG_011631.1	python_raw	adapter_corrected	exact	NG_011631.1:raw:537	NG_011631.1:adapter:537	1.0
NG_011631.1	python_raw	adapter_corrected	exact	NG_011631.1:raw:538	NG_011631.1:adapter:538	1.0
NG_011631.1	python_raw	adapter_corrected	exact	NG_011631.1:raw:539	NG_011631.1:adapter:539	1.0
NG_011631.1	python_raw	adapter_corrected	exact	NG_011631.1:raw:54	NG_011631.1:adapter:54	1.0
NG_011631.1	python_raw	adapter_corrected	exact	NG_011631.1:raw:540	NG_011631.1:adapter:540	1.0
NG_011631.1	python_raw	adapter_corrected	exact	NG_011631.1:raw:541	NG_011631.1:adapter:541	1.0
NG_011631.1	python_raw	adapter_corrected	exact	NG_011631.1:raw:542	NG_011631.1:adapter:542	1.0
NG_011631.1	python_raw	adapter_corrected	exact	NG_011631.1:raw:543	NG_011631.1:adapter:543	1.0
NG_011631.1	python_raw	adapter_corrected	exact	NG_011631.1:raw:544	NG_011631.1:adapter:544	1.0
NG_011631.1	python_raw	adapter_corrected	exact	NG_011631.1:raw:545	NG_011631.1:adapter:545	1.0
NG_011631.1	python_raw	adapter_corrected	exact	NG_011631.1:raw:546	NG_011631.1:adapter:546	1.0
NG_011631.1	python_raw	adapter_corrected	exact	NG_011631.1:raw:547	NG_011631.1:adapter:547	1.0
NG_011631.1	python_raw	adapter_corrected	exact	NG_011631.1:raw:548	NG_011631.1:adapter:548	1.0
NG_011631.1	python_raw	adapter_corrected	exact	NG_011631.1:raw:549	NG_011631.1:adapter:549	1.0
NG_011631.1	python_raw	adapter_corrected	exact	NG_011631.1:raw:55	NG_011631.1:adapter:55	1.0
NG_011631.1	python_raw	adapter_corrected	exact	NG_011631.1:raw:550	NG_011631.1:adapter:550	1.0
NG_011631.1	python_raw	adapter_corrected	exact	NG_011631.1:raw:551	NG_011631.1:adapter:551	1.0
NG_011631.1	python_raw	adapter_corrected	exact	NG_011631.1:raw:552	NG_011631.1:adapter:552	1.0
NG_011631.1	python_raw	adapter_corrected	exact	NG_011631.1:raw:553	NG_011631.1:adapter:553	1.0
NG_011631.1	python_raw	adapter_corrected	exact	NG_011631.1:raw:554	NG_011631.1:adapter:554	1.0
NG_011631.1	python_raw	adapter_corrected	exact	NG_011631.1:raw:555	NG_011631.1:adapter:555	1.0
NG_011631.1	python_raw	adapter_corrected	exact	NG_011631.1:raw:556	NG_011631.1:adapter:556	1.0
NG_011631.1	python_raw	adapter_corrected	exact	NG_011631.1:raw:557	NG_011631.1:adapter:557	1.0
NG_011631.1	python_raw	adapter_corrected	exact	NG_011631.1:raw:558	NG_011631.1:adapter:558	1.0
NG_011631.1	python_raw	adapter_corrected	exact	NG_011631.1:raw:559	NG_011631.1:adapter:559	1.0
NG_011631.1	python_raw	adapter_corrected	exact	NG_011631.1:raw:56	NG_011631.1:adapter:56	1.0
NG_011631.1	python_raw	adapter_corrected	exact	NG_011631.1:raw:560	NG_011631.1:adapter:560	1.0
NG_011631.1	python_raw	adapter_corrected	exact	NG_011631.1:raw:561	NG_011631.1:adapter:561	1.0
NG_011631.1	python_raw	adapter_corrected	exact	NG_011631.1:raw:562	NG_011631.1:adapter:562	1.0
NG_011631.1	python_raw	adapter_corrected	exact	NG_011631.1:raw:563	NG_011631.1:adapter:563	1.0
NG_011631.1	python_raw	adapter_corrected	exact	NG_011631.1:raw:564	NG_011631.1:adapter:564	1.0
NG_011631.1	python_raw	adapter_corrected	exact	NG_011631.1:raw:565	NG_011631.1:adapter:565	1.0
NG_011631.1	python_raw	adapter_corrected	exact	NG_011631.1:raw:566	NG_011631.1:adapter:566	1.0
NG_011631.1	python_raw	adapter_corrected	exact	NG_011631.1:raw:567	NG_011631.1:adapter:567	1.0
NG_011631.1	python_raw	adapter_corrected	exact	NG_011631.1:raw:568	NG_011631.1:adapter:568	1.0
NG_011631.1	python_raw	adapter_corrected	exact	NG_011631.1:raw:569	NG_011631.1:adapter:569	1.0
NG_011631.1	python_raw	adapter_corrected	exact	NG_011631.1:raw:57	NG_011631.1:adapter:57	1.0
NG_011631.1	python_raw	adapter_corrected	exact	NG_011631.1:raw:570	NG_011631.1:adapter:570	1.0
NG_011631.1	python_raw	adapter_corrected	exact	NG_011631.1:raw:571	NG_011631.1:adapter:571	1.0
NG_011631.1	python_raw	adapter_corrected	exact	NG_011631.1:raw:572	NG_011631.1:adapter:572	1.0
NG_011631.1	python_raw	adapter_corrected	exact	NG_011631.1:raw:573	NG_011631.1:adapter:573	1.0
NG_011631.1	python_raw	adapter_corrected	exact	NG_011631.1:raw:574	NG_011631.1:adapter:574	1.0
NG_011631.1	python_raw	adapter_corrected	exact	NG_011631.1:raw:575	NG_011631.1:adapter:575	1.0
NG_011631.1	python_raw	adapter_corrected	exact	NG_011631.1:raw:576	NG_011631.1:adapter:576	1.0
NG_011631.1	python_raw	adapter_corrected	exact	NG_011631.1:raw:577	NG_011631.1:adapter:577	1.0
NG_011631.1	python_raw	adapter_corrected	exact	NG_011631.1:raw:578	NG_011631.1:adapter:578	1.0
NG_011631.1	python_raw	adapter_corrected	exact	NG_011631.1:raw:579	NG_011631.1:adapter:579	1.0
NG_011631.1	python_raw	adapter_corrected	exact	NG_011631.1:raw:58	NG_011631.1:adapter:58	1.0
NG_011631.1	python_raw	adapter_corrected	exact	NG_011631.1:raw:580	NG_011631.1:adapter:580	1.0
NG_011631.1	python_raw	adapter_corrected	exact	NG_011631.1:raw:581	NG_011631.1:adapter:581	1.0
NG_011631.1	python_raw	adapter_corrected	exact	NG_011631.1:raw:582	NG_011631.1:adapter:582	1.0
NG_011631.1	python_raw	adapter_corrected	exact	NG_011631.1:raw:583	NG_011631.1:adapter:583	1.0
NG_011631.1	python_raw	adapter_corrected	exact	NG_011631.1:raw:584	NG_011631.1:adapter:584	1.0
NG_011631.1	python_raw	adapter_corrected	exact	NG_011631.1:raw:585	NG_011631.1:adapter:585	1.0
NG_011631.1	python_raw	adapter_corrected	exact	NG_011631.1:raw:586	NG_011631.1:adapter:586	1.0
NG_011631.1	python_raw	adapter_corrected	exact	NG_011631.1:raw:587	NG_011631.1:adapter:587	1.0
NG_011631.1	python_raw	adapter_corrected	exact	NG_011631.1:raw:588	NG_011631.1:adapter:588	1.0
NG_011631.1	python_raw	adapter_corrected	exact	NG_011631.1:raw:589	NG_011631.1:adapter:589	1.0
NG_011631.1	python_raw	adapter_corrected	exact	NG_011631.1:raw:59	NG_011631.1:adapter:59	1.0
NG_011631.1	python_raw	adapter_corrected	exact	NG_011631.1:raw:590	NG_011631.1:adapter:590	1.0
NG_011631.1	python_raw	adapter_corrected	exact	NG_011631.1:raw:591	NG_011631.1:adapter:591	1.0
NG_011631.1	python_raw	adapter_corrected	exact	NG_011631.1:raw:592	NG_011631.1:adapter:592	1.0
NG_011631.1	python_raw	adapter_corrected	exact	NG_011631.1:raw:593	NG_011631.1:adapter:593	1.0
NG_011631.1	python_raw	adapter_corrected	exact	NG_011631.1:raw:594	NG_011631.1:adapter:594	1.0
NG_011631.1	python_raw	adapter_corrected	exact	NG_011631.1:raw:595	NG_011631.1:adapter:595	1.0
NG_011631.1	python_raw	adapter_corrected	exact	NG_011631.1:raw:596	NG_011631.1:adapter:596	1.0
NG_011631.1	python_raw	adapter_corrected	exact	NG_011631.1:raw:597	NG_011631.1:adapter:597	1.0
NG_011631.1	python_raw	adapter_corrected	exact	NG_011631.1:raw:598	NG_011631.1:adapter:598	1.0
NG_011631.1	python_raw	adapter_corrected	exact	NG_011631.1:raw:599	NG_011631.1:adapter:599	1.0
NG_011631.1	python_raw	adapter_corrected	exact	NG_011631.1:raw:6	NG_011631.1:adapter:6	1.0
NG_011631.1	python_raw	adapter_corrected	exact	NG_011631.1:raw:60	NG_011631.1:adapter:60	1.0
NG_011631.1	python_raw	adapter_corrected	exact	NG_011631.1:raw:600	NG_011631.1:adapter:600	1.0
NG_011631.1	python_raw	adapter_corrected	exact	NG_011631.1:raw:601	NG_011631.1:adapter:601	1.0
NG_011631.1	python_raw	adapter_corrected	exact	NG_011631.1:raw:602	NG_011631.1:adapter:602	1.0
NG_011631.1	python_raw	adapter_corrected	exact	NG_011631.1:raw:603	NG_011631.1:adapter:603	1.0
NG_011631.1	python_raw	adapter_corrected	exact	NG_011631.1:raw:604	NG_011631.1:adapter:604	1.0
NG_011631.1	python_raw	adapter_corrected	exact	NG_011631.1:raw:605	NG_011631.1:adapter:605	1.0
NG_011631.1	python_raw	adapter_corrected	exact	NG_011631.1:raw:606	NG_011631.1:adapter:606	1.0
NG_011631.1	python_raw	adapter_corrected	exact	NG_011631.1:raw:607	NG_011631.1:adapter:607	1.0
NG_011631.1	python_raw	adapter_corrected	exact	NG_011631.1:raw:608	NG_011631.1:adapter:608	1.0
NG_011631.1	python_raw	adapter_corrected	exact	NG_011631.1:raw:609	NG_011631.1:adapter:609	1.0
NG_011631.1	python_raw	adapter_corrected	exact	NG_011631.1:raw:61	NG_011631.1:adapter:61	1.0
NG_011631.1	python_raw	adapter_corrected	exact	NG_011631.1:raw:610	NG_011631.1:adapter:610	1.0
NG_011631.1	python_raw	adapter_corrected	exact	NG_011631.1:raw:611	NG_011631.1:adapter:611	1.0
NG_011631.1	python_raw	adapter_corrected	exact	NG_011631.1:raw:612	NG_011631.1:adapter:612	1.0
NG_011631.1	python_raw	adapter_corrected	exact	NG_011631.1:raw:613	NG_011631.1:adapter:613	1.0
NG_011631.1	python_raw	adapter_corrected	exact	NG_011631.1:raw:614	NG_011631.1:adapter:614	1.0
NG_011631.1	python_raw	adapter_corrected	exact	NG_011631.1:raw:615	NG_011631.1:adapter:615	1.0
NG_011631.1	python_raw	adapter_corrected	exact	NG_011631.1:raw:616	NG_011631.1:adapter:616	1.0
NG_011631.1	python_raw	adapter_corrected	exact	NG_011631.1:raw:617	NG_011631.1:adapter:617	1.0
NG_011631.1	python_raw	adapter_corrected	exact	NG_011631.1:raw:618	NG_011631.1:adapter:618	1.0
NG_011631.1	python_raw	adapter_corrected	exact	NG_011631.1:raw:619	NG_011631.1:adapter:619	1.0
NG_011631.1	python_raw	adapter_corrected	exact	NG_011631.1:raw:62	NG_011631.1:adapter:62	1.0
NG_011631.1	python_raw	adapter_corrected	exact	NG_011631.1:raw:620	NG_011631.1:adapter:620	1.0
NG_011631.1	python_raw	adapter_corrected	exact	NG_011631.1:raw:621	NG_011631.1:adapter:621	1.0
NG_011631.1	python_raw	adapter_corrected	exact	NG_011631.1:raw:622	NG_011631.1:adapter:622	1.0
NG_011631.1	python_raw	adapter_corrected	exact	NG_011631.1:raw:623	NG_011631.1:adapter:623	1.0
NG_011631.1	python_raw	adapter_corrected	exact	NG_011631.1:raw:624	NG_011631.1:adapter:624	1.0
NG_011631.1	python_raw	adapter_corrected	exact	NG_011631.1:raw:625	NG_011631.1:adapter:625	1.0
NG_011631.1	python_raw	adapter_corrected	exact	NG_011631.1:raw:626	NG_011631.1:adapter:626	1.0
NG_011631.1	python_raw	adapter_corrected	exact	NG_011631.1:raw:627	NG_011631.1:adapter:627	1.0
NG_011631.1	python_raw	adapter_corrected	exact	NG_011631.1:raw:628	NG_011631.1:adapter:628	1.0
NG_011631.1	python_raw	adapter_corrected	exact	NG_011631.1:raw:629	NG_011631.1:adapter:629	1.0
NG_011631.1	python_raw	adapter_corrected	exact	NG_011631.1:raw:63	NG_011631.1:adapter:63	1.0
NG_011631.1	python_raw	adapter_corrected	exact	NG_011631.1:raw:630	NG_011631.1:adapter:630	1.0
NG_011631.1	python_raw	adapter_corrected	exact	NG_011631.1:raw:631	NG_011631.1:adapter:631	1.0
NG_011631.1	python_raw	adapter_corrected	exact	NG_011631.1:raw:632	NG_011631.1:adapter:632	1.0
NG_011631.1	python_raw	adapter_corrected	exact	NG_011631.1:raw:633	NG_011631.1:adapter:633	1.0
NG_011631.1	python_raw	adapter_corrected	exact	NG_011631.1:raw:634	NG_011631.1:adapter:634	1.0
NG_011631.1	python_raw	adapter_corrected	exact	NG_011631.1:raw:635	NG_011631.1:adapter:635	1.0
NG_011631.1	python_raw	adapter_corrected	exact	NG_011631.1:raw:636	NG_011631.1:adapter:636	1.0
NG_011631.1	python_raw	adapter_corrected	exact	NG_011631.1:raw:637	NG_011631.1:adapter:637	1.0
NG_011631.1	python_raw	adapter_corrected	exact	NG_011631.1:raw:638	NG_011631.1:adapter:638	1.0
NG_011631.1	python_raw	adapter_corrected	exact	NG_011631.1:raw:639	NG_011631.1:adapter:639	1.0
NG_011631.1	python_raw	adapter_corrected	exact	NG_011631.1:raw:64	NG_011631.1:adapter:64	1.0
NG_011631.1	python_raw	adapter_corrected	exact	NG_011631.1:raw:640	NG_011631.1:adapter:640	1.0
NG_011631.1	python_raw	adapter_corrected	exact	NG_011631.1:raw:641	NG_011631.1:adapter:641	1.0
NG_011631.1	python_raw	adapter_corrected	exact	NG_011631.1:raw:642	NG_011631.1:adapter:642	1.0
NG_011631.1	python_raw	adapter_corrected	exact	NG_011631.1:raw:643	NG_011631.1:adapter:643	1.0
NG_011631.1	python_raw	adapter_corrected	exact	NG_011631.1:raw:644	NG_011631.1:adapter:644	1.0
NG_011631.1	python_raw	adapter_corrected	exact	NG_011631.1:raw:645	NG_011631.1:adapter:645	1.0
NG_011631.1	python_raw	adapter_corrected	exact	NG_011631.1:raw:646	NG_011631.1:adapter:646	1.0
NG_011631.1	python_raw	adapter_corrected	exact	NG_011631.1:raw:647	NG_011631.1:adapter:647	1.0
NG_011631.1	python_raw	adapter_corrected	exact	NG_011631.1:raw:648	NG_011631.1:adapter:648	1.0
NG_011631.1	python_raw	adapter_corrected	exact	NG_011631.1:raw:649	NG_011631.1:adapter:649	1.0
NG_011631.1	python_raw	adapter_corrected	exact	NG_011631.1:raw:65	NG_011631.1:adapter:65	1.0
NG_011631.1	python_raw	adapter_corrected	exact	NG_011631.1:raw:650	NG_011631.1:adapter:650	1.0
NG_011631.1	python_raw	adapter_corrected	exact	NG_011631.1:raw:651	NG_011631.1:adapter:651	1.0
NG_011631.1	python_raw	adapter_corrected	exact	NG_011631.1:raw:652	NG_011631.1:adapter:652	1.0
NG_011631.1	python_raw	adapter_corrected	exact	NG_011631.1:raw:653	NG_011631.1:adapter:653	1.0
NG_011631.1	python_raw	adapter_corrected	exact	NG_011631.1:raw:654	NG_011631.1:adapter:654	1.0
NG_011631.1	python_raw	adapter_corrected	exact	NG_011631.1:raw:655	NG_011631.1:adapter:655	1.0
NG_011631.1	python_raw	adapter_corrected	exact	NG_011631.1:raw:656	NG_011631.1:adapter:656	1.0
NG_011631.1	python_raw	adapter_corrected	exact	NG_011631.1:raw:657	NG_011631.1:adapter:657	1.0
NG_011631.1	python_raw	adapter_corrected	exact	NG_011631.1:raw:658	NG_011631.1:adapter:658	1.0
NG_011631.1	python_raw	adapter_corrected	exact	NG_011631.1:raw:659	NG_011631.1:adapter:659	1.0
NG_011631.1	python_raw	adapter_corrected	exact	NG_011631.1:raw:66	NG_011631.1:adapter:66	1.0
NG_011631.1	python_raw	adapter_corrected	exact	NG_011631.1:raw:660	NG_011631.1:adapter:660	1.0
NG_011631.1	python_raw	adapter_corrected	exact	NG_011631.1:raw:661	NG_011631.1:adapter:661	1.0
NG_011631.1	python_raw	adapter_corrected	exact	NG_011631.1:raw:662	NG_011631.1:adapter:662	1.0
NG_011631.1	python_raw	adapter_corrected	exact	NG_011631.1:raw:663	NG_011631.1:adapter:663	1.0
NG_011631.1	python_raw	adapter_corrected	exact	NG_011631.1:raw:664	NG_011631.1:adapter:664	1.0
NG_011631.1	python_raw	adapter_corrected	exact	NG_011631.1:raw:665	NG_011631.1:adapter:665	1.0
NG_011631.1	python_raw	adapter_corrected	exact	NG_011631.1:raw:666	NG_011631.1:adapter:666	1.0
NG_011631.1	python_raw	adapter_corrected	exact	NG_011631.1:raw:667	NG_011631.1:adapter:667	1.0
NG_011631.1	python_raw	adapter_corrected	exact	NG_011631.1:raw:668	NG_011631.1:adapter:668	1.0
NG_011631.1	python_raw	adapter_corrected	exact	NG_011631.1:raw:669	NG_011631.1:adapter:669	1.0
NG_011631.1	python_raw	adapter_corrected	exact	NG_011631.1:raw:67	NG_011631.1:adapter:67	1.0
NG_011631.1	python_raw	adapter_corrected	exact	NG_011631.1:raw:670	NG_011631.1:adapter:670	1.0
NG_011631.1	python_raw	adapter_corrected	exact	NG_011631.1:raw:671	NG_011631.1:adapter:671	1.0
NG_011631.1	python_raw	adapter_corrected	exact	NG_011631.1:raw:672	NG_011631.1:adapter:672	1.0
NG_011631.1	python_raw	adapter_corrected	exact	NG_011631.1:raw:673	NG_011631.1:adapter:673	1.0
NG_011631.1	python_raw	adapter_corrected	exact	NG_011631.1:raw:674	NG_011631.1:adapter:674	1.0
NG_011631.1	python_raw	adapter_corrected	exact	NG_011631.1:raw:675	NG_011631.1:adapter:675	1.0
NG_011631.1	python_raw	adapter_corrected	exact	NG_011631.1:raw:676	NG_011631.1:adapter:676	1.0
NG_011631.1	python_raw	adapter_corrected	exact	NG_011631.1:raw:677	NG_011631.1:adapter:677	1.0
NG_011631.1	python_raw	adapter_corrected	exact	NG_011631.1:raw:678	NG_011631.1:adapter:678	1.0
NG_011631.1	python_raw	adapter_corrected	exact	NG_011631.1:raw:679	NG_011631.1:adapter:679	1.0
NG_011631.1	python_raw	adapter_corrected	exact	NG_011631.1:raw:68	NG_011631.1:adapter:68	1.0
NG_011631.1	python_raw	adapter_corrected	exact	NG_011631.1:raw:680	NG_011631.1:adapter:680	1.0
NG_011631.1	python_raw	adapter_corrected	exact	NG_011631.1:raw:681	NG_011631.1:adapter:681	1.0
NG_011631.1	python_raw	adapter_corrected	exact	NG_011631.1:raw:682	NG_011631.1:adapter:682	1.0
NG_011631.1	python_raw	adapter_corrected	exact	NG_011631.1:raw:683	NG_011631.1:adapter:683	1.0
NG_011631.1	python_raw	adapter_corrected	exact	NG_011631.1:raw:684	NG_011631.1:adapter:684	1.0
NG_011631.1	python_raw	adapter_corrected	exact	NG_011631.1:raw:685	NG_011631.1:adapter:685	1.0
NG_011631.1	python_raw	adapter_corrected	exact	NG_011631.1:raw:686	NG_011631.1:adapter:686	1.0
NG_011631.1	python_raw	adapter_corrected	exact	NG_011631.1:raw:687	NG_011631.1:adapter:687	1.0
NG_011631.1	python_raw	adapter_corrected	exact	NG_011631.1:raw:688	NG_011631.1:adapter:688	1.0
NG_011631.1	python_raw	adapter_corrected	exact	NG_011631.1:raw:689	NG_011631.1:adapter:689	1.0
NG_011631.1	python_raw	adapter_corrected	exact	NG_011631.1:raw:69	NG_011631.1:adapter:69	1.0
NG_011631.1	python_raw	adapter_corrected	exact	NG_011631.1:raw:690	NG_011631.1:adapter:690	1.0
NG_011631.1	python_raw	adapter_corrected	exact	NG_011631.1:raw:691	NG_011631.1:adapter:691	1.0
NG_011631.1	python_raw	adapter_corrected	exact	NG_011631.1:raw:692	NG_011631.1:adapter:692	1.0
NG_011631.1	python_raw	adapter_corrected	exact	NG_011631.1:raw:693	NG_011631.1:adapter:693	1.0
NG_011631.1	python_raw	adapter_corrected	exact	NG_011631.1:raw:694	NG_011631.1:adapter:694	1.0
NG_011631.1	python_raw	adapter_corrected	exact	NG_011631.1:raw:695	NG_011631.1:adapter:695	1.0
NG_011631.1	python_raw	adapter_corrected	exact	NG_011631.1:raw:696	NG_011631.1:adapter:696	1.0
NG_011631.1	python_raw	adapter_corrected	exact	NG_011631.1:raw:697	NG_011631.1:adapter:697	1.0
NG_011631.1	python_raw	adapter_corrected	exact	NG_011631.1:raw:698	NG_011631.1:adapter:698	1.0
NG_011631.1	python_raw	adapter_corrected	exact	NG_011631.1:raw:699	NG_011631.1:adapter:699	1.0
NG_011631.1	python_raw	adapter_corrected	exact	NG_011631.1:raw:7	NG_011631.1:adapter:7	1.0
NG_011631.1	python_raw	adapter_corrected	exact	NG_011631.1:raw:70	NG_011631.1:adapter:70	1.0
NG_011631.1	python_raw	adapter_corrected	exact	NG_011631.1:raw:700	NG_011631.1:adapter:700	1.0
NG_011631.1	python_raw	adapter_corrected	exact	NG_011631.1:raw:701	NG_011631.1:adapter:701	1.0
NG_011631.1	python_raw	adapter_corrected	exact	NG_011631.1:raw:702	NG_011631.1:adapter:702	1.0
NG_011631.1	python_raw	adapter_corrected	exact	NG_011631.1:raw:703	NG_011631.1:adapter:703	1.0
NG_011631.1	python_raw	adapter_corrected	exact	NG_011631.1:raw:704	NG_011631.1:adapter:704	1.0
NG_011631.1	python_raw	adapter_corrected	exact	NG_011631.1:raw:705	NG_011631.1:adapter:705	1.0
NG_011631.1	python_raw	adapter_corrected	exact	NG_011631.1:raw:706	NG_011631.1:adapter:706	1.0
NG_011631.1	python_raw	adapter_corrected	exact	NG_011631.1:raw:707	NG_011631.1:adapter:707	1.0
NG_011631.1	python_raw	adapter_corrected	exact	NG_011631.1:raw:708	NG_011631.1:adapter:708	1.0
NG_011631.1	python_raw	adapter_corrected	exact	NG_011631.1:raw:709	NG_011631.1:adapter:709	1.0
NG_011631.1	python_raw	adapter_corrected	exact	NG_011631.1:raw:71	NG_011631.1:adapter:71	1.0
NG_011631.1	python_raw	adapter_corrected	exact	NG_011631.1:raw:710	NG_011631.1:adapter:710	1.0
NG_011631.1	python_raw	adapter_corrected	exact	NG_011631.1:raw:711	NG_011631.1:adapter:711	1.0
NG_011631.1	python_raw	adapter_corrected	exact	NG_011631.1:raw:712	NG_011631.1:adapter:712	1.0
NG_011631.1	python_raw	adapter_corrected	exact	NG_011631.1:raw:713	NG_011631.1:adapter:713	1.0
NG_011631.1	python_raw	adapter_corrected	exact	NG_011631.1:raw:714	NG_011631.1:adapter:714	1.0
NG_011631.1	python_raw	adapter_corrected	exact	NG_011631.1:raw:715	NG_011631.1:adapter:715	1.0
NG_011631.1	python_raw	adapter_corrected	exact	NG_011631.1:raw:716	NG_011631.1:adapter:716	1.0
NG_011631.1	python_raw	adapter_corrected	exact	NG_011631.1:raw:717	NG_011631.1:adapter:717	1.0
NG_011631.1	python_raw	adapter_corrected	exact	NG_011631.1:raw:718	NG_011631.1:adapter:718	1.0
NG_011631.1	python_raw	adapter_corrected	exact	NG_011631.1:raw:719	NG_011631.1:adapter:719	1.0
NG_011631.1	python_raw	adapter_corrected	exact	NG_011631.1:raw:72	NG_011631.1:adapter:72	1.0
NG_011631.1	python_raw	adapter_corrected	exact	NG_011631.1:raw:720	NG_011631.1:adapter:720	1.0
NG_011631.1	python_raw	adapter_corrected	exact	NG_011631.1:raw:721	NG_011631.1:adapter:721	1.0
NG_011631.1	python_raw	adapter_corrected	exact	NG_011631.1:raw:722	NG_011631.1:adapter:722	1.0
NG_011631.1	python_raw	adapter_corrected	exact	NG_011631.1:raw:723	NG_011631.1:adapter:723	1.0
NG_011631.1	python_raw	adapter_corrected	exact	NG_011631.1:raw:724	NG_011631.1:adapter:724	1.0
NG_011631.1	python_raw	adapter_corrected	exact	NG_011631.1:raw:725	NG_011631.1:adapter:725	1.0
NG_011631.1	python_raw	adapter_corrected	exact	NG_011631.1:raw:726	NG_011631.1:adapter:726	1.0
NG_011631.1	python_raw	adapter_corrected	exact	NG_011631.1:raw:727	NG_011631.1:adapter:727	1.0
NG_011631.1	python_raw	adapter_corrected	exact	NG_011631.1:raw:728	NG_011631.1:adapter:728	1.0
NG_011631.1	python_raw	adapter_corrected	exact	NG_011631.1:raw:729	NG_011631.1:adapter:729	1.0
NG_011631.1	python_raw	adapter_corrected	exact	NG_011631.1:raw:73	NG_011631.1:adapter:73	1.0
NG_011631.1	python_raw	adapter_corrected	exact	NG_011631.1:raw:730	NG_011631.1:adapter:730	1.0
NG_011631.1	python_raw	adapter_corrected	exact	NG_011631.1:raw:731	NG_011631.1:adapter:731	1.0
NG_011631.1	python_raw	adapter_corrected	exact	NG_011631.1:raw:732	NG_011631.1:adapter:732	1.0
NG_011631.1	python_raw	adapter_corrected	exact	NG_011631.1:raw:733	NG_011631.1:adapter:733	1.0
NG_011631.1	python_raw	adapter_corrected	exact	NG_011631.1:raw:734	NG_011631.1:adapter:734	1.0
NG_011631.1	python_raw	adapter_corrected	exact	NG_011631.1:raw:735	NG_011631.1:adapter:735	1.0
NG_011631.1	python_raw	adapter_corrected	exact	NG_011631.1:raw:736	NG_011631.1:adapter:736	1.0
NG_011631.1	python_raw	adapter_corrected	exact	NG_011631.1:raw:737	NG_011631.1:adapter:737	1.0
NG_011631.1	python_raw	adapter_corrected	exact	NG_011631.1:raw:738	NG_011631.1:adapter:738	1.0
NG_011631.1	python_raw	adapter_corrected	exact	NG_011631.1:raw:739	NG_011631.1:adapter:739	1.0
NG_011631.1	python_raw	adapter_corrected	exact	NG_011631.1:raw:74	NG_011631.1:adapter:74	1.0
NG_011631.1	python_raw	adapter_corrected	exact	NG_011631.1:raw:740	NG_011631.1:adapter:740	1.0
NG_011631.1	python_raw	adapter_corrected	exact	NG_011631.1:raw:741	NG_011631.1:adapter:741	1.0
NG_011631.1	python_raw	adapter_corrected	exact	NG_011631.1:raw:742	NG_011631.1:adapter:742	1.0
NG_011631.1	python_raw	adapter_corrected	exact	NG_011631.1:raw:743	NG_011631.1:adapter:743	1.0
NG_011631.1	python_raw	adapter_corrected	exact	NG_011631.1:raw:744	NG_011631.1:adapter:744	1.0
NG_011631.1	python_raw	adapter_corrected	exact	NG_011631.1:raw:745	NG_011631.1:adapter:745	1.0
NG_011631.1	python_raw	adapter_corrected	exact	NG_011631.1:raw:746	NG_011631.1:adapter:746	1.0
NG_011631.1	python_raw	adapter_corrected	exact	NG_011631.1:raw:747	NG_011631.1:adapter:747	1.0
NG_011631.1	python_raw	adapter_corrected	exact	NG_011631.1:raw:748	NG_011631.1:adapter:748	1.0
NG_011631.1	python_raw	adapter_corrected	exact	NG_011631.1:raw:749	NG_011631.1:adapter:749	1.0
NG_011631.1	python_raw	adapter_corrected	exact	NG_011631.1:raw:75	NG_011631.1:adapter:75	1.0
NG_011631.1	python_raw	adapter_corrected	exact	NG_011631.1:raw:750	NG_011631.1:adapter:750	1.0
NG_011631.1	python_raw	adapter_corrected	exact	NG_011631.1:raw:751	NG_011631.1:adapter:751	1.0
NG_011631.1	python_raw	adapter_corrected	exact	NG_011631.1:raw:752	NG_011631.1:adapter:752	1.0
NG_011631.1	python_raw	adapter_corrected	exact	NG_011631.1:raw:753	NG_011631.1:adapter:753	1.0
NG_011631.1	python_raw	adapter_corrected	exact	NG_011631.1:raw:754	NG_011631.1:adapter:754	1.0
NG_011631.1	python_raw	adapter_corrected	exact	NG_011631.1:raw:755	NG_011631.1:adapter:755	1.0
NG_011631.1	python_raw	adapter_corrected	exact	NG_011631.1:raw:756	NG_011631.1:adapter:756	1.0
NG_011631.1	python_raw	adapter_corrected	exact	NG_011631.1:raw:757	NG_011631.1:adapter:757	1.0
NG_011631.1	python_raw	adapter_corrected	exact	NG_011631.1:raw:758	NG_011631.1:adapter:758	1.0
NG_011631.1	python_raw	adapter_corrected	exact	NG_011631.1:raw:759	NG_011631.1:adapter:759	1.0
NG_011631.1	python_raw	adapter_corrected	exact	NG_011631.1:raw:76	NG_011631.1:adapter:76	1.0
NG_011631.1	python_raw	adapter_corrected	exact	NG_011631.1:raw:760	NG_011631.1:adapter:760	1.0
NG_011631.1	python_raw	adapter_corrected	exact	NG_011631.1:raw:761	NG_011631.1:adapter:761	1.0
NG_011631.1	python_raw	adapter_corrected	exact	NG_011631.1:raw:762	NG_011631.1:adapter:762	1.0
NG_011631.1	python_raw	adapter_corrected	exact	NG_011631.1:raw:763	NG_011631.1:adapter:763	1.0
NG_011631.1	python_raw	adapter_corrected	exact	NG_011631.1:raw:764	NG_011631.1:adapter:764	1.0
NG_011631.1	python_raw	adapter_corrected	exact	NG_011631.1:raw:765	NG_011631.1:adapter:765	1.0
NG_011631.1	python_raw	adapter_corrected	exact	NG_011631.1:raw:766	NG_011631.1:adapter:766	1.0
NG_011631.1	python_raw	adapter_corrected	exact	NG_011631.1:raw:767	NG_011631.1:adapter:767	1.0
NG_011631.1	python_raw	adapter_corrected	exact	NG_011631.1:raw:768	NG_011631.1:adapter:768	1.0
NG_011631.1	python_raw	adapter_corrected	exact	NG_011631.1:raw:769	NG_011631.1:adapter:769	1.0
NG_011631.1	python_raw	adapter_corrected	exact	NG_011631.1:raw:77	NG_011631.1:adapter:77	1.0
NG_011631.1	python_raw	adapter_corrected	exact	NG_011631.1:raw:770	NG_011631.1:adapter:770	1.0
NG_011631.1	python_raw	adapter_corrected	exact	NG_011631.1:raw:771	NG_011631.1:adapter:771	1.0
NG_011631.1	python_raw	adapter_corrected	exact	NG_011631.1:raw:772	NG_011631.1:adapter:772	1.0
NG_011631.1	python_raw	adapter_corrected	exact	NG_011631.1:raw:773	NG_011631.1:adapter:773	1.0
NG_011631.1	python_raw	adapter_corrected	exact	NG_011631.1:raw:774	NG_011631.1:adapter:774	1.0
NG_011631.1	python_raw	adapter_corrected	exact	NG_011631.1:raw:775	NG_011631.1:adapter:775	1.0
NG_011631.1	python_raw	adapter_corrected	exact	NG_011631.1:raw:776	NG_011631.1:adapter:776	1.0
NG_011631.1	python_raw	adapter_corrected	exact	NG_011631.1:raw:777	NG_011631.1:adapter:777	1.0
NG_011631.1	python_raw	adapter_corrected	exact	NG_011631.1:raw:778	NG_011631.1:adapter:778	1.0
NG_011631.1	python_raw	adapter_corrected	exact	NG_011631.1:raw:779	NG_011631.1:adapter:779	1.0
NG_011631.1	python_raw	adapter_corrected	exact	NG_011631.1:raw:78	NG_011631.1:adapter:78	1.0
NG_011631.1	python_raw	adapter_corrected	exact	NG_011631.1:raw:780	NG_011631.1:adapter:780	1.0
NG_011631.1	python_raw	adapter_corrected	exact	NG_011631.1:raw:781	NG_011631.1:adapter:781	1.0
NG_011631.1	python_raw	adapter_corrected	exact	NG_011631.1:raw:782	NG_011631.1:adapter:782	1.0
NG_011631.1	python_raw	adapter_corrected	exact	NG_011631.1:raw:783	NG_011631.1:adapter:783	1.0
NG_011631.1	python_raw	adapter_corrected	exact	NG_011631.1:raw:784	NG_011631.1:adapter:784	1.0
NG_011631.1	python_raw	adapter_corrected	exact	NG_011631.1:raw:785	NG_011631.1:adapter:785	1.0
NG_011631.1	python_raw	adapter_corrected	exact	NG_011631.1:raw:786	NG_011631.1:adapter:786	1.0
NG_011631.1	python_raw	adapter_corrected	exact	NG_011631.1:raw:787	NG_011631.1:adapter:787	1.0
NG_011631.1	python_raw	adapter_corrected	exact	NG_011631.1:raw:788	NG_011631.1:adapter:788	1.0
NG_011631.1	python_raw	adapter_corrected	exact	NG_011631.1:raw:789	NG_011631.1:adapter:789	1.0
NG_011631.1	python_raw	adapter_corrected	exact	NG_011631.1:raw:79	NG_011631.1:adapter:79	1.0
NG_011631.1	python_raw	adapter_corrected	exact	NG_011631.1:raw:790	NG_011631.1:adapter:790	1.0
NG_011631.1	python_raw	adapter_corrected	exact	NG_011631.1:raw:791	NG_011631.1:adapter:791	1.0
NG_011631.1	python_raw	adapter_corrected	exact	NG_011631.1:raw:792	NG_011631.1:adapter:792	1.0
NG_011631.1	python_raw	adapter_corrected	exact	NG_011631.1:raw:793	NG_011631.1:adapter:793	1.0
NG_011631.1	python_raw	adapter_corrected	exact	NG_011631.1:raw:794	NG_011631.1:adapter:794	1.0
NG_011631.1	python_raw	adapter_corrected	exact	NG_011631.1:raw:795	NG_011631.1:adapter:795	1.0
NG_011631.1	python_raw	adapter_corrected	exact	NG_011631.1:raw:796	NG_011631.1:adapter:796	1.0
NG_011631.1	python_raw	adapter_corrected	exact	NG_011631.1:raw:797	NG_011631.1:adapter:797	1.0
NG_011631.1	python_raw	adapter_corrected	exact	NG_011631.1:raw:798	NG_011631.1:adapter:798	1.0
NG_011631.1	python_raw	adapter_corrected	exact	NG_011631.1:raw:799	NG_011631.1:adapter:799	1.0
NG_011631.1	python_raw	adapter_corrected	exact	NG_011631.1:raw:8	NG_011631.1:adapter:8	1.0
NG_011631.1	python_raw	adapter_corrected	exact	NG_011631.1:raw:80	NG_011631.1:adapter:80	1.0
NG_011631.1	python_raw	adapter_corrected	exact	NG_011631.1:raw:800	NG_011631.1:adapter:800	1.0
NG_011631.1	python_raw	adapter_corrected	exact	NG_011631.1:raw:801	NG_011631.1:adapter:801	1.0
NG_011631.1	python_raw	adapter_corrected	exact	NG_011631.1:raw:802	NG_011631.1:adapter:802	1.0
NG_011631.1	python_raw	adapter_corrected	exact	NG_011631.1:raw:803	NG_011631.1:adapter:803	1.0
NG_011631.1	python_raw	adapter_corrected	exact	NG_011631.1:raw:804	NG_011631.1:adapter:804	1.0
NG_011631.1	python_raw	adapter_corrected	exact	NG_011631.1:raw:805	NG_011631.1:adapter:805	1.0
NG_011631.1	python_raw	adapter_corrected	exact	NG_011631.1:raw:806	NG_011631.1:adapter:806	1.0
NG_011631.1	python_raw	adapter_corrected	exact	NG_011631.1:raw:807	NG_011631.1:adapter:807	1.0
NG_011631.1	python_raw	adapter_corrected	exact	NG_011631.1:raw:808	NG_011631.1:adapter:808	1.0
NG_011631.1	python_raw	adapter_corrected	exact	NG_011631.1:raw:809	NG_011631.1:adapter:809	1.0
NG_011631.1	python_raw	adapter_corrected	exact	NG_011631.1:raw:81	NG_011631.1:adapter:81	1.0
NG_011631.1	python_raw	adapter_corrected	exact	NG_011631.1:raw:810	NG_011631.1:adapter:810	1.0
NG_011631.1	python_raw	adapter_corrected	exact	NG_011631.1:raw:811	NG_011631.1:adapter:811	1.0
NG_011631.1	python_raw	adapter_corrected	exact	NG_011631.1:raw:812	NG_011631.1:adapter:812	1.0
NG_011631.1	python_raw	adapter_corrected	exact	NG_011631.1:raw:813	NG_011631.1:adapter:813	1.0
NG_011631.1	python_raw	adapter_corrected	exact	NG_011631.1:raw:814	NG_011631.1:adapter:814	1.0
NG_011631.1	python_raw	adapter_corrected	exact	NG_011631.1:raw:815	NG_011631.1:adapter:815	1.0
NG_011631.1	python_raw	adapter_corrected	exact	NG_011631.1:raw:816	NG_011631.1:adapter:816	1.0
NG_011631.1	python_raw	adapter_corrected	exact	NG_011631.1:raw:817	NG_011631.1:adapter:817	1.0
NG_011631.1	python_raw	adapter_corrected	exact	NG_011631.1:raw:818	NG_011631.1:adapter:818	1.0
NG_011631.1	python_raw	adapter_corrected	exact	NG_011631.1:raw:819	NG_011631.1:adapter:819	1.0
NG_011631.1	python_raw	adapter_corrected	exact	NG_011631.1:raw:82	NG_011631.1:adapter:82	1.0
NG_011631.1	python_raw	adapter_corrected	exact	NG_011631.1:raw:820	NG_011631.1:adapter:820	1.0
NG_011631.1	python_raw	adapter_corrected	exact	NG_011631.1:raw:821	NG_011631.1:adapter:821	1.0
NG_011631.1	python_raw	adapter_corrected	exact	NG_011631.1:raw:822	NG_011631.1:adapter:822	1.0
NG_011631.1	python_raw	adapter_corrected	exact	NG_011631.1:raw:823	NG_011631.1:adapter:823	1.0
NG_011631.1	python_raw	adapter_corrected	exact	NG_011631.1:raw:824	NG_011631.1:adapter:824	1.0
NG_011631.1	python_raw	adapter_corrected	exact	NG_011631.1:raw:825	NG_011631.1:adapter:825	1.0
NG_011631.1	python_raw	adapter_corrected	exact	NG_011631.1:raw:826	NG_011631.1:adapter:826	1.0
NG_011631.1	python_raw	adapter_corrected	exact	NG_011631.1:raw:827	NG_011631.1:adapter:827	1.0
NG_011631.1	python_raw	adapter_corrected	exact	NG_011631.1:raw:828	NG_011631.1:adapter:828	1.0
NG_011631.1	python_raw	adapter_corrected	exact	NG_011631.1:raw:829	NG_011631.1:adapter:829	1.0
NG_011631.1	python_raw	adapter_corrected	exact	NG_011631.1:raw:83	NG_011631.1:adapter:83	1.0
NG_011631.1	python_raw	adapter_corrected	exact	NG_011631.1:raw:830	NG_011631.1:adapter:830	1.0
NG_011631.1	python_raw	adapter_corrected	exact	NG_011631.1:raw:831	NG_011631.1:adapter:831	1.0
NG_011631.1	python_raw	adapter_corrected	exact	NG_011631.1:raw:832	NG_011631.1:adapter:832	1.0
NG_011631.1	python_raw	adapter_corrected	exact	NG_011631.1:raw:833	NG_011631.1:adapter:833	1.0
NG_011631.1	python_raw	adapter_corrected	exact	NG_011631.1:raw:834	NG_011631.1:adapter:834	1.0
NG_011631.1	python_raw	adapter_corrected	exact	NG_011631.1:raw:835	NG_011631.1:adapter:835	1.0
NG_011631.1	python_raw	adapter_corrected	exact	NG_011631.1:raw:836	NG_011631.1:adapter:836	1.0
NG_011631.1	python_raw	adapter_corrected	exact	NG_011631.1:raw:837	NG_011631.1:adapter:837	1.0
NG_011631.1	python_raw	adapter_corrected	exact	NG_011631.1:raw:838	NG_011631.1:adapter:838	1.0
NG_011631.1	python_raw	adapter_corrected	exact	NG_011631.1:raw:839	NG_011631.1:adapter:839	1.0
NG_011631.1	python_raw	adapter_corrected	exact	NG_011631.1:raw:84	NG_011631.1:adapter:84	1.0
NG_011631.1	python_raw	adapter_corrected	exact	NG_011631.1:raw:840	NG_011631.1:adapter:840	1.0
NG_011631.1	python_raw	adapter_corrected	exact	NG_011631.1:raw:841	NG_011631.1:adapter:841	1.0
NG_011631.1	python_raw	adapter_corrected	exact	NG_011631.1:raw:842	NG_011631.1:adapter:842	1.0
NG_011631.1	python_raw	adapter_corrected	exact	NG_011631.1:raw:843	NG_011631.1:adapter:843	1.0
NG_011631.1	python_raw	adapter_corrected	exact	NG_011631.1:raw:844	NG_011631.1:adapter:844	1.0
NG_011631.1	python_raw	adapter_corrected	exact	NG_011631.1:raw:845	NG_011631.1:adapter:845	1.0
NG_011631.1	python_raw	adapter_corrected	exact	NG_011631.1:raw:846	NG_011631.1:adapter:846	1.0
NG_011631.1	python_raw	adapter_corrected	exact	NG_011631.1:raw:847	NG_011631.1:adapter:847	1.0
NG_011631.1	python_raw	adapter_corrected	exact	NG_011631.1:raw:848	NG_011631.1:adapter:848	1.0
NG_011631.1	python_raw	adapter_corrected	exact	NG_011631.1:raw:849	NG_011631.1:adapter:849	1.0
NG_011631.1	python_raw	adapter_corrected	exact	NG_011631.1:raw:85	NG_011631.1:adapter:85	1.0
NG_011631.1	python_raw	adapter_corrected	exact	NG_011631.1:raw:850	NG_011631.1:adapter:850	1.0
NG_011631.1	python_raw	adapter_corrected	exact	NG_011631.1:raw:851	NG_011631.1:adapter:851	1.0
NG_011631.1	python_raw	adapter_corrected	exact	NG_011631.1:raw:852	NG_011631.1:adapter:852	1.0
NG_011631.1	python_raw	adapter_corrected	exact	NG_011631.1:raw:853	NG_011631.1:adapter:853	1.0
NG_011631.1	python_raw	adapter_corrected	exact	NG_011631.1:raw:854	NG_011631.1:adapter:854	1.0
NG_011631.1	python_raw	adapter_corrected	exact	NG_011631.1:raw:855	NG_011631.1:adapter:855	1.0
NG_011631.1	python_raw	adapter_corrected	exact	NG_011631.1:raw:856	NG_011631.1:adapter:856	1.0
NG_011631.1	python_raw	adapter_corrected	exact	NG_011631.1:raw:857	NG_011631.1:adapter:857	1.0
NG_011631.1	python_raw	adapter_corrected	exact	NG_011631.1:raw:858	NG_011631.1:adapter:858	1.0
NG_011631.1	python_raw	adapter_corrected	exact	NG_011631.1:raw:859	NG_011631.1:adapter:859	1.0
NG_011631.1	python_raw	adapter_corrected	exact	NG_011631.1:raw:86	NG_011631.1:adapter:86	1.0
NG_011631.1	python_raw	adapter_corrected	exact	NG_011631.1:raw:860	NG_011631.1:adapter:860	1.0
NG_011631.1	python_raw	adapter_corrected	exact	NG_011631.1:raw:861	NG_011631.1:adapter:861	1.0
NG_011631.1	python_raw	adapter_corrected	exact	NG_011631.1:raw:862	NG_011631.1:adapter:862	1.0
NG_011631.1	python_raw	adapter_corrected	exact	NG_011631.1:raw:863	NG_011631.1:adapter:863	1.0
NG_011631.1	python_raw	adapter_corrected	exact	NG_011631.1:raw:864	NG_011631.1:adapter:864	1.0
NG_011631.1	python_raw	adapter_corrected	exact	NG_011631.1:raw:865	NG_011631.1:adapter:865	1.0
NG_011631.1	python_raw	adapter_corrected	exact	NG_011631.1:raw:866	NG_011631.1:adapter:866	1.0
NG_011631.1	python_raw	adapter_corrected	exact	NG_011631.1:raw:867	NG_011631.1:adapter:867	1.0
NG_011631.1	python_raw	adapter_corrected	exact	NG_011631.1:raw:868	NG_011631.1:adapter:868	1.0
NG_011631.1	python_raw	adapter_corrected	exact	NG_011631.1:raw:869	NG_011631.1:adapter:869	1.0
NG_011631.1	python_raw	adapter_corrected	exact	NG_011631.1:raw:87	NG_011631.1:adapter:87	1.0
NG_011631.1	python_raw	adapter_corrected	exact	NG_011631.1:raw:870	NG_011631.1:adapter:870	1.0
NG_011631.1	python_raw	adapter_corrected	exact	NG_011631.1:raw:871	NG_011631.1:adapter:871	1.0
NG_011631.1	python_raw	adapter_corrected	exact	NG_011631.1:raw:872	NG_011631.1:adapter:872	1.0
NG_011631.1	python_raw	adapter_corrected	exact	NG_011631.1:raw:873	NG_011631.1:adapter:873	1.0
NG_011631.1	python_raw	adapter_corrected	exact	NG_011631.1:raw:874	NG_011631.1:adapter:874	1.0
NG_011631.1	python_raw	adapter_corrected	exact	NG_011631.1:raw:875	NG_011631.1:adapter:875	1.0
NG_011631.1	python_raw	adapter_corrected	exact	NG_011631.1:raw:876	NG_011631.1:adapter:876	1.0
NG_011631.1	python_raw	adapter_corrected	exact	NG_011631.1:raw:877	NG_011631.1:adapter:877	1.0
NG_011631.1	python_raw	adapter_corrected	exact	NG_011631.1:raw:878	NG_011631.1:adapter:878	1.0
NG_011631.1	python_raw	adapter_corrected	exact	NG_011631.1:raw:879	NG_011631.1:adapter:879	1.0
NG_011631.1	python_raw	adapter_corrected	exact	NG_011631.1:raw:88	NG_011631.1:adapter:88	1.0
NG_011631.1	python_raw	adapter_corrected	exact	NG_011631.1:raw:880	NG_011631.1:adapter:880	1.0
NG_011631.1	python_raw	adapter_corrected	exact	NG_011631.1:raw:881	NG_011631.1:adapter:881	1.0
NG_011631.1	python_raw	adapter_corrected	exact	NG_011631.1:raw:882	NG_011631.1:adapter:882	1.0
NG_011631.1	python_raw	adapter_corrected	exact	NG_011631.1:raw:883	NG_011631.1:adapter:883	1.0
NG_011631.1	python_raw	adapter_corrected	exact	NG_011631.1:raw:884	NG_011631.1:adapter:884	1.0
NG_011631.1	python_raw	adapter_corrected	exact	NG_011631.1:raw:885	NG_011631.1:adapter:885	1.0
NG_011631.1	python_raw	adapter_corrected	exact	NG_011631.1:raw:886	NG_011631.1:adapter:886	1.0
NG_011631.1	python_raw	adapter_corrected	exact	NG_011631.1:raw:887	NG_011631.1:adapter:887	1.0
NG_011631.1	python_raw	adapter_corrected	exact	NG_011631.1:raw:888	NG_011631.1:adapter:888	1.0
NG_011631.1	python_raw	adapter_corrected	exact	NG_011631.1:raw:889	NG_011631.1:adapter:889	1.0
NG_011631.1	python_raw	adapter_corrected	exact	NG_011631.1:raw:89	NG_011631.1:adapter:89	1.0
NG_011631.1	python_raw	adapter_corrected	exact	NG_011631.1:raw:890	NG_011631.1:adapter:890	1.0
NG_011631.1	python_raw	adapter_corrected	exact	NG_011631.1:raw:891	NG_011631.1:adapter:891	1.0
NG_011631.1	python_raw	adapter_corrected	exact	NG_011631.1:raw:892	NG_011631.1:adapter:892	1.0
NG_011631.1	python_raw	adapter_corrected	exact	NG_011631.1:raw:893	NG_011631.1:adapter:893	1.0
NG_011631.1	python_raw	adapter_corrected	exact	NG_011631.1:raw:894	NG_011631.1:adapter:894	1.0
NG_011631.1	python_raw	adapter_corrected	exact	NG_011631.1:raw:895	NG_011631.1:adapter:895	1.0
NG_011631.1	python_raw	adapter_corrected	exact	NG_011631.1:raw:896	NG_011631.1:adapter:896	1.0
NG_011631.1	python_raw	adapter_corrected	exact	NG_011631.1:raw:897	NG_011631.1:adapter:897	1.0
NG_011631.1	python_raw	adapter_corrected	exact	NG_011631.1:raw:898	NG_011631.1:adapter:898	1.0
NG_011631.1	python_raw	adapter_corrected	exact	NG_011631.1:raw:899	NG_011631.1:adapter:899	1.0
NG_011631.1	python_raw	adapter_corrected	exact	NG_011631.1:raw:9	NG_011631.1:adapter:9	1.0
NG_011631.1	python_raw	adapter_corrected	exact	NG_011631.1:raw:90	NG_011631.1:adapter:90	1.0
NG_011631.1	python_raw	adapter_corrected	exact	NG_011631.1:raw:900	NG_011631.1:adapter:900	1.0
NG_011631.1	python_raw	adapter_corrected	exact	NG_011631.1:raw:901	NG_011631.1:adapter:901	1.0
NG_011631.1	python_raw	adapter_corrected	exact	NG_011631.1:raw:902	NG_011631.1:adapter:902	1.0
NG_011631.1	python_raw	adapter_corrected	exact	NG_011631.1:raw:903	NG_011631.1:adapter:903	1.0
NG_011631.1	python_raw	adapter_corrected	exact	NG_011631.1:raw:904	NG_011631.1:adapter:904	1.0
NG_011631.1	python_raw	adapter_corrected	exact	NG_011631.1:raw:905	NG_011631.1:adapter:905	1.0
NG_011631.1	python_raw	adapter_corrected	exact	NG_011631.1:raw:906	NG_011631.1:adapter:906	1.0
NG_011631.1	python_raw	adapter_corrected	exact	NG_011631.1:raw:907	NG_011631.1:adapter:907	1.0
NG_011631.1	python_raw	adapter_corrected	exact	NG_011631.1:raw:908	NG_011631.1:adapter:908	1.0
NG_011631.1	python_raw	adapter_corrected	exact	NG_011631.1:raw:909	NG_011631.1:adapter:909	1.0
NG_011631.1	python_raw	adapter_corrected	exact	NG_011631.1:raw:91	NG_011631.1:adapter:91	1.0
NG_011631.1	python_raw	adapter_corrected	exact	NG_011631.1:raw:910	NG_011631.1:adapter:910	1.0
NG_011631.1	python_raw	adapter_corrected	exact	NG_011631.1:raw:911	NG_011631.1:adapter:911	1.0
NG_011631.1	python_raw	adapter_corrected	exact	NG_011631.1:raw:912	NG_011631.1:adapter:912	1.0
NG_011631.1	python_raw	adapter_corrected	exact	NG_011631.1:raw:913	NG_011631.1:adapter:913	1.0
NG_011631.1	python_raw	adapter_corrected	exact	NG_011631.1:raw:914	NG_011631.1:adapter:914	1.0
NG_011631.1	python_raw	adapter_corrected	exact	NG_011631.1:raw:915	NG_011631.1:adapter:915	1.0
NG_011631.1	python_raw	adapter_corrected	exact	NG_011631.1:raw:916	NG_011631.1:adapter:916	1.0
NG_011631.1	python_raw	adapter_corrected	exact	NG_011631.1:raw:917	NG_011631.1:adapter:917	1.0
NG_011631.1	python_raw	adapter_corrected	exact	NG_011631.1:raw:918	NG_011631.1:adapter:918	1.0
NG_011631.1	python_raw	adapter_corrected	exact	NG_011631.1:raw:919	NG_011631.1:adapter:919	1.0
NG_011631.1	python_raw	adapter_corrected	exact	NG_011631.1:raw:92	NG_011631.1:adapter:92	1.0
NG_011631.1	python_raw	adapter_corrected	exact	NG_011631.1:raw:920	NG_011631.1:adapter:920	1.0
NG_011631.1	python_raw	adapter_corrected	exact	NG_011631.1:raw:921	NG_011631.1:adapter:921	1.0
NG_011631.1	python_raw	adapter_corrected	exact	NG_011631.1:raw:922	NG_011631.1:adapter:922	1.0
NG_011631.1	python_raw	adapter_corrected	exact	NG_011631.1:raw:923	NG_011631.1:adapter:923	1.0
NG_011631.1	python_raw	adapter_corrected	exact	NG_011631.1:raw:924	NG_011631.1:adapter:924	1.0
NG_011631.1	python_raw	adapter_corrected	exact	NG_011631.1:raw:925	NG_011631.1:adapter:925	1.0
NG_011631.1	python_raw	adapter_corrected	exact	NG_011631.1:raw:926	NG_011631.1:adapter:926	1.0
NG_011631.1	python_raw	adapter_corrected	exact	NG_011631.1:raw:927	NG_011631.1:adapter:927	1.0
NG_011631.1	python_raw	adapter_corrected	exact	NG_011631.1:raw:928	NG_011631.1:adapter:928	1.0
NG_011631.1	python_raw	adapter_corrected	exact	NG_011631.1:raw:929	NG_011631.1:adapter:929	1.0
NG_011631.1	python_raw	adapter_corrected	exact	NG_011631.1:raw:93	NG_011631.1:adapter:93	1.0
NG_011631.1	python_raw	adapter_corrected	exact	NG_011631.1:raw:930	NG_011631.1:adapter:930	1.0
NG_011631.1	python_raw	adapter_corrected	exact	NG_011631.1:raw:931	NG_011631.1:adapter:931	1.0
NG_011631.1	python_raw	adapter_corrected	exact	NG_011631.1:raw:932	NG_011631.1:adapter:932	1.0
NG_011631.1	python_raw	adapter_corrected	exact	NG_011631.1:raw:933	NG_011631.1:adapter:933	1.0
NG_011631.1	python_raw	adapter_corrected	exact	NG_011631.1:raw:934	NG_011631.1:adapter:934	1.0
NG_011631.1	python_raw	adapter_corrected	exact	NG_011631.1:raw:935	NG_011631.1:adapter:935	1.0
NG_011631.1	python_raw	adapter_corrected	exact	NG_011631.1:raw:936	NG_011631.1:adapter:936	1.0
NG_011631.1	python_raw	adapter_corrected	exact	NG_011631.1:raw:937	NG_011631.1:adapter:937	1.0
NG_011631.1	python_raw	adapter_corrected	exact	NG_011631.1:raw:938	NG_011631.1:adapter:938	1.0
NG_011631.1	python_raw	adapter_corrected	exact	NG_011631.1:raw:939	NG_011631.1:adapter:939	1.0
NG_011631.1	python_raw	adapter_corrected	exact	NG_011631.1:raw:94	NG_011631.1:adapter:94	1.0
NG_011631.1	python_raw	adapter_corrected	exact	NG_011631.1:raw:940	NG_011631.1:adapter:940	1.0
NG_011631.1	python_raw	adapter_corrected	exact	NG_011631.1:raw:941	NG_011631.1:adapter:941	1.0
NG_011631.1	python_raw	adapter_corrected	exact	NG_011631.1:raw:942	NG_011631.1:adapter:942	1.0
NG_011631.1	python_raw	adapter_corrected	exact	NG_011631.1:raw:943	NG_011631.1:adapter:943	1.0
NG_011631.1	python_raw	adapter_corrected	exact	NG_011631.1:raw:944	NG_011631.1:adapter:944	1.0
NG_011631.1	python_raw	adapter_corrected	exact	NG_011631.1:raw:945	NG_011631.1:adapter:945	1.0
NG_011631.1	python_raw	adapter_corrected	exact	NG_011631.1:raw:946	NG_011631.1:adapter:946	1.0
NG_011631.1	python_raw	adapter_corrected	exact	NG_011631.1:raw:947	NG_011631.1:adapter:947	1.0
NG_011631.1	python_raw	adapter_corrected	exact	NG_011631.1:raw:948	NG_011631.1:adapter:948	1.0
NG_011631.1	python_raw	adapter_corrected	exact	NG_011631.1:raw:949	NG_011631.1:adapter:949	1.0
NG_011631.1	python_raw	adapter_corrected	exact	NG_011631.1:raw:95	NG_011631.1:adapter:95	1.0
NG_011631.1	python_raw	adapter_corrected	exact	NG_011631.1:raw:950	NG_011631.1:adapter:950	1.0
NG_011631.1	python_raw	adapter_corrected	exact	NG_011631.1:raw:951	NG_011631.1:adapter:951	1.0
NG_011631.1	python_raw	adapter_corrected	exact	NG_011631.1:raw:952	NG_011631.1:adapter:952	1.0
NG_011631.1	python_raw	adapter_corrected	exact	NG_011631.1:raw:953	NG_011631.1:adapter:953	1.0
NG_011631.1	python_raw	adapter_corrected	exact	NG_011631.1:raw:954	NG_011631.1:adapter:954	1.0
NG_011631.1	python_raw	adapter_corrected	exact	NG_011631.1:raw:955	NG_011631.1:adapter:955	1.0
NG_011631.1	python_raw	adapter_corrected	exact	NG_011631.1:raw:956	NG_011631.1:adapter:956	1.0
NG_011631.1	python_raw	adapter_corrected	exact	NG_011631.1:raw:957	NG_011631.1:adapter:957	1.0
NG_011631.1	python_raw	adapter_corrected	exact	NG_011631.1:raw:958	NG_011631.1:adapter:958	1.0
NG_011631.1	python_raw	adapter_corrected	exact	NG_011631.1:raw:959	NG_011631.1:adapter:959	1.0
NG_011631.1	python_raw	adapter_corrected	exact	NG_011631.1:raw:96	NG_011631.1:adapter:96	1.0
NG_011631.1	python_raw	adapter_corrected	exact	NG_011631.1:raw:960	NG_011631.1:adapter:960	1.0
NG_011631.1	python_raw	adapter_corrected	exact	NG_011631.1:raw:961	NG_011631.1:adapter:961	1.0
NG_011631.1	python_raw	adapter_corrected	exact	NG_011631.1:raw:962	NG_011631.1:adapter:962	1.0
NG_011631.1	python_raw	adapter_corrected	exact	NG_011631.1:raw:963	NG_011631.1:adapter:963	1.0
NG_011631.1	python_raw	adapter_corrected	exact	NG_011631.1:raw:964	NG_011631.1:adapter:964	1.0
NG_011631.1	python_raw	adapter_corrected	exact	NG_011631.1:raw:965	NG_011631.1:adapter:965	1.0
NG_011631.1	python_raw	adapter_corrected	exact	NG_011631.1:raw:966	NG_011631.1:adapter:966	1.0
NG_011631.1	python_raw	adapter_corrected	exact	NG_011631.1:raw:967	NG_011631.1:adapter:967	1.0
NG_011631.1	python_raw	adapter_corrected	exact	NG_011631.1:raw:968	NG_011631.1:adapter:968	1.0
NG_011631.1	python_raw	adapter_corrected	exact	NG_011631.1:raw:969	NG_011631.1:adapter:969	1.0
NG_011631.1	python_raw	adapter_corrected	exact	NG_011631.1:raw:97	NG_011631.1:adapter:97	1.0
NG_011631.1	python_raw	adapter_corrected	exact	NG_011631.1:raw:970	NG_011631.1:adapter:970	1.0
NG_011631.1	python_raw	adapter_corrected	exact	NG_011631.1:raw:971	NG_011631.1:adapter:971	1.0
NG_011631.1	python_raw	adapter_corrected	exact	NG_011631.1:raw:972	NG_011631.1:adapter:972	1.0
NG_011631.1	python_raw	adapter_corrected	exact	NG_011631.1:raw:973	NG_011631.1:adapter:973	1.0
NG_011631.1	python_raw	adapter_corrected	exact	NG_011631.1:raw:974	NG_011631.1:adapter:974	1.0
NG_011631.1	python_raw	adapter_corrected	exact	NG_011631.1:raw:975	NG_011631.1:adapter:975	1.0
NG_011631.1	python_raw	adapter_corrected	exact	NG_011631.1:raw:976	NG_011631.1:adapter:976	1.0
NG_011631.1	python_raw	adapter_corrected	exact	NG_011631.1:raw:977	NG_011631.1:adapter:977	1.0
NG_011631.1	python_raw	adapter_corrected	exact	NG_011631.1:raw:978	NG_011631.1:adapter:978	1.0
NG_011631.1	python_raw	adapter_corrected	exact	NG_011631.1:raw:979	NG_011631.1:adapter:979	1.0
NG_011631.1	python_raw	adapter_corrected	exact	NG_011631.1:raw:98	NG_011631.1:adapter:98	1.0
NG_011631.1	python_raw	adapter_corrected	exact	NG_011631.1:raw:980	NG_011631.1:adapter:980	1.0
NG_011631.1	python_raw	adapter_corrected	exact	NG_011631.1:raw:981	NG_011631.1:adapter:981	1.0
NG_011631.1	python_raw	adapter_corrected	exact	NG_011631.1:raw:982	NG_011631.1:adapter:982	1.0
NG_011631.1	python_raw	adapter_corrected	exact	NG_011631.1:raw:983	NG_011631.1:adapter:983	1.0
NG_011631.1	python_raw	adapter_corrected	exact	NG_011631.1:raw:984	NG_011631.1:adapter:984	1.0
NG_011631.1	python_raw	adapter_corrected	exact	NG_011631.1:raw:985	NG_011631.1:adapter:985	1.0
NG_011631.1	python_raw	adapter_corrected	exact	NG_011631.1:raw:986	NG_011631.1:adapter:986	1.0
NG_011631.1	python_raw	adapter_corrected	exact	NG_011631.1:raw:987	NG_011631.1:adapter:987	1.0
NG_011631.1	python_raw	adapter_corrected	exact	NG_011631.1:raw:988	NG_011631.1:adapter:988	1.0
NG_011631.1	python_raw	adapter_corrected	exact	NG_011631.1:raw:989	NG_011631.1:adapter:989	1.0
NG_011631.1	python_raw	adapter_corrected	exact	NG_011631.1:raw:99	NG_011631.1:adapter:99	1.0
NG_011631.1	python_raw	adapter_corrected	exact	NG_011631.1:raw:990	NG_011631.1:adapter:990	1.0
NG_011631.1	python_raw	adapter_corrected	exact	NG_011631.1:raw:991	NG_011631.1:adapter:991	1.0
NG_011631.1	python_raw	adapter_corrected	exact	NG_011631.1:raw:992	NG_011631.1:adapter:992	1.0
NG_011631.1	python_raw	adapter_corrected	exact	NG_011631.1:raw:993	NG_011631.1:adapter:993	1.0
NG_011631.1	python_raw	adapter_corrected	exact	NG_011631.1:raw:994	NG_011631.1:adapter:994	1.0
NG_011631.1	python_raw	adapter_corrected	exact	NG_011631.1:raw:995	NG_011631.1:adapter:995	1.0
NG_011631.1	python_raw	adapter_corrected	exact	NG_011631.1:raw:996	NG_011631.1:adapter:996	1.0
NG_011631.1	python_raw	adapter_corrected	exact	NG_011631.1:raw:997	NG_011631.1:adapter:997	1.0
NG_011631.1	python_raw	adapter_corrected	exact	NG_011631.1:raw:998	NG_011631.1:adapter:998	1.0
NG_011631.1	python_raw	adapter_corrected	exact	NG_011631.1:raw:999	NG_011631.1:adapter:999	1.0
NG_008181.2	python_raw	ncbi	exact	NG_008181.2:raw:1	NG_008181.2:ncbi:ORF67_NG_008181.2	1.0
NG_008181.2	python_raw	ncbi	exact	NG_008181.2:raw:10	NG_008181.2:ncbi:ORF11_NG_008181.2	1.0
NG_008181.2	python_raw	ncbi	exact	NG_008181.2:raw:11	NG_008181.2:ncbi:ORF2_NG_008181.2	1.0
NG_008181.2	python_raw	ncbi	exact	NG_008181.2:raw:12	NG_008181.2:ncbi:ORF52_NG_008181.2	1.0
NG_008181.2	python_raw	ncbi	exact	NG_008181.2:raw:13	NG_008181.2:ncbi:ORF53_NG_008181.2	1.0
NG_008181.2	python_raw	ncbi	exact	NG_008181.2:raw:14	NG_008181.2:ncbi:ORF21_NG_008181.2	1.0
NG_008181.2	python_raw	ncbi	exact	NG_008181.2:raw:15	NG_008181.2:ncbi:ORF19_NG_008181.2	1.0
NG_008181.2	python_raw	ncbi	exact	NG_008181.2:raw:16	NG_008181.2:ncbi:ORF41_NG_008181.2	1.0
NG_008181.2	python_raw	ncbi	exact	NG_008181.2:raw:17	NG_008181.2:ncbi:ORF47_NG_008181.2	1.0
NG_008181.2	python_raw	ncbi	exact	NG_008181.2:raw:18	NG_008181.2:ncbi:ORF15_NG_008181.2	1.0
NG_008181.2	python_raw	ncbi	exact	NG_008181.2:raw:19	NG_008181.2:ncbi:ORF72_NG_008181.2	1.0
NG_008181.2	python_raw	ncbi	exact	NG_008181.2:raw:2	NG_008181.2:ncbi:ORF27_NG_008181.2	1.0
NG_008181.2	python_raw	ncbi	exact	NG_008181.2:raw:20	NG_008181.2:ncbi:ORF8_NG_008181.2	1.0
NG_008181.2	python_raw	ncbi	exact	NG_008181.2:raw:21	NG_008181.2:ncbi:ORF70_NG_008181.2	1.0
NG_008181.2	python_raw	ncbi	exact	NG_008181.2:raw:22	NG_008181.2:ncbi:ORF44_NG_008181.2	1.0
NG_008181.2	python_raw	ncbi	exact	NG_008181.2:raw:23	NG_008181.2:ncbi:ORF23_NG_008181.2	1.0
NG_008181.2	python_raw	ncbi	exact	NG_008181.2:raw:24	NG_008181.2:ncbi:ORF18_NG_008181.2	1.0
NG_008181.2	python_raw	ncbi	exact	NG_008181.2:raw:25	NG_008181.2:ncbi:ORF33_NG_008181.2	1.0
NG_008181.2	python_raw	ncbi	exact	NG_008181.2:raw:26	NG_008181.2:ncbi:ORF4_NG_008181.2	1.0
NG_008181.2	python_raw	ncbi	exact	NG_008181.2:raw:27	NG_008181.2:ncbi:ORF31_NG_008181.2	1.0
NG_008181.2	python_raw	ncbi	exact	NG_008181.2:raw:28	NG_008181.2:ncbi:ORF42_NG_008181.2	1.0
NG_008181.2	python_raw	ncbi	exact	NG_008181.2:raw:29	NG_008181.2:ncbi:ORF55_NG_008181.2	1.0
NG_008181.2	python_raw	ncbi	exact	NG_008181.2:raw:3	NG_008181.2:ncbi:ORF9_NG_008181.2	1.0
NG_008181.2	python_raw	ncbi	exact	NG_008181.2:raw:30	NG_008181.2:ncbi:ORF77_NG_008181.2	1.0
NG_008181.2	python_raw	ncbi	exact	NG_008181.2:raw:31	NG_008181.2:ncbi:ORF68_NG_008181.2	1.0
NG_008181.2	python_raw	ncbi	exact	NG_008181.2:raw:32	NG_008181.2:ncbi:ORF25_NG_008181.2	1.0
NG_008181.2	python_raw	ncbi	exact	NG_008181.2:raw:33	NG_008181.2:ncbi:ORF17_NG_008181.2	1.0
NG_008181.2	python_raw	ncbi	exact	NG_008181.2:raw:34	NG_008181.2:ncbi:ORF28_NG_008181.2	1.0
NG_008181.2	python_raw	ncbi	exact	NG_008181.2:raw:35	NG_008181.2:ncbi:ORF16_NG_008181.2	1.0
NG_008181.2	python_raw	ncbi	exact	NG_008181.2:raw:36	NG_008181.2:ncbi:ORF36_NG_008181.2	1.0
NG_008181.2	python_raw	ncbi	exact	NG_008181.2:raw:37	NG_008181.2:ncbi:ORF74_NG_008181.2	1.0
NG_008181.2	python_raw	ncbi	exact	NG_008181.2:raw:38	NG_008181.2:ncbi:ORF63_NG_008181.2	1.0
NG_008181.2	python_raw	ncbi	exact	NG_008181.2:raw:39	NG_008181.2:ncbi:ORF6_NG_008181.2	1.0
NG_008181.2	python_raw	ncbi	exact	NG_008181.2:raw:4	NG_008181.2:ncbi:ORF45_NG_008181.2	1.0
NG_008181.2	python_raw	ncbi	exact	NG_008181.2:raw:40	NG_008181.2:ncbi:ORF38_NG_008181.2	1.0
NG_008181.2	python_raw	ncbi	exact	NG_008181.2:raw:41	NG_008181.2:ncbi:ORF24_NG_008181.2	1.0
NG_008181.2	python_raw	ncbi	exact	NG_008181.2:raw:42	NG_008181.2:ncbi:ORF83_NG_008181.2	1.0
NG_008181.2	python_raw	ncbi	exact	NG_008181.2:raw:43	NG_008181.2:ncbi:ORF3_NG_008181.2	1.0
NG_008181.2	python_raw	ncbi	exact	NG_008181.2:raw:44	NG_008181.2:ncbi:ORF54_NG_008181.2	1.0
NG_008181.2	python_raw	ncbi	exact	NG_008181.2:raw:45	NG_008181.2:ncbi:ORF32_NG_008181.2	1.0
NG_008181.2	python_raw	ncbi	exact	NG_008181.2:raw:46	NG_008181.2:ncbi:ORF46_NG_008181.2	1.0
NG_008181.2	python_raw	ncbi	exact	NG_008181.2:raw:47	NG_008181.2:ncbi:ORF20_NG_008181.2	1.0
NG_008181.2	python_raw	ncbi	exact	NG_008181.2:raw:48	NG_008181.2:ncbi:ORF73_NG_008181.2	1.0
NG_008181.2	python_raw	ncbi	exact	NG_008181.2:raw:49	NG_008181.2:ncbi:ORF43_NG_008181.2	1.0
NG_008181.2	python_raw	ncbi	exact	NG_008181.2:raw:5	NG_008181.2:ncbi:ORF56_NG_008181.2	1.0
NG_008181.2	python_raw	ncbi	exact	NG_008181.2:raw:50	NG_008181.2:ncbi:ORF58_NG_008181.2	1.0
NG_008181.2	python_raw	ncbi	exact	NG_008181.2:raw:51	NG_008181.2:ncbi:ORF40_NG_008181.2	1.0
NG_008181.2	python_raw	ncbi	exact	NG_008181.2:raw:52	NG_008181.2:ncbi:ORF26_NG_008181.2	1.0
NG_008181.2	python_raw	ncbi	exact	NG_008181.2:raw:53	NG_008181.2:ncbi:ORF66_NG_008181.2	1.0
NG_008181.2	python_raw	ncbi	exact	NG_008181.2:raw:54	NG_008181.2:ncbi:ORF30_NG_008181.2	1.0
NG_008181.2	python_raw	ncbi	exact	NG_008181.2:raw:55	NG_008181.2:ncbi:ORF48_NG_008181.2	1.0
NG_008181.2	python_raw	ncbi	exact	NG_008181.2:raw:56	NG_008181.2:ncbi:ORF1_NG_008181.2	1.0
NG_008181.2	python_raw	ncbi	exact	NG_008181.2:raw:57	NG_008181.2:ncbi:ORF10_NG_008181.2	1.0
NG_008181.2	python_raw	ncbi	exact	NG_008181.2:raw:58	NG_008181.2:ncbi:ORF29_NG_008181.2	1.0
NG_008181.2	python_raw	ncbi	exact	NG_008181.2:raw:59	NG_008181.2:ncbi:ORF69_NG_008181.2	1.0
NG_008181.2	python_raw	ncbi	exact	NG_008181.2:raw:6	NG_008181.2:ncbi:ORF79_NG_008181.2	1.0
NG_008181.2	python_raw	ncbi	exact	NG_008181.2:raw:60	NG_008181.2:ncbi:ORF76_NG_008181.2	1.0
NG_008181.2	python_raw	ncbi	exact	NG_008181.2:raw:61	NG_008181.2:ncbi:ORF14_NG_008181.2	1.0
NG_008181.2	python_raw	ncbi	exact	NG_008181.2:raw:62	NG_008181.2:ncbi:ORF60_NG_008181.2	1.0
NG_008181.2	python_raw	ncbi	exact	NG_008181.2:raw:63	NG_008181.2:ncbi:ORF84_NG_008181.2	1.0
NG_008181.2	python_raw	ncbi	exact	NG_008181.2:raw:64	NG_008181.2:ncbi:ORF62_NG_008181.2	1.0
NG_008181.2	python_raw	ncbi	exact	NG_008181.2:raw:65	NG_008181.2:ncbi:ORF57_NG_008181.2	1.0
NG_008181.2	python_raw	ncbi	exact	NG_008181.2:raw:66	NG_008181.2:ncbi:ORF22_NG_008181.2	1.0
NG_008181.2	python_raw	ncbi	exact	NG_008181.2:raw:67	NG_008181.2:ncbi:ORF39_NG_008181.2	1.0
NG_008181.2	python_raw	ncbi	exact	NG_008181.2:raw:68	NG_008181.2:ncbi:ORF78_NG_008181.2	1.0
NG_008181.2	python_raw	ncbi	exact	NG_008181.2:raw:69	NG_008181.2:ncbi:ORF7_NG_008181.2	1.0
NG_008181.2	python_raw	ncbi	exact	NG_008181.2:raw:7	NG_008181.2:ncbi:ORF50_NG_008181.2	1.0
NG_008181.2	python_raw	ncbi	exact	NG_008181.2:raw:70	NG_008181.2:ncbi:ORF61_NG_008181.2	1.0
NG_008181.2	python_raw	ncbi	exact	NG_008181.2:raw:71	NG_008181.2:ncbi:ORF64_NG_008181.2	1.0
NG_008181.2	python_raw	ncbi	exact	NG_008181.2:raw:72	NG_008181.2:ncbi:ORF65_NG_008181.2	1.0
NG_008181.2	python_raw	ncbi	exact	NG_008181.2:raw:73	NG_008181.2:ncbi:ORF13_NG_008181.2	1.0
NG_008181.2	python_raw	ncbi	exact	NG_008181.2:raw:74	NG_008181.2:ncbi:ORF59_NG_008181.2	1.0
NG_008181.2	python_raw	ncbi	exact	NG_008181.2:raw:75	NG_008181.2:ncbi:ORF82_NG_008181.2	1.0
NG_008181.2	python_raw	ncbi	exact	NG_008181.2:raw:76	NG_008181.2:ncbi:ORF51_NG_008181.2	1.0
NG_008181.2	python_raw	ncbi	exact	NG_008181.2:raw:77	NG_008181.2:ncbi:ORF37_NG_008181.2	1.0
NG_008181.2	python_raw	ncbi	exact	NG_008181.2:raw:78	NG_008181.2:ncbi:ORF34_NG_008181.2	1.0
NG_008181.2	python_raw	ncbi	exact	NG_008181.2:raw:79	NG_008181.2:ncbi:ORF49_NG_008181.2	1.0
NG_008181.2	python_raw	ncbi	exact	NG_008181.2:raw:8	NG_008181.2:ncbi:ORF5_NG_008181.2	1.0
NG_008181.2	python_raw	ncbi	exact	NG_008181.2:raw:80	NG_008181.2:ncbi:ORF81_NG_008181.2	1.0
NG_008181.2	python_raw	ncbi	exact	NG_008181.2:raw:81	NG_008181.2:ncbi:ORF71_NG_008181.2	1.0
NG_008181.2	python_raw	ncbi	exact	NG_008181.2:raw:82	NG_008181.2:ncbi:ORF35_NG_008181.2	1.0
NG_008181.2	python_raw	ncbi	exact	NG_008181.2:raw:83	NG_008181.2:ncbi:ORF75_NG_008181.2	1.0
NG_008181.2	python_raw	ncbi	exact	NG_008181.2:raw:84	NG_008181.2:ncbi:ORF12_NG_008181.2	1.0
NG_008181.2	python_raw	ncbi	exact	NG_008181.2:raw:9	NG_008181.2:ncbi:ORF80_NG_008181.2	1.0
NG_047027.2	python_raw	ncbi	exact	NG_047027.2:raw:1	NG_047027.2:ncbi:ORF5_NG_047027.2	1.0
NG_047027.2	python_raw	ncbi	exact	NG_047027.2:raw:10	NG_047027.2:ncbi:ORF51_NG_047027.2	1.0
NG_047027.2	python_raw	ncbi	exact	NG_047027.2:raw:11	NG_047027.2:ncbi:ORF33_NG_047027.2	1.0
NG_047027.2	python_raw	ncbi	exact	NG_047027.2:raw:12	NG_047027.2:ncbi:ORF23_NG_047027.2	1.0
NG_047027.2	python_raw	ncbi	exact	NG_047027.2:raw:13	NG_047027.2:ncbi:ORF12_NG_047027.2	1.0
NG_047027.2	python_raw	ncbi	exact	NG_047027.2:raw:14	NG_047027.2:ncbi:ORF8_NG_047027.2	1.0
NG_047027.2	python_raw	ncbi	exact	NG_047027.2:raw:15	NG_047027.2:ncbi:ORF45_NG_047027.2	1.0
NG_047027.2	python_raw	ncbi	exact	NG_047027.2:raw:16	NG_047027.2:ncbi:ORF54_NG_047027.2	1.0
NG_047027.2	python_raw	ncbi	exact	NG_047027.2:raw:17	NG_047027.2:ncbi:ORF35_NG_047027.2	1.0
NG_047027.2	python_raw	ncbi	exact	NG_047027.2:raw:18	NG_047027.2:ncbi:ORF29_NG_047027.2	1.0
NG_047027.2	python_raw	ncbi	exact	NG_047027.2:raw:19	NG_047027.2:ncbi:ORF37_NG_047027.2	1.0
NG_047027.2	python_raw	ncbi	exact	NG_047027.2:raw:2	NG_047027.2:ncbi:ORF43_NG_047027.2	1.0
NG_047027.2	python_raw	ncbi	exact	NG_047027.2:raw:20	NG_047027.2:ncbi:ORF7_NG_047027.2	1.0
NG_047027.2	python_raw	ncbi	exact	NG_047027.2:raw:21	NG_047027.2:ncbi:ORF13_NG_047027.2	1.0
NG_047027.2	python_raw	ncbi	exact	NG_047027.2:raw:22	NG_047027.2:ncbi:ORF15_NG_047027.2	1.0
NG_047027.2	python_raw	ncbi	exact	NG_047027.2:raw:23	NG_047027.2:ncbi:ORF1_NG_047027.2	1.0
NG_047027.2	python_raw	ncbi	exact	NG_047027.2:raw:24	NG_047027.2:ncbi:ORF34_NG_047027.2	1.0
NG_047027.2	python_raw	ncbi	exact	NG_047027.2:raw:25	NG_047027.2:ncbi:ORF10_NG_047027.2	1.0
NG_047027.2	python_raw	ncbi	exact	NG_047027.2:raw:26	NG_047027.2:ncbi:ORF16_NG_047027.2	1.0
NG_047027.2	python_raw	ncbi	exact	NG_047027.2:raw:27	NG_047027.2:ncbi:ORF36_NG_047027.2	1.0
NG_047027.2	python_raw	ncbi	exact	NG_047027.2:raw:28	NG_047027.2:ncbi:ORF46_NG_047027.2	1.0
NG_047027.2	python_raw	ncbi	exact	NG_047027.2:raw:29	NG_047027.2:ncbi:ORF27_NG_047027.2	1.0
NG_047027.2	python_raw	ncbi	exact	NG_047027.2:raw:3	NG_047027.2:ncbi:ORF40_NG_047027.2	1.0
NG_047027.2	python_raw	ncbi	exact	NG_047027.2:raw:30	NG_047027.2:ncbi:ORF31_NG_047027.2	1.0
NG_047027.2	python_raw	ncbi	exact	NG_047027.2:raw:31	NG_047027.2:ncbi:ORF4_NG_047027.2	1.0
NG_047027.2	python_raw	ncbi	exact	NG_047027.2:raw:32	NG_047027.2:ncbi:ORF9_NG_047027.2	1.0
NG_047027.2	python_raw	ncbi	exact	NG_047027.2:raw:33	NG_047027.2:ncbi:ORF32_NG_047027.2	1.0
NG_047027.2	python_raw	ncbi	exact	NG_047027.2:raw:34	NG_047027.2:ncbi:ORF14_NG_047027.2	1.0
NG_047027.2	python_raw	ncbi	exact	NG_047027.2:raw:35	NG_047027.2:ncbi:ORF26_NG_047027.2	1.0
NG_047027.2	python_raw	ncbi	exact	NG_047027.2:raw:36	NG_047027.2:ncbi:ORF41_NG_047027.2	1.0
NG_047027.2	python_raw	ncbi	exact	NG_047027.2:raw:37	NG_047027.2:ncbi:ORF6_NG_047027.2	1.0
NG_047027.2	python_raw	ncbi	exact	NG_047027.2:raw:38	NG_047027.2:ncbi:ORF17_NG_047027.2	1.0
NG_047027.2	python_raw	ncbi	exact	NG_047027.2:raw:39	NG_047027.2:ncbi:ORF49_NG_047027.2	1.0
NG_047027.2	python_raw	ncbi	exact	NG_047027.2:raw:4	NG_047027.2:ncbi:ORF11_NG_047027.2	1.0
NG_047027.2	python_raw	ncbi	exact	NG_047027.2:raw:40	NG_047027.2:ncbi:ORF47_NG_047027.2	1.0
NG_047027.2	python_raw	ncbi	exact	NG_047027.2:raw:41	NG_047027.2:ncbi:ORF28_NG_047027.2	1.0
NG_047027.2	python_raw	ncbi	exact	NG_047027.2:raw:42	NG_047027.2:ncbi:ORF44_NG_047027.2	1.0
NG_047027.2	python_raw	ncbi	exact	NG_047027.2:raw:43	NG_047027.2:ncbi:ORF3_NG_047027.2	1.0
NG_047027.2	python_raw	ncbi	exact	NG_047027.2:raw:44	NG_047027.2:ncbi:ORF21_NG_047027.2	1.0
NG_047027.2	python_raw	ncbi	exact	NG_047027.2:raw:45	NG_047027.2:ncbi:ORF18_NG_047027.2	1.0
NG_047027.2	python_raw	ncbi	exact	NG_047027.2:raw:46	NG_047027.2:ncbi:ORF52_NG_047027.2	1.0
NG_047027.2	python_raw	ncbi	exact	NG_047027.2:raw:47	NG_047027.2:ncbi:ORF2_NG_047027.2	1.0
NG_047027.2	python_raw	ncbi	exact	NG_047027.2:raw:48	NG_047027.2:ncbi:ORF24_NG_047027.2	1.0
NG_047027.2	python_raw	ncbi	exact	NG_047027.2:raw:49	NG_047027.2:ncbi:ORF22_NG_047027.2	1.0
NG_047027.2	python_raw	ncbi	exact	NG_047027.2:raw:5	NG_047027.2:ncbi:ORF38_NG_047027.2	1.0
NG_047027.2	python_raw	ncbi	exact	NG_047027.2:raw:50	NG_047027.2:ncbi:ORF48_NG_047027.2	1.0
NG_047027.2	python_raw	ncbi	exact	NG_047027.2:raw:51	NG_047027.2:ncbi:ORF39_NG_047027.2	1.0
NG_047027.2	python_raw	ncbi	exact	NG_047027.2:raw:52	NG_047027.2:ncbi:ORF20_NG_047027.2	1.0
NG_047027.2	python_raw	ncbi	exact	NG_047027.2:raw:53	NG_047027.2:ncbi:ORF30_NG_047027.2	1.0
NG_047027.2	python_raw	ncbi	exact	NG_047027.2:raw:54	NG_047027.2:ncbi:ORF53_NG_047027.2	1.0
NG_047027.2	python_raw	ncbi	exact	NG_047027.2:raw:55	NG_047027.2:ncbi:ORF25_NG_047027.2	1.0
NG_047027.2	python_raw	ncbi	exact	NG_047027.2:raw:6	NG_047027.2:ncbi:ORF50_NG_047027.2	1.0
NG_047027.2	python_raw	ncbi	exact	NG_047027.2:raw:7	NG_047027.2:ncbi:ORF42_NG_047027.2	1.0
NG_047027.2	python_raw	ncbi	exact	NG_047027.2:raw:8	NG_047027.2:ncbi:ORF19_NG_047027.2	1.0
NG_047027.2	python_raw	ncbi	exact	NG_047027.2:raw:9	NG_047027.2:ncbi:ORF55_NG_047027.2	1.0
NG_011631.1	python_raw	ncbi	exact	NG_011631.1:raw:1	NG_011631.1:ncbi:ORF115_NG_011631.1	1.0
NG_011631.1	python_raw	ncbi	exact	NG_011631.1:raw:10	NG_011631.1:ncbi:ORF113_NG_011631.1	1.0
NG_011631.1	python_raw	ncbi	exact	NG_011631.1:raw:100	NG_011631.1:ncbi:ORF1195_NG_011631.1	1.0
NG_011631.1	python_raw	ncbi	exact	NG_011631.1:raw:1000	NG_011631.1:ncbi:ORF509_NG_011631.1	1.0
NG_011631.1	python_raw	ncbi	exact	NG_011631.1:raw:1001	NG_011631.1:ncbi:ORF1106_NG_011631.1	1.0
NG_011631.1	python_raw	ncbi	exact	NG_011631.1:raw:1002	NG_011631.1:ncbi:ORF1108_NG_011631.1	1.0
NG_011631.1	python_raw	ncbi	exact	NG_011631.1:raw:1003	NG_011631.1:ncbi:ORF825_NG_011631.1	1.0
NG_011631.1	python_raw	ncbi	exact	NG_011631.1:raw:1004	NG_011631.1:ncbi:ORF275_NG_011631.1	1.0
NG_011631.1	python_raw	ncbi	exact	NG_011631.1:raw:1005	NG_011631.1:ncbi:ORF283_NG_011631.1	1.0
NG_011631.1	python_raw	ncbi	exact	NG_011631.1:raw:1006	NG_011631.1:ncbi:ORF546_NG_011631.1	1.0
NG_011631.1	python_raw	ncbi	exact	NG_011631.1:raw:1007	NG_011631.1:ncbi:ORF26_NG_011631.1	1.0
NG_011631.1	python_raw	ncbi	exact	NG_011631.1:raw:1008	NG_011631.1:ncbi:ORF27_NG_011631.1	1.0
NG_011631.1	python_raw	ncbi	exact	NG_011631.1:raw:1009	NG_011631.1:ncbi:ORF1139_NG_011631.1	1.0
NG_011631.1	python_raw	ncbi	exact	NG_011631.1:raw:101	NG_011631.1:ncbi:ORF1234_NG_011631.1	1.0
NG_011631.1	python_raw	ncbi	exact	NG_011631.1:raw:1010	NG_011631.1:ncbi:ORF1399_NG_011631.1	1.0
NG_011631.1	python_raw	ncbi	exact	NG_011631.1:raw:1011	NG_011631.1:ncbi:ORF47_NG_011631.1	1.0
NG_011631.1	python_raw	ncbi	exact	NG_011631.1:raw:1012	NG_011631.1:ncbi:ORF304_NG_011631.1	1.0
NG_011631.1	python_raw	ncbi	exact	NG_011631.1:raw:1013	NG_011631.1:ncbi:ORF53_NG_011631.1	1.0
NG_011631.1	python_raw	ncbi	exact	NG_011631.1:raw:1014	NG_011631.1:ncbi:ORF58_NG_011631.1	1.0
NG_011631.1	python_raw	ncbi	exact	NG_011631.1:raw:1015	NG_011631.1:ncbi:ORF579_NG_011631.1	1.0
NG_011631.1	python_raw	ncbi	exact	NG_011631.1:raw:1016	NG_011631.1:ncbi:ORF1417_NG_011631.1	1.0
NG_011631.1	python_raw	ncbi	exact	NG_011631.1:raw:1017	NG_011631.1:ncbi:ORF587_NG_011631.1	1.0
NG_011631.1	python_raw	ncbi	exact	NG_011631.1:raw:1018	NG_011631.1:ncbi:ORF1430_NG_011631.1	1.0
NG_011631.1	python_raw	ncbi	exact	NG_011631.1:raw:1019	NG_011631.1:ncbi:ORF1179_NG_011631.1	1.0
NG_011631.1	python_raw	ncbi	exact	NG_011631.1:raw:102	NG_011631.1:ncbi:ORF987_NG_011631.1	1.0
NG_011631.1	python_raw	ncbi	exact	NG_011631.1:raw:1020	NG_011631.1:ncbi:ORF1439_NG_011631.1	1.0
NG_011631.1	python_raw	ncbi	exact	NG_011631.1:raw:1021	NG_011631.1:ncbi:ORF887_NG_011631.1	1.0
NG_011631.1	python_raw	ncbi	exact	NG_011631.1:raw:1022	NG_011631.1:ncbi:ORF326_NG_011631.1	1.0
NG_011631.1	python_raw	ncbi	exact	NG_011631.1:raw:1023	NG_011631.1:ncbi:ORF1444_NG_011631.1	1.0
NG_011631.1	python_raw	ncbi	exact	NG_011631.1:raw:1024	NG_011631.1:ncbi:ORF896_NG_011631.1	1.0
NG_011631.1	python_raw	ncbi	exact	NG_011631.1:raw:1025	NG_011631.1:ncbi:ORF613_NG_011631.1	1.0
NG_011631.1	python_raw	ncbi	exact	NG_011631.1:raw:1026	NG_011631.1:ncbi:ORF1449_NG_011631.1	1.0
NG_011631.1	python_raw	ncbi	exact	NG_011631.1:raw:1027	NG_011631.1:ncbi:ORF1189_NG_011631.1	1.0
NG_011631.1	python_raw	ncbi	exact	NG_011631.1:raw:1028	NG_011631.1:ncbi:ORF89_NG_011631.1	1.0
NG_011631.1	python_raw	ncbi	exact	NG_011631.1:raw:1029	NG_011631.1:ncbi:ORF912_NG_011631.1	1.0
NG_011631.1	python_raw	ncbi	exact	NG_011631.1:raw:103	NG_011631.1:ncbi:ORF1571_NG_011631.1	1.0
NG_011631.1	python_raw	ncbi	exact	NG_011631.1:raw:1030	NG_011631.1:ncbi:ORF1469_NG_011631.1	1.0
NG_011631.1	python_raw	ncbi	exact	NG_011631.1:raw:1031	NG_011631.1:ncbi:ORF1204_NG_011631.1	1.0
NG_011631.1	python_raw	ncbi	exact	NG_011631.1:raw:1032	NG_011631.1:ncbi:ORF1207_NG_011631.1	1.0
NG_011631.1	python_raw	ncbi	exact	NG_011631.1:raw:1033	NG_011631.1:ncbi:ORF1210_NG_011631.1	1.0
NG_011631.1	python_raw	ncbi	exact	NG_011631.1:raw:1034	NG_011631.1:ncbi:ORF648_NG_011631.1	1.0
NG_011631.1	python_raw	ncbi	exact	NG_011631.1:raw:1035	NG_011631.1:ncbi:ORF383_NG_011631.1	1.0
NG_011631.1	python_raw	ncbi	exact	NG_011631.1:raw:1036	NG_011631.1:ncbi:ORF668_NG_011631.1	1.0
NG_011631.1	python_raw	ncbi	exact	NG_011631.1:raw:1037	NG_011631.1:ncbi:ORF133_NG_011631.1	1.0
NG_011631.1	python_raw	ncbi	exact	NG_011631.1:raw:1038	NG_011631.1:ncbi:ORF947_NG_011631.1	1.0
NG_011631.1	python_raw	ncbi	exact	NG_011631.1:raw:1039	NG_011631.1:ncbi:ORF677_NG_011631.1	1.0
NG_011631.1	python_raw	ncbi	exact	NG_011631.1:raw:104	NG_011631.1:ncbi:ORF1086_NG_011631.1	1.0
NG_011631.1	python_raw	ncbi	exact	NG_011631.1:raw:1040	NG_011631.1:ncbi:ORF400_NG_011631.1	1.0
NG_011631.1	python_raw	ncbi	exact	NG_011631.1:raw:1041	NG_011631.1:ncbi:ORF697_NG_011631.1	1.0
NG_011631.1	python_raw	ncbi	exact	NG_011631.1:raw:1042	NG_011631.1:ncbi:ORF409_NG_011631.1	1.0
NG_011631.1	python_raw	ncbi	exact	NG_011631.1:raw:1043	NG_011631.1:ncbi:ORF702_NG_011631.1	1.0
NG_011631.1	python_raw	ncbi	exact	NG_011631.1:raw:1044	NG_011631.1:ncbi:ORF711_NG_011631.1	1.0
NG_011631.1	python_raw	ncbi	exact	NG_011631.1:raw:1045	NG_011631.1:ncbi:ORF712_NG_011631.1	1.0
NG_011631.1	python_raw	ncbi	exact	NG_011631.1:raw:1046	NG_011631.1:ncbi:ORF428_NG_011631.1	1.0
NG_011631.1	python_raw	ncbi	exact	NG_011631.1:raw:1047	NG_011631.1:ncbi:ORF714_NG_011631.1	1.0
NG_011631.1	python_raw	ncbi	exact	NG_011631.1:raw:1048	NG_011631.1:ncbi:ORF438_NG_011631.1	1.0
NG_011631.1	python_raw	ncbi	exact	NG_011631.1:raw:1049	NG_011631.1:ncbi:ORF1008_NG_011631.1	1.0
NG_011631.1	python_raw	ncbi	exact	NG_011631.1:raw:105	NG_011631.1:ncbi:ORF287_NG_011631.1	1.0
NG_011631.1	python_raw	ncbi	exact	NG_011631.1:raw:1050	NG_011631.1:ncbi:ORF186_NG_011631.1	1.0
NG_011631.1	python_raw	ncbi	exact	NG_011631.1:raw:1051	NG_011631.1:ncbi:ORF193_NG_011631.1	1.0
NG_011631.1	python_raw	ncbi	exact	NG_011631.1:raw:1052	NG_011631.1:ncbi:ORF1033_NG_011631.1	1.0
NG_011631.1	python_raw	ncbi	exact	NG_011631.1:raw:1053	NG_011631.1:ncbi:ORF745_NG_011631.1	1.0
NG_011631.1	python_raw	ncbi	exact	NG_011631.1:raw:1054	NG_011631.1:ncbi:ORF461_NG_011631.1	1.0
NG_011631.1	python_raw	ncbi	exact	NG_011631.1:raw:1055	NG_011631.1:ncbi:ORF755_NG_011631.1	1.0
NG_011631.1	python_raw	ncbi	exact	NG_011631.1:raw:1056	NG_011631.1:ncbi:ORF468_NG_011631.1	1.0
NG_011631.1	python_raw	ncbi	exact	NG_011631.1:raw:1057	NG_011631.1:ncbi:ORF759_NG_011631.1	1.0
NG_011631.1	python_raw	ncbi	exact	NG_011631.1:raw:1058	NG_011631.1:ncbi:ORF469_NG_011631.1	1.0
NG_011631.1	python_raw	ncbi	exact	NG_011631.1:raw:1059	NG_011631.1:ncbi:ORF760_NG_011631.1	1.0
NG_011631.1	python_raw	ncbi	exact	NG_011631.1:raw:106	NG_011631.1:ncbi:ORF362_NG_011631.1	1.0
NG_011631.1	python_raw	ncbi	exact	NG_011631.1:raw:1060	NG_011631.1:ncbi:ORF762_NG_011631.1	1.0
NG_011631.1	python_raw	ncbi	exact	NG_011631.1:raw:1061	NG_011631.1:ncbi:ORF478_NG_011631.1	1.0
NG_011631.1	python_raw	ncbi	exact	NG_011631.1:raw:1062	NG_011631.1:ncbi:ORF1059_NG_011631.1	1.0
NG_011631.1	python_raw	ncbi	exact	NG_011631.1:raw:1063	NG_011631.1:ncbi:ORF480_NG_011631.1	1.0
NG_011631.1	python_raw	ncbi	exact	NG_011631.1:raw:1064	NG_011631.1:ncbi:ORF779_NG_011631.1	1.0
NG_011631.1	python_raw	ncbi	exact	NG_011631.1:raw:1065	NG_011631.1:ncbi:ORF242_NG_011631.1	1.0
NG_011631.1	python_raw	ncbi	exact	NG_011631.1:raw:1066	NG_011631.1:ncbi:ORF1624_NG_011631.1	1.0
NG_011631.1	python_raw	ncbi	exact	NG_011631.1:raw:1067	NG_011631.1:ncbi:ORF504_NG_011631.1	1.0
NG_011631.1	python_raw	ncbi	exact	NG_011631.1:raw:1068	NG_011631.1:ncbi:ORF805_NG_011631.1	1.0
NG_011631.1	python_raw	ncbi	exact	NG_011631.1:raw:1069	NG_011631.1:ncbi:ORF508_NG_011631.1	1.0
NG_011631.1	python_raw	ncbi	exact	NG_011631.1:raw:107	NG_011631.1:ncbi:ORF171_NG_011631.1	1.0
NG_011631.1	python_raw	ncbi	exact	NG_011631.1:raw:1070	NG_011631.1:ncbi:ORF1364_NG_011631.1	1.0
NG_011631.1	python_raw	ncbi	exact	NG_011631.1:raw:1071	NG_011631.1:ncbi:ORF814_NG_011631.1	1.0
NG_011631.1	python_raw	ncbi	exact	NG_011631.1:raw:1072	NG_011631.1:ncbi:ORF1639_NG_011631.1	1.0
NG_011631.1	python_raw	ncbi	exact	NG_011631.1:raw:1073	NG_011631.1:ncbi:ORF265_NG_011631.1	1.0
NG_011631.1	python_raw	ncbi	exact	NG_011631.1:raw:1074	NG_011631.1:ncbi:ORF516_NG_011631.1	1.0
NG_011631.1	python_raw	ncbi	exact	NG_011631.1:raw:1075	NG_011631.1:ncbi:ORF823_NG_011631.1	1.0
NG_011631.1	python_raw	ncbi	exact	NG_011631.1:raw:1076	NG_011631.1:ncbi:ORF281_NG_011631.1	1.0
NG_011631.1	python_raw	ncbi	exact	NG_011631.1:raw:1077	NG_011631.1:ncbi:ORF567_NG_011631.1	1.0
NG_011631.1	python_raw	ncbi	exact	NG_011631.1:raw:1078	NG_011631.1:ncbi:ORF1404_NG_011631.1	1.0
NG_011631.1	python_raw	ncbi	exact	NG_011631.1:raw:1079	NG_011631.1:ncbi:ORF49_NG_011631.1	1.0
NG_011631.1	python_raw	ncbi	exact	NG_011631.1:raw:108	NG_011631.1:ncbi:ORF717_NG_011631.1	1.0
NG_011631.1	python_raw	ncbi	exact	NG_011631.1:raw:1080	NG_011631.1:ncbi:ORF571_NG_011631.1	1.0
NG_011631.1	python_raw	ncbi	exact	NG_011631.1:raw:1081	NG_011631.1:ncbi:ORF1423_NG_011631.1	1.0
NG_011631.1	python_raw	ncbi	exact	NG_011631.1:raw:1082	NG_011631.1:ncbi:ORF1426_NG_011631.1	1.0
NG_011631.1	python_raw	ncbi	exact	NG_011631.1:raw:1083	NG_011631.1:ncbi:ORF1427_NG_011631.1	1.0
NG_011631.1	python_raw	ncbi	exact	NG_011631.1:raw:1084	NG_011631.1:ncbi:ORF67_NG_011631.1	1.0
NG_011631.1	python_raw	ncbi	exact	NG_011631.1:raw:1085	NG_011631.1:ncbi:ORF1175_NG_011631.1	1.0
NG_011631.1	python_raw	ncbi	exact	NG_011631.1:raw:1086	NG_011631.1:ncbi:ORF1185_NG_011631.1	1.0
NG_011631.1	python_raw	ncbi	exact	NG_011631.1:raw:1087	NG_011631.1:ncbi:ORF612_NG_011631.1	1.0
NG_011631.1	python_raw	ncbi	exact	NG_011631.1:raw:1088	NG_011631.1:ncbi:ORF1451_NG_011631.1	1.0
NG_011631.1	python_raw	ncbi	exact	NG_011631.1:raw:1089	NG_011631.1:ncbi:ORF336_NG_011631.1	1.0
NG_011631.1	python_raw	ncbi	exact	NG_011631.1:raw:109	NG_011631.1:ncbi:ORF753_NG_011631.1	1.0
NG_011631.1	python_raw	ncbi	exact	NG_011631.1:raw:1090	NG_011631.1:ncbi:ORF87_NG_011631.1	1.0
NG_011631.1	python_raw	ncbi	exact	NG_011631.1:raw:1091	NG_011631.1:ncbi:ORF1197_NG_011631.1	1.0
NG_011631.1	python_raw	ncbi	exact	NG_011631.1:raw:1092	NG_011631.1:ncbi:ORF347_NG_011631.1	1.0
NG_011631.1	python_raw	ncbi	exact	NG_011631.1:raw:1093	NG_011631.1:ncbi:ORF352_NG_011631.1	1.0
NG_011631.1	python_raw	ncbi	exact	NG_011631.1:raw:1094	NG_011631.1:ncbi:ORF637_NG_011631.1	1.0
NG_011631.1	python_raw	ncbi	exact	NG_011631.1:raw:1095	NG_011631.1:ncbi:ORF360_NG_011631.1	1.0
NG_011631.1	python_raw	ncbi	exact	NG_011631.1:raw:1096	NG_011631.1:ncbi:ORF1479_NG_011631.1	1.0
NG_011631.1	python_raw	ncbi	exact	NG_011631.1:raw:1097	NG_011631.1:ncbi:ORF932_NG_011631.1	1.0
NG_011631.1	python_raw	ncbi	exact	NG_011631.1:raw:1098	NG_011631.1:ncbi:ORF381_NG_011631.1	1.0
NG_011631.1	python_raw	ncbi	exact	NG_011631.1:raw:1099	NG_011631.1:ncbi:ORF1511_NG_011631.1	1.0
NG_011631.1	python_raw	ncbi	exact	NG_011631.1:raw:11	NG_011631.1:ncbi:ORF512_NG_011631.1	1.0
NG_011631.1	python_raw	ncbi	exact	NG_011631.1:raw:110	NG_011631.1:ncbi:ORF499_NG_011631.1	1.0
NG_011631.1	python_raw	ncbi	exact	NG_011631.1:raw:1100	NG_011631.1:ncbi:ORF684_NG_011631.1	1.0
NG_011631.1	python_raw	ncbi	exact	NG_011631.1:raw:1101	NG_011631.1:ncbi:ORF154_NG_011631.1	1.0
NG_011631.1	python_raw	ncbi	exact	NG_011631.1:raw:1102	NG_011631.1:ncbi:ORF160_NG_011631.1	1.0
NG_011631.1	python_raw	ncbi	exact	NG_011631.1:raw:1103	NG_011631.1:ncbi:ORF716_NG_011631.1	1.0
NG_011631.1	python_raw	ncbi	exact	NG_011631.1:raw:1104	NG_011631.1:ncbi:ORF740_NG_011631.1	1.0
NG_011631.1	python_raw	ncbi	exact	NG_011631.1:raw:1105	NG_011631.1:ncbi:ORF1301_NG_011631.1	1.0
NG_011631.1	python_raw	ncbi	exact	NG_011631.1:raw:1106	NG_011631.1:ncbi:ORF1568_NG_011631.1	1.0
NG_011631.1	python_raw	ncbi	exact	NG_011631.1:raw:1107	NG_011631.1:ncbi:ORF201_NG_011631.1	1.0
NG_011631.1	python_raw	ncbi	exact	NG_011631.1:raw:1108	NG_011631.1:ncbi:ORF1576_NG_011631.1	1.0
NG_011631.1	python_raw	ncbi	exact	NG_011631.1:raw:1109	NG_011631.1:ncbi:ORF758_NG_011631.1	1.0
NG_011631.1	python_raw	ncbi	exact	NG_011631.1:raw:111	NG_011631.1:ncbi:ORF1111_NG_011631.1	1.0
NG_011631.1	python_raw	ncbi	exact	NG_011631.1:raw:1110	NG_011631.1:ncbi:ORF1588_NG_011631.1	1.0
NG_011631.1	python_raw	ncbi	exact	NG_011631.1:raw:1111	NG_011631.1:ncbi:ORF761_NG_011631.1	1.0
NG_011631.1	python_raw	ncbi	exact	NG_011631.1:raw:1112	NG_011631.1:ncbi:ORF477_NG_011631.1	1.0
NG_011631.1	python_raw	ncbi	exact	NG_011631.1:raw:1113	NG_011631.1:ncbi:ORF1063_NG_011631.1	1.0
NG_011631.1	python_raw	ncbi	exact	NG_011631.1:raw:1114	NG_011631.1:ncbi:ORF1604_NG_011631.1	1.0
NG_011631.1	python_raw	ncbi	exact	NG_011631.1:raw:1115	NG_011631.1:ncbi:ORF1606_NG_011631.1	1.0
NG_011631.1	python_raw	ncbi	exact	NG_011631.1:raw:1116	NG_011631.1:ncbi:ORF784_NG_011631.1	1.0
NG_011631.1	python_raw	ncbi	exact	NG_011631.1:raw:1117	NG_011631.1:ncbi:ORF495_NG_011631.1	1.0
NG_011631.1	python_raw	ncbi	exact	NG_011631.1:raw:1118	NG_011631.1:ncbi:ORF248_NG_011631.1	1.0
NG_011631.1	python_raw	ncbi	exact	NG_011631.1:raw:1119	NG_011631.1:ncbi:ORF1353_NG_011631.1	1.0
NG_011631.1	python_raw	ncbi	exact	NG_011631.1:raw:112	NG_011631.1:ncbi:ORF73_NG_011631.1	1.0
NG_011631.1	python_raw	ncbi	exact	NG_011631.1:raw:1120	NG_011631.1:ncbi:ORF1362_NG_011631.1	1.0
NG_011631.1	python_raw	ncbi	exact	NG_011631.1:raw:1121	NG_011631.1:ncbi:ORF811_NG_011631.1	1.0
NG_011631.1	python_raw	ncbi	exact	NG_011631.1:raw:1122	NG_011631.1:ncbi:ORF1640_NG_011631.1	1.0
NG_011631.1	python_raw	ncbi	exact	NG_011631.1:raw:1123	NG_011631.1:ncbi:ORF1104_NG_011631.1	1.0
NG_011631.1	python_raw	ncbi	exact	NG_011631.1:raw:1124	NG_011631.1:ncbi:ORF12_NG_011631.1	1.0
NG_011631.1	python_raw	ncbi	exact	NG_011631.1:raw:1125	NG_011631.1:ncbi:ORF531_NG_011631.1	1.0
NG_011631.1	python_raw	ncbi	exact	NG_011631.1:raw:1126	NG_011631.1:ncbi:ORF277_NG_011631.1	1.0
NG_011631.1	python_raw	ncbi	exact	NG_011631.1:raw:1127	NG_011631.1:ncbi:ORF1385_NG_011631.1	1.0
NG_011631.1	python_raw	ncbi	exact	NG_011631.1:raw:1128	NG_011631.1:ncbi:ORF842_NG_011631.1	1.0
NG_011631.1	python_raw	ncbi	exact	NG_011631.1:raw:1129	NG_011631.1:ncbi:ORF553_NG_011631.1	1.0
NG_011631.1	python_raw	ncbi	exact	NG_011631.1:raw:113	NG_011631.1:ncbi:ORF626_NG_011631.1	1.0
NG_011631.1	python_raw	ncbi	exact	NG_011631.1:raw:1130	NG_011631.1:ncbi:ORF1398_NG_011631.1	1.0
NG_011631.1	python_raw	ncbi	exact	NG_011631.1:raw:1131	NG_011631.1:ncbi:ORF1143_NG_011631.1	1.0
NG_011631.1	python_raw	ncbi	exact	NG_011631.1:raw:1132	NG_011631.1:ncbi:ORF303_NG_011631.1	1.0
NG_011631.1	python_raw	ncbi	exact	NG_011631.1:raw:1133	NG_011631.1:ncbi:ORF1167_NG_011631.1	1.0
NG_011631.1	python_raw	ncbi	exact	NG_011631.1:raw:1134	NG_011631.1:ncbi:ORF317_NG_011631.1	1.0
NG_011631.1	python_raw	ncbi	exact	NG_011631.1:raw:1135	NG_011631.1:ncbi:ORF1187_NG_011631.1	1.0
NG_011631.1	python_raw	ncbi	exact	NG_011631.1:raw:1136	NG_011631.1:ncbi:ORF623_NG_011631.1	1.0
NG_011631.1	python_raw	ncbi	exact	NG_011631.1:raw:1137	NG_011631.1:ncbi:ORF907_NG_011631.1	1.0
NG_011631.1	python_raw	ncbi	exact	NG_011631.1:raw:1138	NG_011631.1:ncbi:ORF98_NG_011631.1	1.0
NG_011631.1	python_raw	ncbi	exact	NG_011631.1:raw:1139	NG_011631.1:ncbi:ORF1198_NG_011631.1	1.0
NG_011631.1	python_raw	ncbi	exact	NG_011631.1:raw:114	NG_011631.1:ncbi:ORF744_NG_011631.1	1.0
NG_011631.1	python_raw	ncbi	exact	NG_011631.1:raw:1140	NG_011631.1:ncbi:ORF1464_NG_011631.1	1.0
NG_011631.1	python_raw	ncbi	exact	NG_011631.1:raw:1141	NG_011631.1:ncbi:ORF106_NG_011631.1	1.0
NG_011631.1	python_raw	ncbi	exact	NG_011631.1:raw:1142	NG_011631.1:ncbi:ORF357_NG_011631.1	1.0
NG_011631.1	python_raw	ncbi	exact	NG_011631.1:raw:1143	NG_011631.1:ncbi:ORF919_NG_011631.1	1.0
NG_011631.1	python_raw	ncbi	exact	NG_011631.1:raw:1144	NG_011631.1:ncbi:ORF1206_NG_011631.1	1.0
NG_011631.1	python_raw	ncbi	exact	NG_011631.1:raw:1145	NG_011631.1:ncbi:ORF111_NG_011631.1	1.0
NG_011631.1	python_raw	ncbi	exact	NG_011631.1:raw:1146	NG_011631.1:ncbi:ORF1485_NG_011631.1	1.0
NG_011631.1	python_raw	ncbi	exact	NG_011631.1:raw:1147	NG_011631.1:ncbi:ORF933_NG_011631.1	1.0
NG_011631.1	python_raw	ncbi	exact	NG_011631.1:raw:1148	NG_011631.1:ncbi:ORF1491_NG_011631.1	1.0
NG_011631.1	python_raw	ncbi	exact	NG_011631.1:raw:1149	NG_011631.1:ncbi:ORF127_NG_011631.1	1.0
NG_011631.1	python_raw	ncbi	exact	NG_011631.1:raw:115	NG_011631.1:ncbi:ORF9_NG_011631.1	1.0
NG_011631.1	python_raw	ncbi	exact	NG_011631.1:raw:1150	NG_011631.1:ncbi:ORF1502_NG_011631.1	1.0
NG_011631.1	python_raw	ncbi	exact	NG_011631.1:raw:1151	NG_011631.1:ncbi:ORF139_NG_011631.1	1.0
NG_011631.1	python_raw	ncbi	exact	NG_011631.1:raw:1152	NG_011631.1:ncbi:ORF964_NG_011631.1	1.0
NG_011631.1	python_raw	ncbi	exact	NG_011631.1:raw:1153	NG_011631.1:ncbi:ORF683_NG_011631.1	1.0
NG_011631.1	python_raw	ncbi	exact	NG_011631.1:raw:1154	NG_011631.1:ncbi:ORF1518_NG_011631.1	1.0
NG_011631.1	python_raw	ncbi	exact	NG_011631.1:raw:1155	NG_011631.1:ncbi:ORF404_NG_011631.1	1.0
NG_011631.1	python_raw	ncbi	exact	NG_011631.1:raw:1156	NG_011631.1:ncbi:ORF405_NG_011631.1	1.0
NG_011631.1	python_raw	ncbi	exact	NG_011631.1:raw:1157	NG_011631.1:ncbi:ORF1520_NG_011631.1	1.0
NG_011631.1	python_raw	ncbi	exact	NG_011631.1:raw:1158	NG_011631.1:ncbi:ORF1531_NG_011631.1	1.0
NG_011631.1	python_raw	ncbi	exact	NG_011631.1:raw:1159	NG_011631.1:ncbi:ORF1532_NG_011631.1	1.0
NG_011631.1	python_raw	ncbi	exact	NG_011631.1:raw:116	NG_011631.1:ncbi:ORF1233_NG_011631.1	1.0
NG_011631.1	python_raw	ncbi	exact	NG_011631.1:raw:1160	NG_011631.1:ncbi:ORF433_NG_011631.1	1.0
NG_011631.1	python_raw	ncbi	exact	NG_011631.1:raw:1161	NG_011631.1:ncbi:ORF1004_NG_011631.1	1.0
NG_011631.1	python_raw	ncbi	exact	NG_011631.1:raw:1162	NG_011631.1:ncbi:ORF1014_NG_011631.1	1.0
NG_011631.1	python_raw	ncbi	exact	NG_011631.1:raw:1163	NG_011631.1:ncbi:ORF1016_NG_011631.1	1.0
NG_011631.1	python_raw	ncbi	exact	NG_011631.1:raw:1164	NG_011631.1:ncbi:ORF731_NG_011631.1	1.0
NG_011631.1	python_raw	ncbi	exact	NG_011631.1:raw:1165	NG_011631.1:ncbi:ORF735_NG_011631.1	1.0
NG_011631.1	python_raw	ncbi	exact	NG_011631.1:raw:1166	NG_011631.1:ncbi:ORF1299_NG_011631.1	1.0
NG_011631.1	python_raw	ncbi	exact	NG_011631.1:raw:1167	NG_011631.1:ncbi:ORF1026_NG_011631.1	1.0
NG_011631.1	python_raw	ncbi	exact	NG_011631.1:raw:1168	NG_011631.1:ncbi:ORF1302_NG_011631.1	1.0
NG_011631.1	python_raw	ncbi	exact	NG_011631.1:raw:1169	NG_011631.1:ncbi:ORF1044_NG_011631.1	1.0
NG_011631.1	python_raw	ncbi	exact	NG_011631.1:raw:117	NG_011631.1:ncbi:ORF245_NG_011631.1	1.0
NG_011631.1	python_raw	ncbi	exact	NG_011631.1:raw:1170	NG_011631.1:ncbi:ORF470_NG_011631.1	1.0
NG_011631.1	python_raw	ncbi	exact	NG_011631.1:raw:1171	NG_011631.1:ncbi:ORF1053_NG_011631.1	1.0
NG_011631.1	python_raw	ncbi	exact	NG_011631.1:raw:1172	NG_011631.1:ncbi:ORF1610_NG_011631.1	1.0
NG_011631.1	python_raw	ncbi	exact	NG_011631.1:raw:1173	NG_011631.1:ncbi:ORF491_NG_011631.1	1.0
NG_011631.1	python_raw	ncbi	exact	NG_011631.1:raw:1174	NG_011631.1:ncbi:ORF1340_NG_011631.1	1.0
NG_011631.1	python_raw	ncbi	exact	NG_011631.1:raw:1175	NG_011631.1:ncbi:ORF787_NG_011631.1	1.0
NG_011631.1	python_raw	ncbi	exact	NG_011631.1:raw:1176	NG_011631.1:ncbi:ORF249_NG_011631.1	1.0
NG_011631.1	python_raw	ncbi	exact	NG_011631.1:raw:1177	NG_011631.1:ncbi:ORF1357_NG_011631.1	1.0
NG_011631.1	python_raw	ncbi	exact	NG_011631.1:raw:1178	NG_011631.1:ncbi:ORF505_NG_011631.1	1.0
NG_011631.1	python_raw	ncbi	exact	NG_011631.1:raw:1179	NG_011631.1:ncbi:ORF511_NG_011631.1	1.0
NG_011631.1	python_raw	ncbi	exact	NG_011631.1:raw:118	NG_011631.1:ncbi:ORF1382_NG_011631.1	1.0
NG_011631.1	python_raw	ncbi	exact	NG_011631.1:raw:1180	NG_011631.1:ncbi:ORF1643_NG_011631.1	1.0
NG_011631.1	python_raw	ncbi	exact	NG_011631.1:raw:1181	NG_011631.1:ncbi:ORF517_NG_011631.1	1.0
NG_011631.1	python_raw	ncbi	exact	NG_011631.1:raw:1182	NG_011631.1:ncbi:ORF267_NG_011631.1	1.0
NG_011631.1	python_raw	ncbi	exact	NG_011631.1:raw:1183	NG_011631.1:ncbi:ORF272_NG_011631.1	1.0
NG_011631.1	python_raw	ncbi	exact	NG_011631.1:raw:1184	NG_011631.1:ncbi:ORF532_NG_011631.1	1.0
NG_011631.1	python_raw	ncbi	exact	NG_011631.1:raw:1185	NG_011631.1:ncbi:ORF19_NG_011631.1	1.0
NG_011631.1	python_raw	ncbi	exact	NG_011631.1:raw:1186	NG_011631.1:ncbi:ORF540_NG_011631.1	1.0
NG_011631.1	python_raw	ncbi	exact	NG_011631.1:raw:1187	NG_011631.1:ncbi:ORF286_NG_011631.1	1.0
NG_011631.1	python_raw	ncbi	exact	NG_011631.1:raw:1188	NG_011631.1:ncbi:ORF1134_NG_011631.1	1.0
NG_011631.1	python_raw	ncbi	exact	NG_011631.1:raw:1189	NG_011631.1:ncbi:ORF288_NG_011631.1	1.0
NG_011631.1	python_raw	ncbi	exact	NG_011631.1:raw:119	NG_011631.1:ncbi:ORF1467_NG_011631.1	1.0
NG_011631.1	python_raw	ncbi	exact	NG_011631.1:raw:1190	NG_011631.1:ncbi:ORF294_NG_011631.1	1.0
NG_011631.1	python_raw	ncbi	exact	NG_011631.1:raw:1191	NG_011631.1:ncbi:ORF856_NG_011631.1	1.0
NG_011631.1	python_raw	ncbi	exact	NG_011631.1:raw:1192	NG_011631.1:ncbi:ORF302_NG_011631.1	1.0
NG_011631.1	python_raw	ncbi	exact	NG_011631.1:raw:1193	NG_011631.1:ncbi:ORF859_NG_011631.1	1.0
NG_011631.1	python_raw	ncbi	exact	NG_011631.1:raw:1194	NG_011631.1:ncbi:ORF572_NG_011631.1	1.0
NG_011631.1	python_raw	ncbi	exact	NG_011631.1:raw:1195	NG_011631.1:ncbi:ORF870_NG_011631.1	1.0
NG_011631.1	python_raw	ncbi	exact	NG_011631.1:raw:1196	NG_011631.1:ncbi:ORF588_NG_011631.1	1.0
NG_011631.1	python_raw	ncbi	exact	NG_011631.1:raw:1197	NG_011631.1:ncbi:ORF70_NG_011631.1	1.0
NG_011631.1	python_raw	ncbi	exact	NG_011631.1:raw:1198	NG_011631.1:ncbi:ORF1176_NG_011631.1	1.0
NG_011631.1	python_raw	ncbi	exact	NG_011631.1:raw:1199	NG_011631.1:ncbi:ORF592_NG_011631.1	1.0
NG_011631.1	python_raw	ncbi	exact	NG_011631.1:raw:12	NG_011631.1:ncbi:ORF1535_NG_011631.1	1.0
NG_011631.1	python_raw	ncbi	exact	NG_011631.1:raw:120	NG_011631.1:ncbi:ORF212_NG_011631.1	1.0
NG_011631.1	python_raw	ncbi	exact	NG_011631.1:raw:1200	NG_011631.1:ncbi:ORF598_NG_011631.1	1.0
NG_011631.1	python_raw	ncbi	exact	NG_011631.1:raw:1201	NG_011631.1:ncbi:ORF1180_NG_011631.1	1.0
NG_011631.1	python_raw	ncbi	exact	NG_011631.1:raw:1202	NG_011631.1:ncbi:ORF323_NG_011631.1	1.0
NG_011631.1	python_raw	ncbi	exact	NG_011631.1:raw:1203	NG_011631.1:ncbi:ORF602_NG_011631.1	1.0
NG_011631.1	python_raw	ncbi	exact	NG_011631.1:raw:1204	NG_011631.1:ncbi:ORF1442_NG_011631.1	1.0
NG_011631.1	python_raw	ncbi	exact	NG_011631.1:raw:1205	NG_011631.1:ncbi:ORF329_NG_011631.1	1.0
NG_011631.1	python_raw	ncbi	exact	NG_011631.1:raw:1206	NG_011631.1:ncbi:ORF899_NG_011631.1	1.0
NG_011631.1	python_raw	ncbi	exact	NG_011631.1:raw:1207	NG_011631.1:ncbi:ORF335_NG_011631.1	1.0
NG_011631.1	python_raw	ncbi	exact	NG_011631.1:raw:1208	NG_011631.1:ncbi:ORF632_NG_011631.1	1.0
NG_011631.1	python_raw	ncbi	exact	NG_011631.1:raw:1209	NG_011631.1:ncbi:ORF105_NG_011631.1	1.0
NG_011631.1	python_raw	ncbi	exact	NG_011631.1:raw:121	NG_011631.1:ncbi:ORF1347_NG_011631.1	1.0
NG_011631.1	python_raw	ncbi	exact	NG_011631.1:raw:1210	NG_011631.1:ncbi:ORF640_NG_011631.1	1.0
NG_011631.1	python_raw	ncbi	exact	NG_011631.1:raw:1211	NG_011631.1:ncbi:ORF641_NG_011631.1	1.0
NG_011631.1	python_raw	ncbi	exact	NG_011631.1:raw:1212	NG_011631.1:ncbi:ORF363_NG_011631.1	1.0
NG_011631.1	python_raw	ncbi	exact	NG_011631.1:raw:1213	NG_011631.1:ncbi:ORF364_NG_011631.1	1.0
NG_011631.1	python_raw	ncbi	exact	NG_011631.1:raw:1214	NG_011631.1:ncbi:ORF370_NG_011631.1	1.0
NG_011631.1	python_raw	ncbi	exact	NG_011631.1:raw:1215	NG_011631.1:ncbi:ORF1484_NG_011631.1	1.0
NG_011631.1	python_raw	ncbi	exact	NG_011631.1:raw:1216	NG_011631.1:ncbi:ORF653_NG_011631.1	1.0
NG_011631.1	python_raw	ncbi	exact	NG_011631.1:raw:1217	NG_011631.1:ncbi:ORF1227_NG_011631.1	1.0
NG_011631.1	python_raw	ncbi	exact	NG_011631.1:raw:1218	NG_011631.1:ncbi:ORF122_NG_011631.1	1.0
NG_011631.1	python_raw	ncbi	exact	NG_011631.1:raw:1219	NG_011631.1:ncbi:ORF658_NG_011631.1	1.0
NG_011631.1	python_raw	ncbi	exact	NG_011631.1:raw:122	NG_011631.1:ncbi:ORF1476_NG_011631.1	1.0
NG_011631.1	python_raw	ncbi	exact	NG_011631.1:raw:1220	NG_011631.1:ncbi:ORF388_NG_011631.1	1.0
NG_011631.1	python_raw	ncbi	exact	NG_011631.1:raw:1221	NG_011631.1:ncbi:ORF131_NG_011631.1	1.0
NG_011631.1	python_raw	ncbi	exact	NG_011631.1:raw:1222	NG_011631.1:ncbi:ORF391_NG_011631.1	1.0
NG_011631.1	python_raw	ncbi	exact	NG_011631.1:raw:1223	NG_011631.1:ncbi:ORF134_NG_011631.1	1.0
NG_011631.1	python_raw	ncbi	exact	NG_011631.1:raw:1224	NG_011631.1:ncbi:ORF671_NG_011631.1	1.0
NG_011631.1	python_raw	ncbi	exact	NG_011631.1:raw:1225	NG_011631.1:ncbi:ORF1241_NG_011631.1	1.0
NG_011631.1	python_raw	ncbi	exact	NG_011631.1:raw:1226	NG_011631.1:ncbi:ORF1246_NG_011631.1	1.0
NG_011631.1	python_raw	ncbi	exact	NG_011631.1:raw:1227	NG_011631.1:ncbi:ORF969_NG_011631.1	1.0
NG_011631.1	python_raw	ncbi	exact	NG_011631.1:raw:1228	NG_011631.1:ncbi:ORF155_NG_011631.1	1.0
NG_011631.1	python_raw	ncbi	exact	NG_011631.1:raw:1229	NG_011631.1:ncbi:ORF157_NG_011631.1	1.0
NG_011631.1	python_raw	ncbi	exact	NG_011631.1:raw:123	NG_011631.1:ncbi:ORF1270_NG_011631.1	1.0
NG_011631.1	python_raw	ncbi	exact	NG_011631.1:raw:1230	NG_011631.1:ncbi:ORF1259_NG_011631.1	1.0
NG_011631.1	python_raw	ncbi	exact	NG_011631.1:raw:1231	NG_011631.1:ncbi:ORF1527_NG_011631.1	1.0
NG_011631.1	python_raw	ncbi	exact	NG_011631.1:raw:1232	NG_011631.1:ncbi:ORF1528_NG_011631.1	1.0
NG_011631.1	python_raw	ncbi	exact	NG_011631.1:raw:1233	NG_011631.1:ncbi:ORF981_NG_011631.1	1.0
NG_011631.1	python_raw	ncbi	exact	NG_011631.1:raw:1234	NG_011631.1:ncbi:ORF984_NG_011631.1	1.0
NG_011631.1	python_raw	ncbi	exact	NG_011631.1:raw:1235	NG_011631.1:ncbi:ORF413_NG_011631.1	1.0
NG_011631.1	python_raw	ncbi	exact	NG_011631.1:raw:1236	NG_011631.1:ncbi:ORF1271_NG_011631.1	1.0
NG_011631.1	python_raw	ncbi	exact	NG_011631.1:raw:1237	NG_011631.1:ncbi:ORF994_NG_011631.1	1.0
NG_011631.1	python_raw	ncbi	exact	NG_011631.1:raw:1238	NG_011631.1:ncbi:ORF172_NG_011631.1	1.0
NG_011631.1	python_raw	ncbi	exact	NG_011631.1:raw:1239	NG_011631.1:ncbi:ORF715_NG_011631.1	1.0
NG_011631.1	python_raw	ncbi	exact	NG_011631.1:raw:124	NG_011631.1:ncbi:ORF179_NG_011631.1	1.0
NG_011631.1	python_raw	ncbi	exact	NG_011631.1:raw:1240	NG_011631.1:ncbi:ORF444_NG_011631.1	1.0
NG_011631.1	python_raw	ncbi	exact	NG_011631.1:raw:1241	NG_011631.1:ncbi:ORF1020_NG_011631.1	1.0
NG_011631.1	python_raw	ncbi	exact	NG_011631.1:raw:1242	NG_011631.1:ncbi:ORF1029_NG_011631.1	1.0
NG_011631.1	python_raw	ncbi	exact	NG_011631.1:raw:1243	NG_011631.1:ncbi:ORF460_NG_011631.1	1.0
NG_011631.1	python_raw	ncbi	exact	NG_011631.1:raw:1244	NG_011631.1:ncbi:ORF1310_NG_011631.1	1.0
NG_011631.1	python_raw	ncbi	exact	NG_011631.1:raw:1245	NG_011631.1:ncbi:ORF1582_NG_011631.1	1.0
NG_011631.1	python_raw	ncbi	exact	NG_011631.1:raw:1246	NG_011631.1:ncbi:ORF209_NG_011631.1	1.0
NG_011631.1	python_raw	ncbi	exact	NG_011631.1:raw:1247	NG_011631.1:ncbi:ORF479_NG_011631.1	1.0
NG_011631.1	python_raw	ncbi	exact	NG_011631.1:raw:1248	NG_011631.1:ncbi:ORF773_NG_011631.1	1.0
NG_011631.1	python_raw	ncbi	exact	NG_011631.1:raw:1249	NG_011631.1:ncbi:ORF231_NG_011631.1	1.0
NG_011631.1	python_raw	ncbi	exact	NG_011631.1:raw:125	NG_011631.1:ncbi:ORF442_NG_011631.1	1.0
NG_011631.1	python_raw	ncbi	exact	NG_011631.1:raw:1250	NG_011631.1:ncbi:ORF497_NG_011631.1	1.0
NG_011631.1	python_raw	ncbi	exact	NG_011631.1:raw:1251	NG_011631.1:ncbi:ORF243_NG_011631.1	1.0
NG_011631.1	python_raw	ncbi	exact	NG_011631.1:raw:1252	NG_011631.1:ncbi:ORF1083_NG_011631.1	1.0
NG_011631.1	python_raw	ncbi	exact	NG_011631.1:raw:1253	NG_011631.1:ncbi:ORF1352_NG_011631.1	1.0
NG_011631.1	python_raw	ncbi	exact	NG_011631.1:raw:1254	NG_011631.1:ncbi:ORF252_NG_011631.1	1.0
NG_011631.1	python_raw	ncbi	exact	NG_011631.1:raw:1255	NG_011631.1:ncbi:ORF1363_NG_011631.1	1.0
NG_011631.1	python_raw	ncbi	exact	NG_011631.1:raw:1256	NG_011631.1:ncbi:ORF1119_NG_011631.1	1.0
NG_011631.1	python_raw	ncbi	exact	NG_011631.1:raw:1257	NG_011631.1:ncbi:ORF1380_NG_011631.1	1.0
NG_011631.1	python_raw	ncbi	exact	NG_011631.1:raw:1258	NG_011631.1:ncbi:ORF1126_NG_011631.1	1.0
NG_011631.1	python_raw	ncbi	exact	NG_011631.1:raw:1259	NG_011631.1:ncbi:ORF1128_NG_011631.1	1.0
NG_011631.1	python_raw	ncbi	exact	NG_011631.1:raw:126	NG_011631.1:ncbi:ORF211_NG_011631.1	1.0
NG_011631.1	python_raw	ncbi	exact	NG_011631.1:raw:1260	NG_011631.1:ncbi:ORF1130_NG_011631.1	1.0
NG_011631.1	python_raw	ncbi	exact	NG_011631.1:raw:1261	NG_011631.1:ncbi:ORF845_NG_011631.1	1.0
NG_011631.1	python_raw	ncbi	exact	NG_011631.1:raw:1262	NG_011631.1:ncbi:ORF289_NG_011631.1	1.0
NG_011631.1	python_raw	ncbi	exact	NG_011631.1:raw:1263	NG_011631.1:ncbi:ORF30_NG_011631.1	1.0
NG_011631.1	python_raw	ncbi	exact	NG_011631.1:raw:1264	NG_011631.1:ncbi:ORF39_NG_011631.1	1.0
NG_011631.1	python_raw	ncbi	exact	NG_011631.1:raw:1265	NG_011631.1:ncbi:ORF298_NG_011631.1	1.0
NG_011631.1	python_raw	ncbi	exact	NG_011631.1:raw:1266	NG_011631.1:ncbi:ORF1145_NG_011631.1	1.0
NG_011631.1	python_raw	ncbi	exact	NG_011631.1:raw:1267	NG_011631.1:ncbi:ORF569_NG_011631.1	1.0
NG_011631.1	python_raw	ncbi	exact	NG_011631.1:raw:1268	NG_011631.1:ncbi:ORF54_NG_011631.1	1.0
NG_011631.1	python_raw	ncbi	exact	NG_011631.1:raw:1269	NG_011631.1:ncbi:ORF573_NG_011631.1	1.0
NG_011631.1	python_raw	ncbi	exact	NG_011631.1:raw:127	NG_011631.1:ncbi:ORF236_NG_011631.1	1.0
NG_011631.1	python_raw	ncbi	exact	NG_011631.1:raw:1270	NG_011631.1:ncbi:ORF866_NG_011631.1	1.0
NG_011631.1	python_raw	ncbi	exact	NG_011631.1:raw:1271	NG_011631.1:ncbi:ORF59_NG_011631.1	1.0
NG_011631.1	python_raw	ncbi	exact	NG_011631.1:raw:1272	NG_011631.1:ncbi:ORF1420_NG_011631.1	1.0
NG_011631.1	python_raw	ncbi	exact	NG_011631.1:raw:1273	NG_011631.1:ncbi:ORF1168_NG_011631.1	1.0
NG_011631.1	python_raw	ncbi	exact	NG_011631.1:raw:1274	NG_011631.1:ncbi:ORF1170_NG_011631.1	1.0
NG_011631.1	python_raw	ncbi	exact	NG_011631.1:raw:1275	NG_011631.1:ncbi:ORF64_NG_011631.1	1.0
NG_011631.1	python_raw	ncbi	exact	NG_011631.1:raw:1276	NG_011631.1:ncbi:ORF1172_NG_011631.1	1.0
NG_011631.1	python_raw	ncbi	exact	NG_011631.1:raw:1277	NG_011631.1:ncbi:ORF877_NG_011631.1	1.0
NG_011631.1	python_raw	ncbi	exact	NG_011631.1:raw:1278	NG_011631.1:ncbi:ORF76_NG_011631.1	1.0
NG_011631.1	python_raw	ncbi	exact	NG_011631.1:raw:1279	NG_011631.1:ncbi:ORF885_NG_011631.1	1.0
NG_011631.1	python_raw	ncbi	exact	NG_011631.1:raw:128	NG_011631.1:ncbi:ORF802_NG_011631.1	1.0
NG_011631.1	python_raw	ncbi	exact	NG_011631.1:raw:1280	NG_011631.1:ncbi:ORF608_NG_011631.1	1.0
NG_011631.1	python_raw	ncbi	exact	NG_011631.1:raw:1281	NG_011631.1:ncbi:ORF1448_NG_011631.1	1.0
NG_011631.1	python_raw	ncbi	exact	NG_011631.1:raw:1282	NG_011631.1:ncbi:ORF617_NG_011631.1	1.0
NG_011631.1	python_raw	ncbi	exact	NG_011631.1:raw:1283	NG_011631.1:ncbi:ORF91_NG_011631.1	1.0
NG_011631.1	python_raw	ncbi	exact	NG_011631.1:raw:1284	NG_011631.1:ncbi:ORF1213_NG_011631.1	1.0
NG_011631.1	python_raw	ncbi	exact	NG_011631.1:raw:1285	NG_011631.1:ncbi:ORF372_NG_011631.1	1.0
NG_011631.1	python_raw	ncbi	exact	NG_011631.1:raw:1286	NG_011631.1:ncbi:ORF925_NG_011631.1	1.0
NG_011631.1	python_raw	ncbi	exact	NG_011631.1:raw:1287	NG_011631.1:ncbi:ORF1217_NG_011631.1	1.0
NG_011631.1	python_raw	ncbi	exact	NG_011631.1:raw:1288	NG_011631.1:ncbi:ORF927_NG_011631.1	1.0
NG_011631.1	python_raw	ncbi	exact	NG_011631.1:raw:1289	NG_011631.1:ncbi:ORF1218_NG_011631.1	1.0
NG_011631.1	python_raw	ncbi	exact	NG_011631.1:raw:129	NG_011631.1:ncbi:ORF25_NG_011631.1	1.0
NG_011631.1	python_raw	ncbi	exact	NG_011631.1:raw:1290	NG_011631.1:ncbi:ORF1224_NG_011631.1	1.0
NG_011631.1	python_raw	ncbi	exact	NG_011631.1:raw:1291	NG_011631.1:ncbi:ORF656_NG_011631.1	1.0
NG_011631.1	python_raw	ncbi	exact	NG_011631.1:raw:1292	NG_011631.1:ncbi:ORF121_NG_011631.1	1.0
NG_011631.1	python_raw	ncbi	exact	NG_011631.1:raw:1293	NG_011631.1:ncbi:ORF941_NG_011631.1	1.0
NG_011631.1	python_raw	ncbi	exact	NG_011631.1:raw:1294	NG_011631.1:ncbi:ORF1499_NG_011631.1	1.0
NG_011631.1	python_raw	ncbi	exact	NG_011631.1:raw:1295	NG_011631.1:ncbi:ORF395_NG_011631.1	1.0
NG_011631.1	python_raw	ncbi	exact	NG_011631.1:raw:1296	NG_011631.1:ncbi:ORF138_NG_011631.1	1.0
NG_011631.1	python_raw	ncbi	exact	NG_011631.1:raw:1297	NG_011631.1:ncbi:ORF681_NG_011631.1	1.0
NG_011631.1	python_raw	ncbi	exact	NG_011631.1:raw:1298	NG_011631.1:ncbi:ORF963_NG_011631.1	1.0
NG_011631.1	python_raw	ncbi	exact	NG_011631.1:raw:1299	NG_011631.1:ncbi:ORF1252_NG_011631.1	1.0
NG_011631.1	python_raw	ncbi	exact	NG_011631.1:raw:13	NG_011631.1:ncbi:ORF525_NG_011631.1	1.0
NG_011631.1	python_raw	ncbi	exact	NG_011631.1:raw:130	NG_011631.1:ncbi:ORF905_NG_011631.1	1.0
NG_011631.1	python_raw	ncbi	exact	NG_011631.1:raw:1300	NG_011631.1:ncbi:ORF689_NG_011631.1	1.0
NG_011631.1	python_raw	ncbi	exact	NG_011631.1:raw:1301	NG_011631.1:ncbi:ORF416_NG_011631.1	1.0
NG_011631.1	python_raw	ncbi	exact	NG_011631.1:raw:1302	NG_011631.1:ncbi:ORF706_NG_011631.1	1.0
NG_011631.1	python_raw	ncbi	exact	NG_011631.1:raw:1303	NG_011631.1:ncbi:ORF1544_NG_011631.1	1.0
NG_011631.1	python_raw	ncbi	exact	NG_011631.1:raw:1304	NG_011631.1:ncbi:ORF432_NG_011631.1	1.0
NG_011631.1	python_raw	ncbi	exact	NG_011631.1:raw:1305	NG_011631.1:ncbi:ORF723_NG_011631.1	1.0
NG_011631.1	python_raw	ncbi	exact	NG_011631.1:raw:1306	NG_011631.1:ncbi:ORF1009_NG_011631.1	1.0
NG_011631.1	python_raw	ncbi	exact	NG_011631.1:raw:1307	NG_011631.1:ncbi:ORF1287_NG_011631.1	1.0
NG_011631.1	python_raw	ncbi	exact	NG_011631.1:raw:1308	NG_011631.1:ncbi:ORF446_NG_011631.1	1.0
NG_011631.1	python_raw	ncbi	exact	NG_011631.1:raw:1309	NG_011631.1:ncbi:ORF729_NG_011631.1	1.0
NG_011631.1	python_raw	ncbi	exact	NG_011631.1:raw:131	NG_011631.1:ncbi:ORF628_NG_011631.1	1.0
NG_011631.1	python_raw	ncbi	exact	NG_011631.1:raw:1310	NG_011631.1:ncbi:ORF736_NG_011631.1	1.0
NG_011631.1	python_raw	ncbi	exact	NG_011631.1:raw:1311	NG_011631.1:ncbi:ORF457_NG_011631.1	1.0
NG_011631.1	python_raw	ncbi	exact	NG_011631.1:raw:1312	NG_011631.1:ncbi:ORF1570_NG_011631.1	1.0
NG_011631.1	python_raw	ncbi	exact	NG_011631.1:raw:1313	NG_011631.1:ncbi:ORF747_NG_011631.1	1.0
NG_011631.1	python_raw	ncbi	exact	NG_011631.1:raw:1314	NG_011631.1:ncbi:ORF749_NG_011631.1	1.0
NG_011631.1	python_raw	ncbi	exact	NG_011631.1:raw:1315	NG_011631.1:ncbi:ORF1043_NG_011631.1	1.0
NG_011631.1	python_raw	ncbi	exact	NG_011631.1:raw:1316	NG_011631.1:ncbi:ORF1318_NG_011631.1	1.0
NG_011631.1	python_raw	ncbi	exact	NG_011631.1:raw:1317	NG_011631.1:ncbi:ORF776_NG_011631.1	1.0
NG_011631.1	python_raw	ncbi	exact	NG_011631.1:raw:1318	NG_011631.1:ncbi:ORF1336_NG_011631.1	1.0
NG_011631.1	python_raw	ncbi	exact	NG_011631.1:raw:1319	NG_011631.1:ncbi:ORF232_NG_011631.1	1.0
NG_011631.1	python_raw	ncbi	exact	NG_011631.1:raw:132	NG_011631.1:ncbi:ORF635_NG_011631.1	1.0
NG_011631.1	python_raw	ncbi	exact	NG_011631.1:raw:1320	NG_011631.1:ncbi:ORF788_NG_011631.1	1.0
NG_011631.1	python_raw	ncbi	exact	NG_011631.1:raw:1321	NG_011631.1:ncbi:ORF1075_NG_011631.1	1.0
NG_011631.1	python_raw	ncbi	exact	NG_011631.1:raw:1322	NG_011631.1:ncbi:ORF798_NG_011631.1	1.0
NG_011631.1	python_raw	ncbi	exact	NG_011631.1:raw:1323	NG_011631.1:ncbi:ORF1092_NG_011631.1	1.0
NG_011631.1	python_raw	ncbi	exact	NG_011631.1:raw:1324	NG_011631.1:ncbi:ORF800_NG_011631.1	1.0
NG_011631.1	python_raw	ncbi	exact	NG_011631.1:raw:1325	NG_011631.1:ncbi:ORF1645_NG_011631.1	1.0
NG_011631.1	python_raw	ncbi	exact	NG_011631.1:raw:1326	NG_011631.1:ncbi:ORF268_NG_011631.1	1.0
NG_011631.1	python_raw	ncbi	exact	NG_011631.1:raw:1327	NG_011631.1:ncbi:ORF821_NG_011631.1	1.0
NG_011631.1	python_raw	ncbi	exact	NG_011631.1:raw:1328	NG_011631.1:ncbi:ORF536_NG_011631.1	1.0
NG_011631.1	python_raw	ncbi	exact	NG_011631.1:raw:1329	NG_011631.1:ncbi:ORF837_NG_011631.1	1.0
NG_011631.1	python_raw	ncbi	exact	NG_011631.1:raw:133	NG_011631.1:ncbi:ORF377_NG_011631.1	1.0
NG_011631.1	python_raw	ncbi	exact	NG_011631.1:raw:1330	NG_011631.1:ncbi:ORF1386_NG_011631.1	1.0
NG_011631.1	python_raw	ncbi	exact	NG_011631.1:raw:1331	NG_011631.1:ncbi:ORF1131_NG_011631.1	1.0
NG_011631.1	python_raw	ncbi	exact	NG_011631.1:raw:1332	NG_011631.1:ncbi:ORF1132_NG_011631.1	1.0
NG_011631.1	python_raw	ncbi	exact	NG_011631.1:raw:1333	NG_011631.1:ncbi:ORF1396_NG_011631.1	1.0
NG_011631.1	python_raw	ncbi	exact	NG_011631.1:raw:1334	NG_011631.1:ncbi:ORF554_NG_011631.1	1.0
NG_011631.1	python_raw	ncbi	exact	NG_011631.1:raw:1335	NG_011631.1:ncbi:ORF557_NG_011631.1	1.0
NG_011631.1	python_raw	ncbi	exact	NG_011631.1:raw:1336	NG_011631.1:ncbi:ORF562_NG_011631.1	1.0
NG_011631.1	python_raw	ncbi	exact	NG_011631.1:raw:1337	NG_011631.1:ncbi:ORF566_NG_011631.1	1.0
NG_011631.1	python_raw	ncbi	exact	NG_011631.1:raw:1338	NG_011631.1:ncbi:ORF45_NG_011631.1	1.0
NG_011631.1	python_raw	ncbi	exact	NG_011631.1:raw:1339	NG_011631.1:ncbi:ORF1156_NG_011631.1	1.0
NG_011631.1	python_raw	ncbi	exact	NG_011631.1:raw:134	NG_011631.1:ncbi:ORF1220_NG_011631.1	1.0
NG_011631.1	python_raw	ncbi	exact	NG_011631.1:raw:1340	NG_011631.1:ncbi:ORF1169_NG_011631.1	1.0
NG_011631.1	python_raw	ncbi	exact	NG_011631.1:raw:1341	NG_011631.1:ncbi:ORF313_NG_011631.1	1.0
NG_011631.1	python_raw	ncbi	exact	NG_011631.1:raw:1342	NG_011631.1:ncbi:ORF593_NG_011631.1	1.0
NG_011631.1	python_raw	ncbi	exact	NG_011631.1:raw:1343	NG_011631.1:ncbi:ORF74_NG_011631.1	1.0
NG_011631.1	python_raw	ncbi	exact	NG_011631.1:raw:1344	NG_011631.1:ncbi:ORF327_NG_011631.1	1.0
NG_011631.1	python_raw	ncbi	exact	NG_011631.1:raw:1345	NG_011631.1:ncbi:ORF605_NG_011631.1	1.0
NG_011631.1	python_raw	ncbi	exact	NG_011631.1:raw:1346	NG_011631.1:ncbi:ORF1445_NG_011631.1	1.0
NG_011631.1	python_raw	ncbi	exact	NG_011631.1:raw:1347	NG_011631.1:ncbi:ORF615_NG_011631.1	1.0
NG_011631.1	python_raw	ncbi	exact	NG_011631.1:raw:1348	NG_011631.1:ncbi:ORF1452_NG_011631.1	1.0
NG_011631.1	python_raw	ncbi	exact	NG_011631.1:raw:1349	NG_011631.1:ncbi:ORF621_NG_011631.1	1.0
NG_011631.1	python_raw	ncbi	exact	NG_011631.1:raw:135	NG_011631.1:ncbi:ORF935_NG_011631.1	1.0
NG_011631.1	python_raw	ncbi	exact	NG_011631.1:raw:1350	NG_011631.1:ncbi:ORF1459_NG_011631.1	1.0
NG_011631.1	python_raw	ncbi	exact	NG_011631.1:raw:1351	NG_011631.1:ncbi:ORF625_NG_011631.1	1.0
NG_011631.1	python_raw	ncbi	exact	NG_011631.1:raw:1352	NG_011631.1:ncbi:ORF1460_NG_011631.1	1.0
NG_011631.1	python_raw	ncbi	exact	NG_011631.1:raw:1353	NG_011631.1:ncbi:ORF343_NG_011631.1	1.0
NG_011631.1	python_raw	ncbi	exact	NG_011631.1:raw:1354	NG_011631.1:ncbi:ORF96_NG_011631.1	1.0
NG_011631.1	python_raw	ncbi	exact	NG_011631.1:raw:1355	NG_011631.1:ncbi:ORF1201_NG_011631.1	1.0
NG_011631.1	python_raw	ncbi	exact	NG_011631.1:raw:1356	NG_011631.1:ncbi:ORF103_NG_011631.1	1.0
NG_011631.1	python_raw	ncbi	exact	NG_011631.1:raw:1357	NG_011631.1:ncbi:ORF633_NG_011631.1	1.0
NG_011631.1	python_raw	ncbi	exact	NG_011631.1:raw:1358	NG_011631.1:ncbi:ORF104_NG_011631.1	1.0
NG_011631.1	python_raw	ncbi	exact	NG_011631.1:raw:1359	NG_011631.1:ncbi:ORF1470_NG_011631.1	1.0
NG_011631.1	python_raw	ncbi	exact	NG_011631.1:raw:136	NG_011631.1:ncbi:ORF1549_NG_011631.1	1.0
NG_011631.1	python_raw	ncbi	exact	NG_011631.1:raw:1360	NG_011631.1:ncbi:ORF918_NG_011631.1	1.0
NG_011631.1	python_raw	ncbi	exact	NG_011631.1:raw:1361	NG_011631.1:ncbi:ORF1474_NG_011631.1	1.0
NG_011631.1	python_raw	ncbi	exact	NG_011631.1:raw:1362	NG_011631.1:ncbi:ORF921_NG_011631.1	1.0
NG_011631.1	python_raw	ncbi	exact	NG_011631.1:raw:1363	NG_011631.1:ncbi:ORF923_NG_011631.1	1.0
NG_011631.1	python_raw	ncbi	exact	NG_011631.1:raw:1364	NG_011631.1:ncbi:ORF1214_NG_011631.1	1.0
NG_011631.1	python_raw	ncbi	exact	NG_011631.1:raw:1365	NG_011631.1:ncbi:ORF376_NG_011631.1	1.0
NG_011631.1	python_raw	ncbi	exact	NG_011631.1:raw:1366	NG_011631.1:ncbi:ORF379_NG_011631.1	1.0
NG_011631.1	python_raw	ncbi	exact	NG_011631.1:raw:1367	NG_011631.1:ncbi:ORF1228_NG_011631.1	1.0
NG_011631.1	python_raw	ncbi	exact	NG_011631.1:raw:1368	NG_011631.1:ncbi:ORF130_NG_011631.1	1.0
NG_011631.1	python_raw	ncbi	exact	NG_011631.1:raw:1369	NG_011631.1:ncbi:ORF1238_NG_011631.1	1.0
NG_011631.1	python_raw	ncbi	exact	NG_011631.1:raw:137	NG_011631.1:ncbi:ORF730_NG_011631.1	1.0
NG_011631.1	python_raw	ncbi	exact	NG_011631.1:raw:1370	NG_011631.1:ncbi:ORF1507_NG_011631.1	1.0
NG_011631.1	python_raw	ncbi	exact	NG_011631.1:raw:1371	NG_011631.1:ncbi:ORF950_NG_011631.1	1.0
NG_011631.1	python_raw	ncbi	exact	NG_011631.1:raw:1372	NG_011631.1:ncbi:ORF1247_NG_011631.1	1.0
NG_011631.1	python_raw	ncbi	exact	NG_011631.1:raw:1373	NG_011631.1:ncbi:ORF687_NG_011631.1	1.0
NG_011631.1	python_raw	ncbi	exact	NG_011631.1:raw:1374	NG_011631.1:ncbi:ORF159_NG_011631.1	1.0
NG_011631.1	python_raw	ncbi	exact	NG_011631.1:raw:1375	NG_011631.1:ncbi:ORF414_NG_011631.1	1.0
NG_011631.1	python_raw	ncbi	exact	NG_011631.1:raw:1376	NG_011631.1:ncbi:ORF705_NG_011631.1	1.0
NG_011631.1	python_raw	ncbi	exact	NG_011631.1:raw:1377	NG_011631.1:ncbi:ORF417_NG_011631.1	1.0
NG_011631.1	python_raw	ncbi	exact	NG_011631.1:raw:1378	NG_011631.1:ncbi:ORF421_NG_011631.1	1.0
NG_011631.1	python_raw	ncbi	exact	NG_011631.1:raw:1379	NG_011631.1:ncbi:ORF168_NG_011631.1	1.0
NG_011631.1	python_raw	ncbi	exact	NG_011631.1:raw:138	NG_011631.1:ncbi:ORF1569_NG_011631.1	1.0
NG_011631.1	python_raw	ncbi	exact	NG_011631.1:raw:1380	NG_011631.1:ncbi:ORF719_NG_011631.1	1.0
NG_011631.1	python_raw	ncbi	exact	NG_011631.1:raw:1381	NG_011631.1:ncbi:ORF436_NG_011631.1	1.0
NG_011631.1	python_raw	ncbi	exact	NG_011631.1:raw:1382	NG_011631.1:ncbi:ORF441_NG_011631.1	1.0
NG_011631.1	python_raw	ncbi	exact	NG_011631.1:raw:1383	NG_011631.1:ncbi:ORF725_NG_011631.1	1.0
NG_011631.1	python_raw	ncbi	exact	NG_011631.1:raw:1384	NG_011631.1:ncbi:ORF1013_NG_011631.1	1.0
NG_011631.1	python_raw	ncbi	exact	NG_011631.1:raw:1385	NG_011631.1:ncbi:ORF1021_NG_011631.1	1.0
NG_011631.1	python_raw	ncbi	exact	NG_011631.1:raw:1386	NG_011631.1:ncbi:ORF1036_NG_011631.1	1.0
NG_011631.1	python_raw	ncbi	exact	NG_011631.1:raw:1387	NG_011631.1:ncbi:ORF1578_NG_011631.1	1.0
NG_011631.1	python_raw	ncbi	exact	NG_011631.1:raw:1388	NG_011631.1:ncbi:ORF1583_NG_011631.1	1.0
NG_011631.1	python_raw	ncbi	exact	NG_011631.1:raw:1389	NG_011631.1:ncbi:ORF1584_NG_011631.1	1.0
NG_011631.1	python_raw	ncbi	exact	NG_011631.1:raw:139	NG_011631.1:ncbi:ORF1422_NG_011631.1	1.0
NG_011631.1	python_raw	ncbi	exact	NG_011631.1:raw:1390	NG_011631.1:ncbi:ORF766_NG_011631.1	1.0
NG_011631.1	python_raw	ncbi	exact	NG_011631.1:raw:1391	NG_011631.1:ncbi:ORF1055_NG_011631.1	1.0
NG_011631.1	python_raw	ncbi	exact	NG_011631.1:raw:1392	NG_011631.1:ncbi:ORF1057_NG_011631.1	1.0
NG_011631.1	python_raw	ncbi	exact	NG_011631.1:raw:1393	NG_011631.1:ncbi:ORF1058_NG_011631.1	1.0
NG_011631.1	python_raw	ncbi	exact	NG_011631.1:raw:1394	NG_011631.1:ncbi:ORF216_NG_011631.1	1.0
NG_011631.1	python_raw	ncbi	exact	NG_011631.1:raw:1395	NG_011631.1:ncbi:ORF221_NG_011631.1	1.0
NG_011631.1	python_raw	ncbi	exact	NG_011631.1:raw:1396	NG_011631.1:ncbi:ORF1603_NG_011631.1	1.0
NG_011631.1	python_raw	ncbi	exact	NG_011631.1:raw:1397	NG_011631.1:ncbi:ORF777_NG_011631.1	1.0
NG_011631.1	python_raw	ncbi	exact	NG_011631.1:raw:1398	NG_011631.1:ncbi:ORF778_NG_011631.1	1.0
NG_011631.1	python_raw	ncbi	exact	NG_011631.1:raw:1399	NG_011631.1:ncbi:ORF487_NG_011631.1	1.0
NG_011631.1	python_raw	ncbi	exact	NG_011631.1:raw:14	NG_011631.1:ncbi:ORF743_NG_011631.1	1.0
NG_011631.1	python_raw	ncbi	exact	NG_011631.1:raw:140	NG_011631.1:ncbi:ORF584_NG_011631.1	1.0
NG_011631.1	python_raw	ncbi	exact	NG_011631.1:raw:1400	NG_011631.1:ncbi:ORF1611_NG_011631.1	1.0
NG_011631.1	python_raw	ncbi	exact	NG_011631.1:raw:1401	NG_011631.1:ncbi:ORF493_NG_011631.1	1.0
NG_011631.1	python_raw	ncbi	exact	NG_011631.1:raw:1402	NG_011631.1:ncbi:ORF233_NG_011631.1	1.0
NG_011631.1	python_raw	ncbi	exact	NG_011631.1:raw:1403	NG_011631.1:ncbi:ORF1076_NG_011631.1	1.0
NG_011631.1	python_raw	ncbi	exact	NG_011631.1:raw:1404	NG_011631.1:ncbi:ORF1079_NG_011631.1	1.0
NG_011631.1	python_raw	ncbi	exact	NG_011631.1:raw:1405	NG_011631.1:ncbi:ORF241_NG_011631.1	1.0
NG_011631.1	python_raw	ncbi	exact	NG_011631.1:raw:1406	NG_011631.1:ncbi:ORF1350_NG_011631.1	1.0
NG_011631.1	python_raw	ncbi	exact	NG_011631.1:raw:1407	NG_011631.1:ncbi:ORF500_NG_011631.1	1.0
NG_011631.1	python_raw	ncbi	exact	NG_011631.1:raw:1408	NG_011631.1:ncbi:ORF1356_NG_011631.1	1.0
NG_011631.1	python_raw	ncbi	exact	NG_011631.1:raw:1409	NG_011631.1:ncbi:ORF1638_NG_011631.1	1.0
NG_011631.1	python_raw	ncbi	exact	NG_011631.1:raw:141	NG_011631.1:ncbi:ORF162_NG_011631.1	1.0
NG_011631.1	python_raw	ncbi	exact	NG_011631.1:raw:1410	NG_011631.1:ncbi:ORF519_NG_011631.1	1.0
NG_011631.1	python_raw	ncbi	exact	NG_011631.1:raw:1411	NG_011631.1:ncbi:ORF521_NG_011631.1	1.0
NG_011631.1	python_raw	ncbi	exact	NG_011631.1:raw:1412	NG_011631.1:ncbi:ORF527_NG_011631.1	1.0
NG_011631.1	python_raw	ncbi	exact	NG_011631.1:raw:1413	NG_011631.1:ncbi:ORF1374_NG_011631.1	1.0
NG_011631.1	python_raw	ncbi	exact	NG_011631.1:raw:1414	NG_011631.1:ncbi:ORF16_NG_011631.1	1.0
NG_011631.1	python_raw	ncbi	exact	NG_011631.1:raw:1415	NG_011631.1:ncbi:ORF535_NG_011631.1	1.0
NG_011631.1	python_raw	ncbi	exact	NG_011631.1:raw:1416	NG_011631.1:ncbi:ORF1125_NG_011631.1	1.0
NG_011631.1	python_raw	ncbi	exact	NG_011631.1:raw:1417	NG_011631.1:ncbi:ORF279_NG_011631.1	1.0
NG_011631.1	python_raw	ncbi	exact	NG_011631.1:raw:1418	NG_011631.1:ncbi:ORF1127_NG_011631.1	1.0
NG_011631.1	python_raw	ncbi	exact	NG_011631.1:raw:1419	NG_011631.1:ncbi:ORF547_NG_011631.1	1.0
NG_011631.1	python_raw	ncbi	exact	NG_011631.1:raw:142	NG_011631.1:ncbi:ORF990_NG_011631.1	1.0
NG_011631.1	python_raw	ncbi	exact	NG_011631.1:raw:1420	NG_011631.1:ncbi:ORF1392_NG_011631.1	1.0
NG_011631.1	python_raw	ncbi	exact	NG_011631.1:raw:1421	NG_011631.1:ncbi:ORF1397_NG_011631.1	1.0
NG_011631.1	python_raw	ncbi	exact	NG_011631.1:raw:1422	NG_011631.1:ncbi:ORF853_NG_011631.1	1.0
NG_011631.1	python_raw	ncbi	exact	NG_011631.1:raw:1423	NG_011631.1:ncbi:ORF568_NG_011631.1	1.0
NG_011631.1	python_raw	ncbi	exact	NG_011631.1:raw:1424	NG_011631.1:ncbi:ORF1406_NG_011631.1	1.0
NG_011631.1	python_raw	ncbi	exact	NG_011631.1:raw:1425	NG_011631.1:ncbi:ORF55_NG_011631.1	1.0
NG_011631.1	python_raw	ncbi	exact	NG_011631.1:raw:1426	NG_011631.1:ncbi:ORF574_NG_011631.1	1.0
NG_011631.1	python_raw	ncbi	exact	NG_011631.1:raw:1427	NG_011631.1:ncbi:ORF578_NG_011631.1	1.0
NG_011631.1	python_raw	ncbi	exact	NG_011631.1:raw:1428	NG_011631.1:ncbi:ORF585_NG_011631.1	1.0
NG_011631.1	python_raw	ncbi	exact	NG_011631.1:raw:1429	NG_011631.1:ncbi:ORF874_NG_011631.1	1.0
NG_011631.1	python_raw	ncbi	exact	NG_011631.1:raw:143	NG_011631.1:ncbi:ORF783_NG_011631.1	1.0
NG_011631.1	python_raw	ncbi	exact	NG_011631.1:raw:1430	NG_011631.1:ncbi:ORF71_NG_011631.1	1.0
NG_011631.1	python_raw	ncbi	exact	NG_011631.1:raw:1431	NG_011631.1:ncbi:ORF878_NG_011631.1	1.0
NG_011631.1	python_raw	ncbi	exact	NG_011631.1:raw:1432	NG_011631.1:ncbi:ORF883_NG_011631.1	1.0
NG_011631.1	python_raw	ncbi	exact	NG_011631.1:raw:1433	NG_011631.1:ncbi:ORF78_NG_011631.1	1.0
NG_011631.1	python_raw	ncbi	exact	NG_011631.1:raw:1434	NG_011631.1:ncbi:ORF1450_NG_011631.1	1.0
NG_011631.1	python_raw	ncbi	exact	NG_011631.1:raw:1435	NG_011631.1:ncbi:ORF616_NG_011631.1	1.0
NG_011631.1	python_raw	ncbi	exact	NG_011631.1:raw:1436	NG_011631.1:ncbi:ORF904_NG_011631.1	1.0
NG_011631.1	python_raw	ncbi	exact	NG_011631.1:raw:1437	NG_011631.1:ncbi:ORF1194_NG_011631.1	1.0
NG_011631.1	python_raw	ncbi	exact	NG_011631.1:raw:1438	NG_011631.1:ncbi:ORF93_NG_011631.1	1.0
NG_011631.1	python_raw	ncbi	exact	NG_011631.1:raw:1439	NG_011631.1:ncbi:ORF340_NG_011631.1	1.0
NG_011631.1	python_raw	ncbi	exact	NG_011631.1:raw:144	NG_011631.1:ncbi:ORF1082_NG_011631.1	1.0
NG_011631.1	python_raw	ncbi	exact	NG_011631.1:raw:1440	NG_011631.1:ncbi:ORF917_NG_011631.1	1.0
NG_011631.1	python_raw	ncbi	exact	NG_011631.1:raw:1441	NG_011631.1:ncbi:ORF1215_NG_011631.1	1.0
NG_011631.1	python_raw	ncbi	exact	NG_011631.1:raw:1442	NG_011631.1:ncbi:ORF649_NG_011631.1	1.0
NG_011631.1	python_raw	ncbi	exact	NG_011631.1:raw:1443	NG_011631.1:ncbi:ORF655_NG_011631.1	1.0
NG_011631.1	python_raw	ncbi	exact	NG_011631.1:raw:1444	NG_011631.1:ncbi:ORF384_NG_011631.1	1.0
NG_011631.1	python_raw	ncbi	exact	NG_011631.1:raw:1445	NG_011631.1:ncbi:ORF666_NG_011631.1	1.0
NG_011631.1	python_raw	ncbi	exact	NG_011631.1:raw:1446	NG_011631.1:ncbi:ORF1500_NG_011631.1	1.0
NG_011631.1	python_raw	ncbi	exact	NG_011631.1:raw:1447	NG_011631.1:ncbi:ORF1503_NG_011631.1	1.0
NG_011631.1	python_raw	ncbi	exact	NG_011631.1:raw:1448	NG_011631.1:ncbi:ORF135_NG_011631.1	1.0
NG_011631.1	python_raw	ncbi	exact	NG_011631.1:raw:1449	NG_011631.1:ncbi:ORF1505_NG_011631.1	1.0
NG_011631.1	python_raw	ncbi	exact	NG_011631.1:raw:145	NG_011631.1:ncbi:ORF820_NG_011631.1	1.0
NG_011631.1	python_raw	ncbi	exact	NG_011631.1:raw:1450	NG_011631.1:ncbi:ORF1506_NG_011631.1	1.0
NG_011631.1	python_raw	ncbi	exact	NG_011631.1:raw:1451	NG_011631.1:ncbi:ORF678_NG_011631.1	1.0
NG_011631.1	python_raw	ncbi	exact	NG_011631.1:raw:1452	NG_011631.1:ncbi:ORF150_NG_011631.1	1.0
NG_011631.1	python_raw	ncbi	exact	NG_011631.1:raw:1453	NG_011631.1:ncbi:ORF1249_NG_011631.1	1.0
NG_011631.1	python_raw	ncbi	exact	NG_011631.1:raw:1454	NG_011631.1:ncbi:ORF403_NG_011631.1	1.0
NG_011631.1	python_raw	ncbi	exact	NG_011631.1:raw:1455	NG_011631.1:ncbi:ORF692_NG_011631.1	1.0
NG_011631.1	python_raw	ncbi	exact	NG_011631.1:raw:1456	NG_011631.1:ncbi:ORF1255_NG_011631.1	1.0
NG_011631.1	python_raw	ncbi	exact	NG_011631.1:raw:1457	NG_011631.1:ncbi:ORF977_NG_011631.1	1.0
NG_011631.1	python_raw	ncbi	exact	NG_011631.1:raw:1458	NG_011631.1:ncbi:ORF1529_NG_011631.1	1.0
NG_011631.1	python_raw	ncbi	exact	NG_011631.1:raw:1459	NG_011631.1:ncbi:ORF991_NG_011631.1	1.0
NG_011631.1	python_raw	ncbi	exact	NG_011631.1:raw:146	NG_011631.1:ncbi:ORF537_NG_011631.1	1.0
NG_011631.1	python_raw	ncbi	exact	NG_011631.1:raw:1460	NG_011631.1:ncbi:ORF175_NG_011631.1	1.0
NG_011631.1	python_raw	ncbi	exact	NG_011631.1:raw:1461	NG_011631.1:ncbi:ORF1551_NG_011631.1	1.0
NG_011631.1	python_raw	ncbi	exact	NG_011631.1:raw:1462	NG_011631.1:ncbi:ORF194_NG_011631.1	1.0
NG_011631.1	python_raw	ncbi	exact	NG_011631.1:raw:1463	NG_011631.1:ncbi:ORF195_NG_011631.1	1.0
NG_011631.1	python_raw	ncbi	exact	NG_011631.1:raw:1464	NG_011631.1:ncbi:ORF767_NG_011631.1	1.0
NG_011631.1	python_raw	ncbi	exact	NG_011631.1:raw:1465	NG_011631.1:ncbi:ORF770_NG_011631.1	1.0
NG_011631.1	python_raw	ncbi	exact	NG_011631.1:raw:1466	NG_011631.1:ncbi:ORF1597_NG_011631.1	1.0
NG_011631.1	python_raw	ncbi	exact	NG_011631.1:raw:1467	NG_011631.1:ncbi:ORF217_NG_011631.1	1.0
NG_011631.1	python_raw	ncbi	exact	NG_011631.1:raw:1468	NG_011631.1:ncbi:ORF1615_NG_011631.1	1.0
NG_011631.1	python_raw	ncbi	exact	NG_011631.1:raw:1469	NG_011631.1:ncbi:ORF1074_NG_011631.1	1.0
NG_011631.1	python_raw	ncbi	exact	NG_011631.1:raw:147	NG_011631.1:ncbi:ORF1129_NG_011631.1	1.0
NG_011631.1	python_raw	ncbi	exact	NG_011631.1:raw:1470	NG_011631.1:ncbi:ORF1617_NG_011631.1	1.0
NG_011631.1	python_raw	ncbi	exact	NG_011631.1:raw:1471	NG_011631.1:ncbi:ORF246_NG_011631.1	1.0
NG_011631.1	python_raw	ncbi	exact	NG_011631.1:raw:1472	NG_011631.1:ncbi:ORF1351_NG_011631.1	1.0
NG_011631.1	python_raw	ncbi	exact	NG_011631.1:raw:1473	NG_011631.1:ncbi:ORF1626_NG_011631.1	1.0
NG_011631.1	python_raw	ncbi	exact	NG_011631.1:raw:1474	NG_011631.1:ncbi:ORF1096_NG_011631.1	1.0
NG_011631.1	python_raw	ncbi	exact	NG_011631.1:raw:1475	NG_011631.1:ncbi:ORF1107_NG_011631.1	1.0
NG_011631.1	python_raw	ncbi	exact	NG_011631.1:raw:1476	NG_011631.1:ncbi:ORF271_NG_011631.1	1.0
NG_011631.1	python_raw	ncbi	exact	NG_011631.1:raw:1477	NG_011631.1:ncbi:ORF13_NG_011631.1	1.0
NG_011631.1	python_raw	ncbi	exact	NG_011631.1:raw:1478	NG_011631.1:ncbi:ORF533_NG_011631.1	1.0
NG_011631.1	python_raw	ncbi	exact	NG_011631.1:raw:1479	NG_011631.1:ncbi:ORF1377_NG_011631.1	1.0
NG_011631.1	python_raw	ncbi	exact	NG_011631.1:raw:148	NG_011631.1:ncbi:ORF334_NG_011631.1	1.0
NG_011631.1	python_raw	ncbi	exact	NG_011631.1:raw:1480	NG_011631.1:ncbi:ORF832_NG_011631.1	1.0
NG_011631.1	python_raw	ncbi	exact	NG_011631.1:raw:1481	NG_011631.1:ncbi:ORF843_NG_011631.1	1.0
NG_011631.1	python_raw	ncbi	exact	NG_011631.1:raw:1482	NG_011631.1:ncbi:ORF1391_NG_011631.1	1.0
NG_011631.1	python_raw	ncbi	exact	NG_011631.1:raw:1483	NG_011631.1:ncbi:ORF551_NG_011631.1	1.0
NG_011631.1	python_raw	ncbi	exact	NG_011631.1:raw:1484	NG_011631.1:ncbi:ORF38_NG_011631.1	1.0
NG_011631.1	python_raw	ncbi	exact	NG_011631.1:raw:1485	NG_011631.1:ncbi:ORF1147_NG_011631.1	1.0
NG_011631.1	python_raw	ncbi	exact	NG_011631.1:raw:1486	NG_011631.1:ncbi:ORF1402_NG_011631.1	1.0
NG_011631.1	python_raw	ncbi	exact	NG_011631.1:raw:1487	NG_011631.1:ncbi:ORF570_NG_011631.1	1.0
NG_011631.1	python_raw	ncbi	exact	NG_011631.1:raw:1488	NG_011631.1:ncbi:ORF860_NG_011631.1	1.0
NG_011631.1	python_raw	ncbi	exact	NG_011631.1:raw:1489	NG_011631.1:ncbi:ORF309_NG_011631.1	1.0
NG_011631.1	python_raw	ncbi	exact	NG_011631.1:raw:149	NG_011631.1:ncbi:ORF358_NG_011631.1	1.0
NG_011631.1	python_raw	ncbi	exact	NG_011631.1:raw:1490	NG_011631.1:ncbi:ORF1416_NG_011631.1	1.0
NG_011631.1	python_raw	ncbi	exact	NG_011631.1:raw:1491	NG_011631.1:ncbi:ORF1163_NG_011631.1	1.0
NG_011631.1	python_raw	ncbi	exact	NG_011631.1:raw:1492	NG_011631.1:ncbi:ORF1421_NG_011631.1	1.0
NG_011631.1	python_raw	ncbi	exact	NG_011631.1:raw:1493	NG_011631.1:ncbi:ORF1428_NG_011631.1	1.0
NG_011631.1	python_raw	ncbi	exact	NG_011631.1:raw:1494	NG_011631.1:ncbi:ORF884_NG_011631.1	1.0
NG_011631.1	python_raw	ncbi	exact	NG_011631.1:raw:1495	NG_011631.1:ncbi:ORF325_NG_011631.1	1.0
NG_011631.1	python_raw	ncbi	exact	NG_011631.1:raw:1496	NG_011631.1:ncbi:ORF622_NG_011631.1	1.0
NG_011631.1	python_raw	ncbi	exact	NG_011631.1:raw:1497	NG_011631.1:ncbi:ORF88_NG_011631.1	1.0
NG_011631.1	python_raw	ncbi	exact	NG_011631.1:raw:1498	NG_011631.1:ncbi:ORF1463_NG_011631.1	1.0
NG_011631.1	python_raw	ncbi	exact	NG_011631.1:raw:1499	NG_011631.1:ncbi:ORF97_NG_011631.1	1.0
NG_011631.1	python_raw	ncbi	exact	NG_011631.1:raw:15	NG_011631.1:ncbi:ORF1103_NG_011631.1	1.0
NG_011631.1	python_raw	ncbi	exact	NG_011631.1:raw:150	NG_011631.1:ncbi:ORF1022_NG_011631.1	1.0
NG_011631.1	python_raw	ncbi	exact	NG_011631.1:raw:1500	NG_011631.1:ncbi:ORF350_NG_011631.1	1.0
NG_011631.1	python_raw	ncbi	exact	NG_011631.1:raw:1501	NG_011631.1:ncbi:ORF1203_NG_011631.1	1.0
NG_011631.1	python_raw	ncbi	exact	NG_011631.1:raw:1502	NG_011631.1:ncbi:ORF914_NG_011631.1	1.0
NG_011631.1	python_raw	ncbi	exact	NG_011631.1:raw:1503	NG_011631.1:ncbi:ORF644_NG_011631.1	1.0
NG_011631.1	python_raw	ncbi	exact	NG_011631.1:raw:1504	NG_011631.1:ncbi:ORF367_NG_011631.1	1.0
NG_011631.1	python_raw	ncbi	exact	NG_011631.1:raw:1505	NG_011631.1:ncbi:ORF1488_NG_011631.1	1.0
NG_011631.1	python_raw	ncbi	exact	NG_011631.1:raw:1506	NG_011631.1:ncbi:ORF1489_NG_011631.1	1.0
NG_011631.1	python_raw	ncbi	exact	NG_011631.1:raw:1507	NG_011631.1:ncbi:ORF1492_NG_011631.1	1.0
NG_011631.1	python_raw	ncbi	exact	NG_011631.1:raw:1508	NG_011631.1:ncbi:ORF654_NG_011631.1	1.0
NG_011631.1	python_raw	ncbi	exact	NG_011631.1:raw:1509	NG_011631.1:ncbi:ORF667_NG_011631.1	1.0
NG_011631.1	python_raw	ncbi	exact	NG_011631.1:raw:151	NG_011631.1:ncbi:ORF1333_NG_011631.1	1.0
NG_011631.1	python_raw	ncbi	exact	NG_011631.1:raw:1510	NG_011631.1:ncbi:ORF393_NG_011631.1	1.0
NG_011631.1	python_raw	ncbi	exact	NG_011631.1:raw:1511	NG_011631.1:ncbi:ORF951_NG_011631.1	1.0
NG_011631.1	python_raw	ncbi	exact	NG_011631.1:raw:1512	NG_011631.1:ncbi:ORF1242_NG_011631.1	1.0
NG_011631.1	python_raw	ncbi	exact	NG_011631.1:raw:1513	NG_011631.1:ncbi:ORF145_NG_011631.1	1.0
NG_011631.1	python_raw	ncbi	exact	NG_011631.1:raw:1514	NG_011631.1:ncbi:ORF399_NG_011631.1	1.0
NG_011631.1	python_raw	ncbi	exact	NG_011631.1:raw:1515	NG_011631.1:ncbi:ORF1514_NG_011631.1	1.0
NG_011631.1	python_raw	ncbi	exact	NG_011631.1:raw:1516	NG_011631.1:ncbi:ORF1253_NG_011631.1	1.0
NG_011631.1	python_raw	ncbi	exact	NG_011631.1:raw:1517	NG_011631.1:ncbi:ORF691_NG_011631.1	1.0
NG_011631.1	python_raw	ncbi	exact	NG_011631.1:raw:1518	NG_011631.1:ncbi:ORF406_NG_011631.1	1.0
NG_011631.1	python_raw	ncbi	exact	NG_011631.1:raw:1519	NG_011631.1:ncbi:ORF975_NG_011631.1	1.0
NG_011631.1	python_raw	ncbi	exact	NG_011631.1:raw:152	NG_011631.1:ncbi:ORF1378_NG_011631.1	1.0
NG_011631.1	python_raw	ncbi	exact	NG_011631.1:raw:1520	NG_011631.1:ncbi:ORF163_NG_011631.1	1.0
NG_011631.1	python_raw	ncbi	exact	NG_011631.1:raw:1521	NG_011631.1:ncbi:ORF1267_NG_011631.1	1.0
NG_011631.1	python_raw	ncbi	exact	NG_011631.1:raw:1522	NG_011631.1:ncbi:ORF1547_NG_011631.1	1.0
NG_011631.1	python_raw	ncbi	exact	NG_011631.1:raw:1523	NG_011631.1:ncbi:ORF1280_NG_011631.1	1.0
NG_011631.1	python_raw	ncbi	exact	NG_011631.1:raw:1524	NG_011631.1:ncbi:ORF178_NG_011631.1	1.0
NG_011631.1	python_raw	ncbi	exact	NG_011631.1:raw:1525	NG_011631.1:ncbi:ORF726_NG_011631.1	1.0
NG_011631.1	python_raw	ncbi	exact	NG_011631.1:raw:1526	NG_011631.1:ncbi:ORF447_NG_011631.1	1.0
NG_011631.1	python_raw	ncbi	exact	NG_011631.1:raw:1527	NG_011631.1:ncbi:ORF1290_NG_011631.1	1.0
NG_011631.1	python_raw	ncbi	exact	NG_011631.1:raw:1528	NG_011631.1:ncbi:ORF1561_NG_011631.1	1.0
NG_011631.1	python_raw	ncbi	exact	NG_011631.1:raw:1529	NG_011631.1:ncbi:ORF734_NG_011631.1	1.0
NG_011631.1	python_raw	ncbi	exact	NG_011631.1:raw:153	NG_011631.1:ncbi:ORF590_NG_011631.1	1.0
NG_011631.1	python_raw	ncbi	exact	NG_011631.1:raw:1530	NG_011631.1:ncbi:ORF737_NG_011631.1	1.0
NG_011631.1	python_raw	ncbi	exact	NG_011631.1:raw:1531	NG_011631.1:ncbi:ORF738_NG_011631.1	1.0
NG_011631.1	python_raw	ncbi	exact	NG_011631.1:raw:1532	NG_011631.1:ncbi:ORF742_NG_011631.1	1.0
NG_011631.1	python_raw	ncbi	exact	NG_011631.1:raw:1533	NG_011631.1:ncbi:ORF1572_NG_011631.1	1.0
NG_011631.1	python_raw	ncbi	exact	NG_011631.1:raw:1534	NG_011631.1:ncbi:ORF1307_NG_011631.1	1.0
NG_011631.1	python_raw	ncbi	exact	NG_011631.1:raw:1535	NG_011631.1:ncbi:ORF1580_NG_011631.1	1.0
NG_011631.1	python_raw	ncbi	exact	NG_011631.1:raw:1536	NG_011631.1:ncbi:ORF754_NG_011631.1	1.0
NG_011631.1	python_raw	ncbi	exact	NG_011631.1:raw:1537	NG_011631.1:ncbi:ORF1314_NG_011631.1	1.0
NG_011631.1	python_raw	ncbi	exact	NG_011631.1:raw:1538	NG_011631.1:ncbi:ORF1052_NG_011631.1	1.0
NG_011631.1	python_raw	ncbi	exact	NG_011631.1:raw:1539	NG_011631.1:ncbi:ORF769_NG_011631.1	1.0
NG_011631.1	python_raw	ncbi	exact	NG_011631.1:raw:154	NG_011631.1:ncbi:ORF331_NG_011631.1	1.0
NG_011631.1	python_raw	ncbi	exact	NG_011631.1:raw:1540	NG_011631.1:ncbi:ORF218_NG_011631.1	1.0
NG_011631.1	python_raw	ncbi	exact	NG_011631.1:raw:1541	NG_011631.1:ncbi:ORF1601_NG_011631.1	1.0
NG_011631.1	python_raw	ncbi	exact	NG_011631.1:raw:1542	NG_011631.1:ncbi:ORF1613_NG_011631.1	1.0
NG_011631.1	python_raw	ncbi	exact	NG_011631.1:raw:1543	NG_011631.1:ncbi:ORF1342_NG_011631.1	1.0
NG_011631.1	python_raw	ncbi	exact	NG_011631.1:raw:1544	NG_011631.1:ncbi:ORF793_NG_011631.1	1.0
NG_011631.1	python_raw	ncbi	exact	NG_011631.1:raw:1545	NG_011631.1:ncbi:ORF254_NG_011631.1	1.0
NG_011631.1	python_raw	ncbi	exact	NG_011631.1:raw:1546	NG_011631.1:ncbi:ORF503_NG_011631.1	1.0
NG_011631.1	python_raw	ncbi	exact	NG_011631.1:raw:1547	NG_011631.1:ncbi:ORF1632_NG_011631.1	1.0
NG_011631.1	python_raw	ncbi	exact	NG_011631.1:raw:1548	NG_011631.1:ncbi:ORF1635_NG_011631.1	1.0
NG_011631.1	python_raw	ncbi	exact	NG_011631.1:raw:1549	NG_011631.1:ncbi:ORF510_NG_011631.1	1.0
NG_011631.1	python_raw	ncbi	exact	NG_011631.1:raw:155	NG_011631.1:ncbi:ORF1303_NG_011631.1	1.0
NG_011631.1	python_raw	ncbi	exact	NG_011631.1:raw:1550	NG_011631.1:ncbi:ORF1101_NG_011631.1	1.0
NG_011631.1	python_raw	ncbi	exact	NG_011631.1:raw:1551	NG_011631.1:ncbi:ORF1109_NG_011631.1	1.0
NG_011631.1	python_raw	ncbi	exact	NG_011631.1:raw:1552	NG_011631.1:ncbi:ORF3_NG_011631.1	1.0
NG_011631.1	python_raw	ncbi	exact	NG_011631.1:raw:1553	NG_011631.1:ncbi:ORF1113_NG_011631.1	1.0
NG_011631.1	python_raw	ncbi	exact	NG_011631.1:raw:1554	NG_011631.1:ncbi:ORF1117_NG_011631.1	1.0
NG_011631.1	python_raw	ncbi	exact	NG_011631.1:raw:1555	NG_011631.1:ncbi:ORF831_NG_011631.1	1.0
NG_011631.1	python_raw	ncbi	exact	NG_011631.1:raw:1556	NG_011631.1:ncbi:ORF1121_NG_011631.1	1.0
NG_011631.1	python_raw	ncbi	exact	NG_011631.1:raw:1557	NG_011631.1:ncbi:ORF17_NG_011631.1	1.0
NG_011631.1	python_raw	ncbi	exact	NG_011631.1:raw:1558	NG_011631.1:ncbi:ORF544_NG_011631.1	1.0
NG_011631.1	python_raw	ncbi	exact	NG_011631.1:raw:1559	NG_011631.1:ncbi:ORF549_NG_011631.1	1.0
NG_011631.1	python_raw	ncbi	exact	NG_011631.1:raw:156	NG_011631.1:ncbi:ORF1091_NG_011631.1	1.0
NG_011631.1	python_raw	ncbi	exact	NG_011631.1:raw:1560	NG_011631.1:ncbi:ORF844_NG_011631.1	1.0
NG_011631.1	python_raw	ncbi	exact	NG_011631.1:raw:1561	NG_011631.1:ncbi:ORF846_NG_011631.1	1.0
NG_011631.1	python_raw	ncbi	exact	NG_011631.1:raw:1562	NG_011631.1:ncbi:ORF290_NG_011631.1	1.0
NG_011631.1	python_raw	ncbi	exact	NG_011631.1:raw:1563	NG_011631.1:ncbi:ORF848_NG_011631.1	1.0
NG_011631.1	python_raw	ncbi	exact	NG_011631.1:raw:1564	NG_011631.1:ncbi:ORF292_NG_011631.1	1.0
NG_011631.1	python_raw	ncbi	exact	NG_011631.1:raw:1565	NG_011631.1:ncbi:ORF34_NG_011631.1	1.0
NG_011631.1	python_raw	ncbi	exact	NG_011631.1:raw:1566	NG_011631.1:ncbi:ORF558_NG_011631.1	1.0
NG_011631.1	python_raw	ncbi	exact	NG_011631.1:raw:1567	NG_011631.1:ncbi:ORF43_NG_011631.1	1.0
NG_011631.1	python_raw	ncbi	exact	NG_011631.1:raw:1568	NG_011631.1:ncbi:ORF1408_NG_011631.1	1.0
NG_011631.1	python_raw	ncbi	exact	NG_011631.1:raw:1569	NG_011631.1:ncbi:ORF56_NG_011631.1	1.0
NG_011631.1	python_raw	ncbi	exact	NG_011631.1:raw:157	NG_011631.1:ncbi:ORF911_NG_011631.1	1.0
NG_011631.1	python_raw	ncbi	exact	NG_011631.1:raw:1570	NG_011631.1:ncbi:ORF1418_NG_011631.1	1.0
NG_011631.1	python_raw	ncbi	exact	NG_011631.1:raw:1571	NG_011631.1:ncbi:ORF311_NG_011631.1	1.0
NG_011631.1	python_raw	ncbi	exact	NG_011631.1:raw:1572	NG_011631.1:ncbi:ORF875_NG_011631.1	1.0
NG_011631.1	python_raw	ncbi	exact	NG_011631.1:raw:1573	NG_011631.1:ncbi:ORF69_NG_011631.1	1.0
NG_011631.1	python_raw	ncbi	exact	NG_011631.1:raw:1574	NG_011631.1:ncbi:ORF318_NG_011631.1	1.0
NG_011631.1	python_raw	ncbi	exact	NG_011631.1:raw:1575	NG_011631.1:ncbi:ORF320_NG_011631.1	1.0
NG_011631.1	python_raw	ncbi	exact	NG_011631.1:raw:1576	NG_011631.1:ncbi:ORF1181_NG_011631.1	1.0
NG_011631.1	python_raw	ncbi	exact	NG_011631.1:raw:1577	NG_011631.1:ncbi:ORF80_NG_011631.1	1.0
NG_011631.1	python_raw	ncbi	exact	NG_011631.1:raw:1578	NG_011631.1:ncbi:ORF330_NG_011631.1	1.0
NG_011631.1	python_raw	ncbi	exact	NG_011631.1:raw:1579	NG_011631.1:ncbi:ORF339_NG_011631.1	1.0
NG_011631.1	python_raw	ncbi	exact	NG_011631.1:raw:158	NG_011631.1:ncbi:ORF934_NG_011631.1	1.0
NG_011631.1	python_raw	ncbi	exact	NG_011631.1:raw:1580	NG_011631.1:ncbi:ORF346_NG_011631.1	1.0
NG_011631.1	python_raw	ncbi	exact	NG_011631.1:raw:1581	NG_011631.1:ncbi:ORF99_NG_011631.1	1.0
NG_011631.1	python_raw	ncbi	exact	NG_011631.1:raw:1582	NG_011631.1:ncbi:ORF1199_NG_011631.1	1.0
NG_011631.1	python_raw	ncbi	exact	NG_011631.1:raw:1583	NG_011631.1:ncbi:ORF916_NG_011631.1	1.0
NG_011631.1	python_raw	ncbi	exact	NG_011631.1:raw:1584	NG_011631.1:ncbi:ORF1205_NG_011631.1	1.0
NG_011631.1	python_raw	ncbi	exact	NG_011631.1:raw:1585	NG_011631.1:ncbi:ORF1475_NG_011631.1	1.0
NG_011631.1	python_raw	ncbi	exact	NG_011631.1:raw:1586	NG_011631.1:ncbi:ORF646_NG_011631.1	1.0
NG_011631.1	python_raw	ncbi	exact	NG_011631.1:raw:1587	NG_011631.1:ncbi:ORF1480_NG_011631.1	1.0
NG_011631.1	python_raw	ncbi	exact	NG_011631.1:raw:1588	NG_011631.1:ncbi:ORF119_NG_011631.1	1.0
NG_011631.1	python_raw	ncbi	exact	NG_011631.1:raw:1589	NG_011631.1:ncbi:ORF1493_NG_011631.1	1.0
NG_011631.1	python_raw	ncbi	exact	NG_011631.1:raw:159	NG_011631.1:ncbi:ORF181_NG_011631.1	1.0
NG_011631.1	python_raw	ncbi	exact	NG_011631.1:raw:1590	NG_011631.1:ncbi:ORF659_NG_011631.1	1.0
NG_011631.1	python_raw	ncbi	exact	NG_011631.1:raw:1591	NG_011631.1:ncbi:ORF125_NG_011631.1	1.0
NG_011631.1	python_raw	ncbi	exact	NG_011631.1:raw:1592	NG_011631.1:ncbi:ORF944_NG_011631.1	1.0
NG_011631.1	python_raw	ncbi	exact	NG_011631.1:raw:1593	NG_011631.1:ncbi:ORF1501_NG_011631.1	1.0
NG_011631.1	python_raw	ncbi	exact	NG_011631.1:raw:1594	NG_011631.1:ncbi:ORF672_NG_011631.1	1.0
NG_011631.1	python_raw	ncbi	exact	NG_011631.1:raw:1595	NG_011631.1:ncbi:ORF674_NG_011631.1	1.0
NG_011631.1	python_raw	ncbi	exact	NG_011631.1:raw:1596	NG_011631.1:ncbi:ORF396_NG_011631.1	1.0
NG_011631.1	python_raw	ncbi	exact	NG_011631.1:raw:1597	NG_011631.1:ncbi:ORF1512_NG_011631.1	1.0
NG_011631.1	python_raw	ncbi	exact	NG_011631.1:raw:1598	NG_011631.1:ncbi:ORF962_NG_011631.1	1.0
NG_011631.1	python_raw	ncbi	exact	NG_011631.1:raw:1599	NG_011631.1:ncbi:ORF693_NG_011631.1	1.0
NG_011631.1	python_raw	ncbi	exact	NG_011631.1:raw:16	NG_011631.1:ncbi:ORF1482_NG_011631.1	1.0
NG_011631.1	python_raw	ncbi	exact	NG_011631.1:raw:160	NG_011631.1:ncbi:ORF1573_NG_011631.1	1.0
NG_011631.1	python_raw	ncbi	exact	NG_011631.1:raw:1600	NG_011631.1:ncbi:ORF1256_NG_011631.1	1.0
NG_011631.1	python_raw	ncbi	exact	NG_011631.1:raw:1601	NG_011631.1:ncbi:ORF698_NG_011631.1	1.0
NG_011631.1	python_raw	ncbi	exact	NG_011631.1:raw:1602	NG_011631.1:ncbi:ORF1258_NG_011631.1	1.0
NG_011631.1	python_raw	ncbi	exact	NG_011631.1:raw:1603	NG_011631.1:ncbi:ORF1524_NG_011631.1	1.0
NG_011631.1	python_raw	ncbi	exact	NG_011631.1:raw:1604	NG_011631.1:ncbi:ORF1262_NG_011631.1	1.0
NG_011631.1	python_raw	ncbi	exact	NG_011631.1:raw:1605	NG_011631.1:ncbi:ORF170_NG_011631.1	1.0
NG_011631.1	python_raw	ncbi	exact	NG_011631.1:raw:1606	NG_011631.1:ncbi:ORF173_NG_011631.1	1.0
NG_011631.1	python_raw	ncbi	exact	NG_011631.1:raw:1607	NG_011631.1:ncbi:ORF1543_NG_011631.1	1.0
NG_011631.1	python_raw	ncbi	exact	NG_011631.1:raw:1608	NG_011631.1:ncbi:ORF177_NG_011631.1	1.0
NG_011631.1	python_raw	ncbi	exact	NG_011631.1:raw:1609	NG_011631.1:ncbi:ORF1281_NG_011631.1	1.0
NG_011631.1	python_raw	ncbi	exact	NG_011631.1:raw:161	NG_011631.1:ncbi:ORF1050_NG_011631.1	1.0
NG_011631.1	python_raw	ncbi	exact	NG_011631.1:raw:1610	NG_011631.1:ncbi:ORF1282_NG_011631.1	1.0
NG_011631.1	python_raw	ncbi	exact	NG_011631.1:raw:1611	NG_011631.1:ncbi:ORF1557_NG_011631.1	1.0
NG_011631.1	python_raw	ncbi	exact	NG_011631.1:raw:1612	NG_011631.1:ncbi:ORF180_NG_011631.1	1.0
NG_011631.1	python_raw	ncbi	exact	NG_011631.1:raw:1613	NG_011631.1:ncbi:ORF1559_NG_011631.1	1.0
NG_011631.1	python_raw	ncbi	exact	NG_011631.1:raw:1614	NG_011631.1:ncbi:ORF1289_NG_011631.1	1.0
NG_011631.1	python_raw	ncbi	exact	NG_011631.1:raw:1615	NG_011631.1:ncbi:ORF450_NG_011631.1	1.0
NG_011631.1	python_raw	ncbi	exact	NG_011631.1:raw:1616	NG_011631.1:ncbi:ORF1564_NG_011631.1	1.0
NG_011631.1	python_raw	ncbi	exact	NG_011631.1:raw:1617	NG_011631.1:ncbi:ORF188_NG_011631.1	1.0
NG_011631.1	python_raw	ncbi	exact	NG_011631.1:raw:1618	NG_011631.1:ncbi:ORF1025_NG_011631.1	1.0
NG_011631.1	python_raw	ncbi	exact	NG_011631.1:raw:1619	NG_011631.1:ncbi:ORF1300_NG_011631.1	1.0
NG_011631.1	python_raw	ncbi	exact	NG_011631.1:raw:162	NG_011631.1:ncbi:ORF1344_NG_011631.1	1.0
NG_011631.1	python_raw	ncbi	exact	NG_011631.1:raw:1620	NG_011631.1:ncbi:ORF196_NG_011631.1	1.0
NG_011631.1	python_raw	ncbi	exact	NG_011631.1:raw:1621	NG_011631.1:ncbi:ORF459_NG_011631.1	1.0
NG_011631.1	python_raw	ncbi	exact	NG_011631.1:raw:1622	NG_011631.1:ncbi:ORF751_NG_011631.1	1.0
NG_011631.1	python_raw	ncbi	exact	NG_011631.1:raw:1623	NG_011631.1:ncbi:ORF1312_NG_011631.1	1.0
NG_011631.1	python_raw	ncbi	exact	NG_011631.1:raw:1624	NG_011631.1:ncbi:ORF1042_NG_011631.1	1.0
NG_011631.1	python_raw	ncbi	exact	NG_011631.1:raw:1625	NG_011631.1:ncbi:ORF764_NG_011631.1	1.0
NG_011631.1	python_raw	ncbi	exact	NG_011631.1:raw:1626	NG_011631.1:ncbi:ORF768_NG_011631.1	1.0
NG_011631.1	python_raw	ncbi	exact	NG_011631.1:raw:1627	NG_011631.1:ncbi:ORF482_NG_011631.1	1.0
NG_011631.1	python_raw	ncbi	exact	NG_011631.1:raw:1628	NG_011631.1:ncbi:ORF486_NG_011631.1	1.0
NG_011631.1	python_raw	ncbi	exact	NG_011631.1:raw:1629	NG_011631.1:ncbi:ORF1070_NG_011631.1	1.0
NG_011631.1	python_raw	ncbi	exact	NG_011631.1:raw:163	NG_011631.1:ncbi:ORF1625_NG_011631.1	1.0
NG_011631.1	python_raw	ncbi	exact	NG_011631.1:raw:1630	NG_011631.1:ncbi:ORF1618_NG_011631.1	1.0
NG_011631.1	python_raw	ncbi	exact	NG_011631.1:raw:1631	NG_011631.1:ncbi:ORF791_NG_011631.1	1.0
NG_011631.1	python_raw	ncbi	exact	NG_011631.1:raw:1632	NG_011631.1:ncbi:ORF1081_NG_011631.1	1.0
NG_011631.1	python_raw	ncbi	exact	NG_011631.1:raw:1633	NG_011631.1:ncbi:ORF244_NG_011631.1	1.0
NG_011631.1	python_raw	ncbi	exact	NG_011631.1:raw:1634	NG_011631.1:ncbi:ORF1620_NG_011631.1	1.0
NG_011631.1	python_raw	ncbi	exact	NG_011631.1:raw:1635	NG_011631.1:ncbi:ORF796_NG_011631.1	1.0
NG_011631.1	python_raw	ncbi	exact	NG_011631.1:raw:1636	NG_011631.1:ncbi:ORF1087_NG_011631.1	1.0
NG_011631.1	python_raw	ncbi	exact	NG_011631.1:raw:1637	NG_011631.1:ncbi:ORF799_NG_011631.1	1.0
NG_011631.1	python_raw	ncbi	exact	NG_011631.1:raw:1638	NG_011631.1:ncbi:ORF1628_NG_011631.1	1.0
NG_011631.1	python_raw	ncbi	exact	NG_011631.1:raw:1639	NG_011631.1:ncbi:ORF257_NG_011631.1	1.0
NG_011631.1	python_raw	ncbi	exact	NG_011631.1:raw:164	NG_011631.1:ncbi:ORF11_NG_011631.1	1.0
NG_011631.1	python_raw	ncbi	exact	NG_011631.1:raw:1640	NG_011631.1:ncbi:ORF809_NG_011631.1	1.0
NG_011631.1	python_raw	ncbi	exact	NG_011631.1:raw:1641	NG_011631.1:ncbi:ORF813_NG_011631.1	1.0
NG_011631.1	python_raw	ncbi	exact	NG_011631.1:raw:1642	NG_011631.1:ncbi:ORF1641_NG_011631.1	1.0
NG_011631.1	python_raw	ncbi	exact	NG_011631.1:raw:1643	NG_011631.1:ncbi:ORF818_NG_011631.1	1.0
NG_011631.1	python_raw	ncbi	exact	NG_011631.1:raw:1644	NG_011631.1:ncbi:ORF1105_NG_011631.1	1.0
NG_011631.1	python_raw	ncbi	exact	NG_011631.1:raw:1645	NG_011631.1:ncbi:ORF1644_NG_011631.1	1.0
NG_011631.1	python_raw	ncbi	exact	NG_011631.1:raw:165	NG_011631.1:ncbi:ORF280_NG_011631.1	1.0
NG_011631.1	python_raw	ncbi	exact	NG_011631.1:raw:166	NG_011631.1:ncbi:ORF48_NG_011631.1	1.0
NG_011631.1	python_raw	ncbi	exact	NG_011631.1:raw:167	NG_011631.1:ncbi:ORF1154_NG_011631.1	1.0
NG_011631.1	python_raw	ncbi	exact	NG_011631.1:raw:168	NG_011631.1:ncbi:ORF1165_NG_011631.1	1.0
NG_011631.1	python_raw	ncbi	exact	NG_011631.1:raw:169	NG_011631.1:ncbi:ORF65_NG_011631.1	1.0
NG_011631.1	python_raw	ncbi	exact	NG_011631.1:raw:17	NG_011631.1:ncbi:ORF1151_NG_011631.1	1.0
NG_011631.1	python_raw	ncbi	exact	NG_011631.1:raw:170	NG_011631.1:ncbi:ORF1530_NG_011631.1	1.0
NG_011631.1	python_raw	ncbi	exact	NG_011631.1:raw:171	NG_011631.1:ncbi:ORF1032_NG_011631.1	1.0
NG_011631.1	python_raw	ncbi	exact	NG_011631.1:raw:172	NG_011631.1:ncbi:ORF757_NG_011631.1	1.0
NG_011631.1	python_raw	ncbi	exact	NG_011631.1:raw:173	NG_011631.1:ncbi:ORF1317_NG_011631.1	1.0
NG_011631.1	python_raw	ncbi	exact	NG_011631.1:raw:174	NG_011631.1:ncbi:ORF213_NG_011631.1	1.0
NG_011631.1	python_raw	ncbi	exact	NG_011631.1:raw:175	NG_011631.1:ncbi:ORF1345_NG_011631.1	1.0
NG_011631.1	python_raw	ncbi	exact	NG_011631.1:raw:176	NG_011631.1:ncbi:ORF1358_NG_011631.1	1.0
NG_011631.1	python_raw	ncbi	exact	NG_011631.1:raw:177	NG_011631.1:ncbi:ORF1400_NG_011631.1	1.0
NG_011631.1	python_raw	ncbi	exact	NG_011631.1:raw:178	NG_011631.1:ncbi:ORF559_NG_011631.1	1.0
NG_011631.1	python_raw	ncbi	exact	NG_011631.1:raw:179	NG_011631.1:ncbi:ORF1441_NG_011631.1	1.0
NG_011631.1	python_raw	ncbi	exact	NG_011631.1:raw:18	NG_011631.1:ncbi:ORF1585_NG_011631.1	1.0
NG_011631.1	python_raw	ncbi	exact	NG_011631.1:raw:180	NG_011631.1:ncbi:ORF639_NG_011631.1	1.0
NG_011631.1	python_raw	ncbi	exact	NG_011631.1:raw:181	NG_011631.1:ncbi:ORF156_NG_011631.1	1.0
NG_011631.1	python_raw	ncbi	exact	NG_011631.1:raw:182	NG_011631.1:ncbi:ORF1000_NG_011631.1	1.0
NG_011631.1	python_raw	ncbi	exact	NG_011631.1:raw:183	NG_011631.1:ncbi:ORF1037_NG_011631.1	1.0
NG_011631.1	python_raw	ncbi	exact	NG_011631.1:raw:184	NG_011631.1:ncbi:ORF472_NG_011631.1	1.0
NG_011631.1	python_raw	ncbi	exact	NG_011631.1:raw:185	NG_011631.1:ncbi:ORF1355_NG_011631.1	1.0
NG_011631.1	python_raw	ncbi	exact	NG_011631.1:raw:186	NG_011631.1:ncbi:ORF1359_NG_011631.1	1.0
NG_011631.1	python_raw	ncbi	exact	NG_011631.1:raw:187	NG_011631.1:ncbi:ORF1424_NG_011631.1	1.0
NG_011631.1	python_raw	ncbi	exact	NG_011631.1:raw:188	NG_011631.1:ncbi:ORF886_NG_011631.1	1.0
NG_011631.1	python_raw	ncbi	exact	NG_011631.1:raw:189	NG_011631.1:ncbi:ORF82_NG_011631.1	1.0
NG_011631.1	python_raw	ncbi	exact	NG_011631.1:raw:19	NG_011631.1:ncbi:ORF1591_NG_011631.1	1.0
NG_011631.1	python_raw	ncbi	exact	NG_011631.1:raw:190	NG_011631.1:ncbi:ORF85_NG_011631.1	1.0
NG_011631.1	python_raw	ncbi	exact	NG_011631.1:raw:191	NG_011631.1:ncbi:ORF348_NG_011631.1	1.0
NG_011631.1	python_raw	ncbi	exact	NG_011631.1:raw:192	NG_011631.1:ncbi:ORF920_NG_011631.1	1.0
NG_011631.1	python_raw	ncbi	exact	NG_011631.1:raw:193	NG_011631.1:ncbi:ORF1534_NG_011631.1	1.0
NG_011631.1	python_raw	ncbi	exact	NG_011631.1:raw:194	NG_011631.1:ncbi:ORF763_NG_011631.1	1.0
NG_011631.1	python_raw	ncbi	exact	NG_011631.1:raw:195	NG_011631.1:ncbi:ORF1376_NG_011631.1	1.0
NG_011631.1	python_raw	ncbi	exact	NG_011631.1:raw:196	NG_011631.1:ncbi:ORF556_NG_011631.1	1.0
NG_011631.1	python_raw	ncbi	exact	NG_011631.1:raw:197	NG_011631.1:ncbi:ORF604_NG_011631.1	1.0
NG_011631.1	python_raw	ncbi	exact	NG_011631.1:raw:198	NG_011631.1:ncbi:ORF901_NG_011631.1	1.0
NG_011631.1	python_raw	ncbi	exact	NG_011631.1:raw:199	NG_011631.1:ncbi:ORF1295_NG_011631.1	1.0
NG_011631.1	python_raw	ncbi	exact	NG_011631.1:raw:2	NG_011631.1:ncbi:ORF456_NG_011631.1	1.0
NG_011631.1	python_raw	ncbi	exact	NG_011631.1:raw:20	NG_011631.1:ncbi:ORF1330_NG_011631.1	1.0
NG_011631.1	python_raw	ncbi	exact	NG_011631.1:raw:200	NG_011631.1:ncbi:ORF204_NG_011631.1	1.0
NG_011631.1	python_raw	ncbi	exact	NG_011631.1:raw:201	NG_011631.1:ncbi:ORF1609_NG_011631.1	1.0
NG_011631.1	python_raw	ncbi	exact	NG_011631.1:raw:202	NG_011631.1:ncbi:ORF1619_NG_011631.1	1.0
NG_011631.1	python_raw	ncbi	exact	NG_011631.1:raw:203	NG_011631.1:ncbi:ORF816_NG_011631.1	1.0
NG_011631.1	python_raw	ncbi	exact	NG_011631.1:raw:204	NG_011631.1:ncbi:ORF36_NG_011631.1	1.0
NG_011631.1	python_raw	ncbi	exact	NG_011631.1:raw:205	NG_011631.1:ncbi:ORF642_NG_011631.1	1.0
NG_011631.1	python_raw	ncbi	exact	NG_011631.1:raw:206	NG_011631.1:ncbi:ORF943_NG_011631.1	1.0
NG_011631.1	python_raw	ncbi	exact	NG_011631.1:raw:207	NG_011631.1:ncbi:ORF786_NG_011631.1	1.0
NG_011631.1	python_raw	ncbi	exact	NG_011631.1:raw:208	NG_011631.1:ncbi:ORF1630_NG_011631.1	1.0
NG_011631.1	python_raw	ncbi	exact	NG_011631.1:raw:209	NG_011631.1:ncbi:ORF1367_NG_011631.1	1.0
NG_011631.1	python_raw	ncbi	exact	NG_011631.1:raw:21	NG_011631.1:ncbi:ORF1454_NG_011631.1	1.0
NG_011631.1	python_raw	ncbi	exact	NG_011631.1:raw:210	NG_011631.1:ncbi:ORF1112_NG_011631.1	1.0
NG_011631.1	python_raw	ncbi	exact	NG_011631.1:raw:211	NG_011631.1:ncbi:ORF1116_NG_011631.1	1.0
NG_011631.1	python_raw	ncbi	exact	NG_011631.1:raw:212	NG_011631.1:ncbi:ORF1389_NG_011631.1	1.0
NG_011631.1	python_raw	ncbi	exact	NG_011631.1:raw:213	NG_011631.1:ncbi:ORF380_NG_011631.1	1.0
NG_011631.1	python_raw	ncbi	exact	NG_011631.1:raw:214	NG_011631.1:ncbi:ORF1237_NG_011631.1	1.0
NG_011631.1	python_raw	ncbi	exact	NG_011631.1:raw:215	NG_011631.1:ncbi:ORF1011_NG_011631.1	1.0
NG_011631.1	python_raw	ncbi	exact	NG_011631.1:raw:216	NG_011631.1:ncbi:ORF1051_NG_011631.1	1.0
NG_011631.1	python_raw	ncbi	exact	NG_011631.1:raw:217	NG_011631.1:ncbi:ORF830_NG_011631.1	1.0
NG_011631.1	python_raw	ncbi	exact	NG_011631.1:raw:218	NG_011631.1:ncbi:ORF560_NG_011631.1	1.0
NG_011631.1	python_raw	ncbi	exact	NG_011631.1:raw:219	NG_011631.1:ncbi:ORF1407_NG_011631.1	1.0
NG_011631.1	python_raw	ncbi	exact	NG_011631.1:raw:22	NG_011631.1:ncbi:ORF1067_NG_011631.1	1.0
NG_011631.1	python_raw	ncbi	exact	NG_011631.1:raw:220	NG_011631.1:ncbi:ORF586_NG_011631.1	1.0
NG_011631.1	python_raw	ncbi	exact	NG_011631.1:raw:221	NG_011631.1:ncbi:ORF627_NG_011631.1	1.0
NG_011631.1	python_raw	ncbi	exact	NG_011631.1:raw:222	NG_011631.1:ncbi:ORF349_NG_011631.1	1.0
NG_011631.1	python_raw	ncbi	exact	NG_011631.1:raw:223	NG_011631.1:ncbi:ORF365_NG_011631.1	1.0
NG_011631.1	python_raw	ncbi	exact	NG_011631.1:raw:224	NG_011631.1:ncbi:ORF169_NG_011631.1	1.0
NG_011631.1	python_raw	ncbi	exact	NG_011631.1:raw:225	NG_011631.1:ncbi:ORF1277_NG_011631.1	1.0
NG_011631.1	python_raw	ncbi	exact	NG_011631.1:raw:226	NG_011631.1:ncbi:ORF1030_NG_011631.1	1.0
NG_011631.1	python_raw	ncbi	exact	NG_011631.1:raw:227	NG_011631.1:ncbi:ORF225_NG_011631.1	1.0
NG_011631.1	python_raw	ncbi	exact	NG_011631.1:raw:228	NG_011631.1:ncbi:ORF1077_NG_011631.1	1.0
NG_011631.1	python_raw	ncbi	exact	NG_011631.1:raw:229	NG_011631.1:ncbi:ORF513_NG_011631.1	1.0
NG_011631.1	python_raw	ncbi	exact	NG_011631.1:raw:23	NG_011631.1:ncbi:ORF669_NG_011631.1	1.0
NG_011631.1	python_raw	ncbi	exact	NG_011631.1:raw:230	NG_011631.1:ncbi:ORF269_NG_011631.1	1.0
NG_011631.1	python_raw	ncbi	exact	NG_011631.1:raw:231	NG_011631.1:ncbi:ORF541_NG_011631.1	1.0
NG_011631.1	python_raw	ncbi	exact	NG_011631.1:raw:232	NG_011631.1:ncbi:ORF599_NG_011631.1	1.0
NG_011631.1	python_raw	ncbi	exact	NG_011631.1:raw:233	NG_011631.1:ncbi:ORF922_NG_011631.1	1.0
NG_011631.1	python_raw	ncbi	exact	NG_011631.1:raw:234	NG_011631.1:ncbi:ORF942_NG_011631.1	1.0
NG_011631.1	python_raw	ncbi	exact	NG_011631.1:raw:235	NG_011631.1:ncbi:ORF1548_NG_011631.1	1.0
NG_011631.1	python_raw	ncbi	exact	NG_011631.1:raw:236	NG_011631.1:ncbi:ORF1019_NG_011631.1	1.0
NG_011631.1	python_raw	ncbi	exact	NG_011631.1:raw:237	NG_011631.1:ncbi:ORF1309_NG_011631.1	1.0
NG_011631.1	python_raw	ncbi	exact	NG_011631.1:raw:238	NG_011631.1:ncbi:ORF228_NG_011631.1	1.0
NG_011631.1	python_raw	ncbi	exact	NG_011631.1:raw:239	NG_011631.1:ncbi:ORF229_NG_011631.1	1.0
NG_011631.1	python_raw	ncbi	exact	NG_011631.1:raw:24	NG_011631.1:ncbi:ORF1308_NG_011631.1	1.0
NG_011631.1	python_raw	ncbi	exact	NG_011631.1:raw:240	NG_011631.1:ncbi:ORF259_NG_011631.1	1.0
NG_011631.1	python_raw	ncbi	exact	NG_011631.1:raw:241	NG_011631.1:ncbi:ORF529_NG_011631.1	1.0
NG_011631.1	python_raw	ncbi	exact	NG_011631.1:raw:242	NG_011631.1:ncbi:ORF21_NG_011631.1	1.0
NG_011631.1	python_raw	ncbi	exact	NG_011631.1:raw:243	NG_011631.1:ncbi:ORF284_NG_011631.1	1.0
NG_011631.1	python_raw	ncbi	exact	NG_011631.1:raw:244	NG_011631.1:ncbi:ORF33_NG_011631.1	1.0
NG_011631.1	python_raw	ncbi	exact	NG_011631.1:raw:245	NG_011631.1:ncbi:ORF1164_NG_011631.1	1.0
NG_011631.1	python_raw	ncbi	exact	NG_011631.1:raw:246	NG_011631.1:ncbi:ORF1542_NG_011631.1	1.0
NG_011631.1	python_raw	ncbi	exact	NG_011631.1:raw:247	NG_011631.1:ncbi:ORF1562_NG_011631.1	1.0
NG_011631.1	python_raw	ncbi	exact	NG_011631.1:raw:248	NG_011631.1:ncbi:ORF780_NG_011631.1	1.0
NG_011631.1	python_raw	ncbi	exact	NG_011631.1:raw:249	NG_011631.1:ncbi:ORF240_NG_011631.1	1.0
NG_011631.1	python_raw	ncbi	exact	NG_011631.1:raw:25	NG_011631.1:ncbi:ORF1225_NG_011631.1	1.0
NG_011631.1	python_raw	ncbi	exact	NG_011631.1:raw:250	NG_011631.1:ncbi:ORF1090_NG_011631.1	1.0
NG_011631.1	python_raw	ncbi	exact	NG_011631.1:raw:251	NG_011631.1:ncbi:ORF1097_NG_011631.1	1.0
NG_011631.1	python_raw	ncbi	exact	NG_011631.1:raw:252	NG_011631.1:ncbi:ORF262_NG_011631.1	1.0
NG_011631.1	python_raw	ncbi	exact	NG_011631.1:raw:253	NG_011631.1:ncbi:ORF523_NG_011631.1	1.0
NG_011631.1	python_raw	ncbi	exact	NG_011631.1:raw:254	NG_011631.1:ncbi:ORF528_NG_011631.1	1.0
NG_011631.1	python_raw	ncbi	exact	NG_011631.1:raw:255	NG_011631.1:ncbi:ORF1138_NG_011631.1	1.0
NG_011631.1	python_raw	ncbi	exact	NG_011631.1:raw:256	NG_011631.1:ncbi:ORF308_NG_011631.1	1.0
NG_011631.1	python_raw	ncbi	exact	NG_011631.1:raw:257	NG_011631.1:ncbi:ORF596_NG_011631.1	1.0
NG_011631.1	python_raw	ncbi	exact	NG_011631.1:raw:258	NG_011631.1:ncbi:ORF322_NG_011631.1	1.0
NG_011631.1	python_raw	ncbi	exact	NG_011631.1:raw:259	NG_011631.1:ncbi:ORF1182_NG_011631.1	1.0
NG_011631.1	python_raw	ncbi	exact	NG_011631.1:raw:26	NG_011631.1:ncbi:ORF968_NG_011631.1	1.0
NG_011631.1	python_raw	ncbi	exact	NG_011631.1:raw:260	NG_011631.1:ncbi:ORF1446_NG_011631.1	1.0
NG_011631.1	python_raw	ncbi	exact	NG_011631.1:raw:261	NG_011631.1:ncbi:ORF361_NG_011631.1	1.0
NG_011631.1	python_raw	ncbi	exact	NG_011631.1:raw:262	NG_011631.1:ncbi:ORF1481_NG_011631.1	1.0
NG_011631.1	python_raw	ncbi	exact	NG_011631.1:raw:263	NG_011631.1:ncbi:ORF938_NG_011631.1	1.0
NG_011631.1	python_raw	ncbi	exact	NG_011631.1:raw:264	NG_011631.1:ncbi:ORF940_NG_011631.1	1.0
NG_011631.1	python_raw	ncbi	exact	NG_011631.1:raw:265	NG_011631.1:ncbi:ORF124_NG_011631.1	1.0
NG_011631.1	python_raw	ncbi	exact	NG_011631.1:raw:266	NG_011631.1:ncbi:ORF420_NG_011631.1	1.0
NG_011631.1	python_raw	ncbi	exact	NG_011631.1:raw:267	NG_011631.1:ncbi:ORF1278_NG_011631.1	1.0
NG_011631.1	python_raw	ncbi	exact	NG_011631.1:raw:268	NG_011631.1:ncbi:ORF1567_NG_011631.1	1.0
NG_011631.1	python_raw	ncbi	exact	NG_011631.1:raw:269	NG_011631.1:ncbi:ORF464_NG_011631.1	1.0
NG_011631.1	python_raw	ncbi	exact	NG_011631.1:raw:27	NG_011631.1:ncbi:ORF673_NG_011631.1	1.0
NG_011631.1	python_raw	ncbi	exact	NG_011631.1:raw:270	NG_011631.1:ncbi:ORF1046_NG_011631.1	1.0
NG_011631.1	python_raw	ncbi	exact	NG_011631.1:raw:271	NG_011631.1:ncbi:ORF206_NG_011631.1	1.0
NG_011631.1	python_raw	ncbi	exact	NG_011631.1:raw:272	NG_011631.1:ncbi:ORF484_NG_011631.1	1.0
NG_011631.1	python_raw	ncbi	exact	NG_011631.1:raw:273	NG_011631.1:ncbi:ORF239_NG_011631.1	1.0
NG_011631.1	python_raw	ncbi	exact	NG_011631.1:raw:274	NG_011631.1:ncbi:ORF819_NG_011631.1	1.0
NG_011631.1	python_raw	ncbi	exact	NG_011631.1:raw:275	NG_011631.1:ncbi:ORF1184_NG_011631.1	1.0
NG_011631.1	python_raw	ncbi	exact	NG_011631.1:raw:276	NG_011631.1:ncbi:ORF895_NG_011631.1	1.0
NG_011631.1	python_raw	ncbi	exact	NG_011631.1:raw:277	NG_011631.1:ncbi:ORF630_NG_011631.1	1.0
NG_011631.1	python_raw	ncbi	exact	NG_011631.1:raw:278	NG_011631.1:ncbi:ORF385_NG_011631.1	1.0
NG_011631.1	python_raw	ncbi	exact	NG_011631.1:raw:279	NG_011631.1:ncbi:ORF1515_NG_011631.1	1.0
NG_011631.1	python_raw	ncbi	exact	NG_011631.1:raw:28	NG_011631.1:ncbi:ORF199_NG_011631.1	1.0
NG_011631.1	python_raw	ncbi	exact	NG_011631.1:raw:280	NG_011631.1:ncbi:ORF1260_NG_011631.1	1.0
NG_011631.1	python_raw	ncbi	exact	NG_011631.1:raw:281	NG_011631.1:ncbi:ORF1265_NG_011631.1	1.0
NG_011631.1	python_raw	ncbi	exact	NG_011631.1:raw:282	NG_011631.1:ncbi:ORF166_NG_011631.1	1.0
NG_011631.1	python_raw	ncbi	exact	NG_011631.1:raw:283	NG_011631.1:ncbi:ORF1003_NG_011631.1	1.0
NG_011631.1	python_raw	ncbi	exact	NG_011631.1:raw:284	NG_011631.1:ncbi:ORF1293_NG_011631.1	1.0
NG_011631.1	python_raw	ncbi	exact	NG_011631.1:raw:285	NG_011631.1:ncbi:ORF1028_NG_011631.1	1.0
NG_011631.1	python_raw	ncbi	exact	NG_011631.1:raw:286	NG_011631.1:ncbi:ORF1313_NG_011631.1	1.0
NG_011631.1	python_raw	ncbi	exact	NG_011631.1:raw:287	NG_011631.1:ncbi:ORF1595_NG_011631.1	1.0
NG_011631.1	python_raw	ncbi	exact	NG_011631.1:raw:288	NG_011631.1:ncbi:ORF1335_NG_011631.1	1.0
NG_011631.1	python_raw	ncbi	exact	NG_011631.1:raw:289	NG_011631.1:ncbi:ORF515_NG_011631.1	1.0
NG_011631.1	python_raw	ncbi	exact	NG_011631.1:raw:29	NG_011631.1:ncbi:ORF20_NG_011631.1	1.0
NG_011631.1	python_raw	ncbi	exact	NG_011631.1:raw:290	NG_011631.1:ncbi:ORF817_NG_011631.1	1.0
NG_011631.1	python_raw	ncbi	exact	NG_011631.1:raw:291	NG_011631.1:ncbi:ORF522_NG_011631.1	1.0
NG_011631.1	python_raw	ncbi	exact	NG_011631.1:raw:292	NG_011631.1:ncbi:ORF18_NG_011631.1	1.0
NG_011631.1	python_raw	ncbi	exact	NG_011631.1:raw:293	NG_011631.1:ncbi:ORF839_NG_011631.1	1.0
NG_011631.1	python_raw	ncbi	exact	NG_011631.1:raw:294	NG_011631.1:ncbi:ORF66_NG_011631.1	1.0
NG_011631.1	python_raw	ncbi	exact	NG_011631.1:raw:295	NG_011631.1:ncbi:ORF1496_NG_011631.1	1.0
NG_011631.1	python_raw	ncbi	exact	NG_011631.1:raw:296	NG_011631.1:ncbi:ORF143_NG_011631.1	1.0
NG_011631.1	python_raw	ncbi	exact	NG_011631.1:raw:297	NG_011631.1:ncbi:ORF161_NG_011631.1	1.0
NG_011631.1	python_raw	ncbi	exact	NG_011631.1:raw:298	NG_011631.1:ncbi:ORF1311_NG_011631.1	1.0
NG_011631.1	python_raw	ncbi	exact	NG_011631.1:raw:299	NG_011631.1:ncbi:ORF1593_NG_011631.1	1.0
NG_011631.1	python_raw	ncbi	exact	NG_011631.1:raw:3	NG_011631.1:ncbi:ORF1276_NG_011631.1	1.0
NG_011631.1	python_raw	ncbi	exact	NG_011631.1:raw:30	NG_011631.1:ncbi:ORF978_NG_011631.1	1.0
NG_011631.1	python_raw	ncbi	exact	NG_011631.1:raw:300	NG_011631.1:ncbi:ORF1594_NG_011631.1	1.0
NG_011631.1	python_raw	ncbi	exact	NG_011631.1:raw:301	NG_011631.1:ncbi:ORF492_NG_011631.1	1.0
NG_011631.1	python_raw	ncbi	exact	NG_011631.1:raw:302	NG_011631.1:ncbi:ORF263_NG_011631.1	1.0
NG_011631.1	python_raw	ncbi	exact	NG_011631.1:raw:303	NG_011631.1:ncbi:ORF1381_NG_011631.1	1.0
NG_011631.1	python_raw	ncbi	exact	NG_011631.1:raw:304	NG_011631.1:ncbi:ORF847_NG_011631.1	1.0
NG_011631.1	python_raw	ncbi	exact	NG_011631.1:raw:305	NG_011631.1:ncbi:ORF1148_NG_011631.1	1.0
NG_011631.1	python_raw	ncbi	exact	NG_011631.1:raw:306	NG_011631.1:ncbi:ORF618_NG_011631.1	1.0
NG_011631.1	python_raw	ncbi	exact	NG_011631.1:raw:307	NG_011631.1:ncbi:ORF620_NG_011631.1	1.0
NG_011631.1	python_raw	ncbi	exact	NG_011631.1:raw:308	NG_011631.1:ncbi:ORF1462_NG_011631.1	1.0
NG_011631.1	python_raw	ncbi	exact	NG_011631.1:raw:309	NG_011631.1:ncbi:ORF108_NG_011631.1	1.0
NG_011631.1	python_raw	ncbi	exact	NG_011631.1:raw:31	NG_011631.1:ncbi:ORF164_NG_011631.1	1.0
NG_011631.1	python_raw	ncbi	exact	NG_011631.1:raw:310	NG_011631.1:ncbi:ORF390_NG_011631.1	1.0
NG_011631.1	python_raw	ncbi	exact	NG_011631.1:raw:311	NG_011631.1:ncbi:ORF952_NG_011631.1	1.0
NG_011631.1	python_raw	ncbi	exact	NG_011631.1:raw:312	NG_011631.1:ncbi:ORF407_NG_011631.1	1.0
NG_011631.1	python_raw	ncbi	exact	NG_011631.1:raw:313	NG_011631.1:ncbi:ORF1012_NG_011631.1	1.0
NG_011631.1	python_raw	ncbi	exact	NG_011631.1:raw:314	NG_011631.1:ncbi:ORF220_NG_011631.1	1.0
NG_011631.1	python_raw	ncbi	exact	NG_011631.1:raw:315	NG_011631.1:ncbi:ORF1634_NG_011631.1	1.0
NG_011631.1	python_raw	ncbi	exact	NG_011631.1:raw:316	NG_011631.1:ncbi:ORF1123_NG_011631.1	1.0
NG_011631.1	python_raw	ncbi	exact	NG_011631.1:raw:317	NG_011631.1:ncbi:ORF841_NG_011631.1	1.0
NG_011631.1	python_raw	ncbi	exact	NG_011631.1:raw:318	NG_011631.1:ncbi:ORF871_NG_011631.1	1.0
NG_011631.1	python_raw	ncbi	exact	NG_011631.1:raw:319	NG_011631.1:ncbi:ORF1190_NG_011631.1	1.0
NG_011631.1	python_raw	ncbi	exact	NG_011631.1:raw:32	NG_011631.1:ncbi:ORF1048_NG_011631.1	1.0
NG_011631.1	python_raw	ncbi	exact	NG_011631.1:raw:320	NG_011631.1:ncbi:ORF971_NG_011631.1	1.0
NG_011631.1	python_raw	ncbi	exact	NG_011631.1:raw:321	NG_011631.1:ncbi:ORF695_NG_011631.1	1.0
NG_011631.1	python_raw	ncbi	exact	NG_011631.1:raw:322	NG_011631.1:ncbi:ORF1062_NG_011631.1	1.0
NG_011631.1	python_raw	ncbi	exact	NG_011631.1:raw:323	NG_011631.1:ncbi:ORF1089_NG_011631.1	1.0
NG_011631.1	python_raw	ncbi	exact	NG_011631.1:raw:324	NG_011631.1:ncbi:ORF261_NG_011631.1	1.0
NG_011631.1	python_raw	ncbi	exact	NG_011631.1:raw:325	NG_011631.1:ncbi:ORF840_NG_011631.1	1.0
NG_011631.1	python_raw	ncbi	exact	NG_011631.1:raw:326	NG_011631.1:ncbi:ORF28_NG_011631.1	1.0
NG_011631.1	python_raw	ncbi	exact	NG_011631.1:raw:327	NG_011631.1:ncbi:ORF555_NG_011631.1	1.0
NG_011631.1	python_raw	ncbi	exact	NG_011631.1:raw:328	NG_011631.1:ncbi:ORF1158_NG_011631.1	1.0
NG_011631.1	python_raw	ncbi	exact	NG_011631.1:raw:329	NG_011631.1:ncbi:ORF355_NG_011631.1	1.0
NG_011631.1	python_raw	ncbi	exact	NG_011631.1:raw:33	NG_011631.1:ncbi:ORF4_NG_011631.1	1.0
NG_011631.1	python_raw	ncbi	exact	NG_011631.1:raw:330	NG_011631.1:ncbi:ORF1477_NG_011631.1	1.0
NG_011631.1	python_raw	ncbi	exact	NG_011631.1:raw:331	NG_011631.1:ncbi:ORF926_NG_011631.1	1.0
NG_011631.1	python_raw	ncbi	exact	NG_011631.1:raw:332	NG_011631.1:ncbi:ORF956_NG_011631.1	1.0
NG_011631.1	python_raw	ncbi	exact	NG_011631.1:raw:333	NG_011631.1:ncbi:ORF960_NG_011631.1	1.0
NG_011631.1	python_raw	ncbi	exact	NG_011631.1:raw:334	NG_011631.1:ncbi:ORF153_NG_011631.1	1.0
NG_011631.1	python_raw	ncbi	exact	NG_011631.1:raw:335	NG_011631.1:ncbi:ORF1257_NG_011631.1	1.0
NG_011631.1	python_raw	ncbi	exact	NG_011631.1:raw:336	NG_011631.1:ncbi:ORF427_NG_011631.1	1.0
NG_011631.1	python_raw	ncbi	exact	NG_011631.1:raw:337	NG_011631.1:ncbi:ORF720_NG_011631.1	1.0
NG_011631.1	python_raw	ncbi	exact	NG_011631.1:raw:338	NG_011631.1:ncbi:ORF187_NG_011631.1	1.0
NG_011631.1	python_raw	ncbi	exact	NG_011631.1:raw:339	NG_011631.1:ncbi:ORF466_NG_011631.1	1.0
NG_011631.1	python_raw	ncbi	exact	NG_011631.1:raw:34	NG_011631.1:ncbi:ORF889_NG_011631.1	1.0
NG_011631.1	python_raw	ncbi	exact	NG_011631.1:raw:340	NG_011631.1:ncbi:ORF789_NG_011631.1	1.0
NG_011631.1	python_raw	ncbi	exact	NG_011631.1:raw:341	NG_011631.1:ncbi:ORF1078_NG_011631.1	1.0
NG_011631.1	python_raw	ncbi	exact	NG_011631.1:raw:342	NG_011631.1:ncbi:ORF794_NG_011631.1	1.0
NG_011631.1	python_raw	ncbi	exact	NG_011631.1:raw:343	NG_011631.1:ncbi:ORF1623_NG_011631.1	1.0
NG_011631.1	python_raw	ncbi	exact	NG_011631.1:raw:344	NG_011631.1:ncbi:ORF1371_NG_011631.1	1.0
NG_011631.1	python_raw	ncbi	exact	NG_011631.1:raw:345	NG_011631.1:ncbi:ORF530_NG_011631.1	1.0
NG_011631.1	python_raw	ncbi	exact	NG_011631.1:raw:346	NG_011631.1:ncbi:ORF829_NG_011631.1	1.0
NG_011631.1	python_raw	ncbi	exact	NG_011631.1:raw:347	NG_011631.1:ncbi:ORF591_NG_011631.1	1.0
NG_011631.1	python_raw	ncbi	exact	NG_011631.1:raw:348	NG_011631.1:ncbi:ORF891_NG_011631.1	1.0
NG_011631.1	python_raw	ncbi	exact	NG_011631.1:raw:349	NG_011631.1:ncbi:ORF1202_NG_011631.1	1.0
NG_011631.1	python_raw	ncbi	exact	NG_011631.1:raw:35	NG_011631.1:ncbi:ORF902_NG_011631.1	1.0
NG_011631.1	python_raw	ncbi	exact	NG_011631.1:raw:350	NG_011631.1:ncbi:ORF359_NG_011631.1	1.0
NG_011631.1	python_raw	ncbi	exact	NG_011631.1:raw:351	NG_011631.1:ncbi:ORF112_NG_011631.1	1.0
NG_011631.1	python_raw	ncbi	exact	NG_011631.1:raw:352	NG_011631.1:ncbi:ORF375_NG_011631.1	1.0
NG_011631.1	python_raw	ncbi	exact	NG_011631.1:raw:353	NG_011631.1:ncbi:ORF1230_NG_011631.1	1.0
NG_011631.1	python_raw	ncbi	exact	NG_011631.1:raw:354	NG_011631.1:ncbi:ORF129_NG_011631.1	1.0
NG_011631.1	python_raw	ncbi	exact	NG_011631.1:raw:355	NG_011631.1:ncbi:ORF402_NG_011631.1	1.0
NG_011631.1	python_raw	ncbi	exact	NG_011631.1:raw:356	NG_011631.1:ncbi:ORF686_NG_011631.1	1.0
NG_011631.1	python_raw	ncbi	exact	NG_011631.1:raw:357	NG_011631.1:ncbi:ORF699_NG_011631.1	1.0
NG_011631.1	python_raw	ncbi	exact	NG_011631.1:raw:358	NG_011631.1:ncbi:ORF1539_NG_011631.1	1.0
NG_011631.1	python_raw	ncbi	exact	NG_011631.1:raw:359	NG_011631.1:ncbi:ORF431_NG_011631.1	1.0
NG_011631.1	python_raw	ncbi	exact	NG_011631.1:raw:36	NG_011631.1:ncbi:ORF1002_NG_011631.1	1.0
NG_011631.1	python_raw	ncbi	exact	NG_011631.1:raw:360	NG_011631.1:ncbi:ORF1554_NG_011631.1	1.0
NG_011631.1	python_raw	ncbi	exact	NG_011631.1:raw:361	NG_011631.1:ncbi:ORF439_NG_011631.1	1.0
NG_011631.1	python_raw	ncbi	exact	NG_011631.1:raw:362	NG_011631.1:ncbi:ORF440_NG_011631.1	1.0
NG_011631.1	python_raw	ncbi	exact	NG_011631.1:raw:363	NG_011631.1:ncbi:ORF1023_NG_011631.1	1.0
NG_011631.1	python_raw	ncbi	exact	NG_011631.1:raw:364	NG_011631.1:ncbi:ORF1566_NG_011631.1	1.0
NG_011631.1	python_raw	ncbi	exact	NG_011631.1:raw:365	NG_011631.1:ncbi:ORF520_NG_011631.1	1.0
NG_011631.1	python_raw	ncbi	exact	NG_011631.1:raw:366	NG_011631.1:ncbi:ORF1383_NG_011631.1	1.0
NG_011631.1	python_raw	ncbi	exact	NG_011631.1:raw:367	NG_011631.1:ncbi:ORF1388_NG_011631.1	1.0
NG_011631.1	python_raw	ncbi	exact	NG_011631.1:raw:368	NG_011631.1:ncbi:ORF293_NG_011631.1	1.0
NG_011631.1	python_raw	ncbi	exact	NG_011631.1:raw:369	NG_011631.1:ncbi:ORF319_NG_011631.1	1.0
NG_011631.1	python_raw	ncbi	exact	NG_011631.1:raw:37	NG_011631.1:ncbi:ORF1007_NG_011631.1	1.0
NG_011631.1	python_raw	ncbi	exact	NG_011631.1:raw:370	NG_011631.1:ncbi:ORF1473_NG_011631.1	1.0
NG_011631.1	python_raw	ncbi	exact	NG_011631.1:raw:371	NG_011631.1:ncbi:ORF930_NG_011631.1	1.0
NG_011631.1	python_raw	ncbi	exact	NG_011631.1:raw:372	NG_011631.1:ncbi:ORF652_NG_011631.1	1.0
NG_011631.1	python_raw	ncbi	exact	NG_011631.1:raw:373	NG_011631.1:ncbi:ORF937_NG_011631.1	1.0
NG_011631.1	python_raw	ncbi	exact	NG_011631.1:raw:374	NG_011631.1:ncbi:ORF398_NG_011631.1	1.0
NG_011631.1	python_raw	ncbi	exact	NG_011631.1:raw:375	NG_011631.1:ncbi:ORF1517_NG_011631.1	1.0
NG_011631.1	python_raw	ncbi	exact	NG_011631.1:raw:376	NG_011631.1:ncbi:ORF974_NG_011631.1	1.0
NG_011631.1	python_raw	ncbi	exact	NG_011631.1:raw:377	NG_011631.1:ncbi:ORF979_NG_011631.1	1.0
NG_011631.1	python_raw	ncbi	exact	NG_011631.1:raw:378	NG_011631.1:ncbi:ORF1001_NG_011631.1	1.0
NG_011631.1	python_raw	ncbi	exact	NG_011631.1:raw:379	NG_011631.1:ncbi:ORF1555_NG_011631.1	1.0
NG_011631.1	python_raw	ncbi	exact	NG_011631.1:raw:38	NG_011631.1:ncbi:ORF1366_NG_011631.1	1.0
NG_011631.1	python_raw	ncbi	exact	NG_011631.1:raw:380	NG_011631.1:ncbi:ORF1069_NG_011631.1	1.0
NG_011631.1	python_raw	ncbi	exact	NG_011631.1:raw:381	NG_011631.1:ncbi:ORF494_NG_011631.1	1.0
NG_011631.1	python_raw	ncbi	exact	NG_011631.1:raw:382	NG_011631.1:ncbi:ORF1343_NG_011631.1	1.0
NG_011631.1	python_raw	ncbi	exact	NG_011631.1:raw:383	NG_011631.1:ncbi:ORF795_NG_011631.1	1.0
NG_011631.1	python_raw	ncbi	exact	NG_011631.1:raw:384	NG_011631.1:ncbi:ORF1393_NG_011631.1	1.0
NG_011631.1	python_raw	ncbi	exact	NG_011631.1:raw:385	NG_011631.1:ncbi:ORF301_NG_011631.1	1.0
NG_011631.1	python_raw	ncbi	exact	NG_011631.1:raw:386	NG_011631.1:ncbi:ORF306_NG_011631.1	1.0
NG_011631.1	python_raw	ncbi	exact	NG_011631.1:raw:387	NG_011631.1:ncbi:ORF316_NG_011631.1	1.0
NG_011631.1	python_raw	ncbi	exact	NG_011631.1:raw:388	NG_011631.1:ncbi:ORF1437_NG_011631.1	1.0
NG_011631.1	python_raw	ncbi	exact	NG_011631.1:raw:389	NG_011631.1:ncbi:ORF606_NG_011631.1	1.0
NG_011631.1	python_raw	ncbi	exact	NG_011631.1:raw:39	NG_011631.1:ncbi:ORF1324_NG_011631.1	1.0
NG_011631.1	python_raw	ncbi	exact	NG_011631.1:raw:390	NG_011631.1:ncbi:ORF344_NG_011631.1	1.0
NG_011631.1	python_raw	ncbi	exact	NG_011631.1:raw:391	NG_011631.1:ncbi:ORF645_NG_011631.1	1.0
NG_011631.1	python_raw	ncbi	exact	NG_011631.1:raw:392	NG_011631.1:ncbi:ORF1497_NG_011631.1	1.0
NG_011631.1	python_raw	ncbi	exact	NG_011631.1:raw:393	NG_011631.1:ncbi:ORF949_NG_011631.1	1.0
NG_011631.1	python_raw	ncbi	exact	NG_011631.1:raw:394	NG_011631.1:ncbi:ORF688_NG_011631.1	1.0
NG_011631.1	python_raw	ncbi	exact	NG_011631.1:raw:395	NG_011631.1:ncbi:ORF972_NG_011631.1	1.0
NG_011631.1	python_raw	ncbi	exact	NG_011631.1:raw:396	NG_011631.1:ncbi:ORF1261_NG_011631.1	1.0
NG_011631.1	python_raw	ncbi	exact	NG_011631.1:raw:397	NG_011631.1:ncbi:ORF426_NG_011631.1	1.0
NG_011631.1	python_raw	ncbi	exact	NG_011631.1:raw:398	NG_011631.1:ncbi:ORF1304_NG_011631.1	1.0
NG_011631.1	python_raw	ncbi	exact	NG_011631.1:raw:399	NG_011631.1:ncbi:ORF1305_NG_011631.1	1.0
NG_011631.1	python_raw	ncbi	exact	NG_011631.1:raw:4	NG_011631.1:ncbi:ORF110_NG_011631.1	1.0
NG_011631.1	python_raw	ncbi	exact	NG_011631.1:raw:40	NG_011631.1:ncbi:ORF660_NG_011631.1	1.0
NG_011631.1	python_raw	ncbi	exact	NG_011631.1:raw:400	NG_011631.1:ncbi:ORF756_NG_011631.1	1.0
NG_011631.1	python_raw	ncbi	exact	NG_011631.1:raw:401	NG_011631.1:ncbi:ORF1360_NG_011631.1	1.0
NG_011631.1	python_raw	ncbi	exact	NG_011631.1:raw:402	NG_011631.1:ncbi:ORF264_NG_011631.1	1.0
NG_011631.1	python_raw	ncbi	exact	NG_011631.1:raw:403	NG_011631.1:ncbi:ORF1_NG_011631.1	1.0
NG_011631.1	python_raw	ncbi	exact	NG_011631.1:raw:404	NG_011631.1:ncbi:ORF2_NG_011631.1	1.0
NG_011631.1	python_raw	ncbi	exact	NG_011631.1:raw:405	NG_011631.1:ncbi:ORF32_NG_011631.1	1.0
NG_011631.1	python_raw	ncbi	exact	NG_011631.1:raw:406	NG_011631.1:ncbi:ORF1142_NG_011631.1	1.0
NG_011631.1	python_raw	ncbi	exact	NG_011631.1:raw:407	NG_011631.1:ncbi:ORF565_NG_011631.1	1.0
NG_011631.1	python_raw	ncbi	exact	NG_011631.1:raw:408	NG_011631.1:ncbi:ORF1412_NG_011631.1	1.0
NG_011631.1	python_raw	ncbi	exact	NG_011631.1:raw:409	NG_011631.1:ncbi:ORF60_NG_011631.1	1.0
NG_011631.1	python_raw	ncbi	exact	NG_011631.1:raw:41	NG_011631.1:ncbi:ORF986_NG_011631.1	1.0
NG_011631.1	python_raw	ncbi	exact	NG_011631.1:raw:410	NG_011631.1:ncbi:ORF872_NG_011631.1	1.0
NG_011631.1	python_raw	ncbi	exact	NG_011631.1:raw:411	NG_011631.1:ncbi:ORF72_NG_011631.1	1.0
NG_011631.1	python_raw	ncbi	exact	NG_011631.1:raw:412	NG_011631.1:ncbi:ORF638_NG_011631.1	1.0
NG_011631.1	python_raw	ncbi	exact	NG_011631.1:raw:413	NG_011631.1:ncbi:ORF136_NG_011631.1	1.0
NG_011631.1	python_raw	ncbi	exact	NG_011631.1:raw:414	NG_011631.1:ncbi:ORF700_NG_011631.1	1.0
NG_011631.1	python_raw	ncbi	exact	NG_011631.1:raw:415	NG_011631.1:ncbi:ORF1266_NG_011631.1	1.0
NG_011631.1	python_raw	ncbi	exact	NG_011631.1:raw:416	NG_011631.1:ncbi:ORF434_NG_011631.1	1.0
NG_011631.1	python_raw	ncbi	exact	NG_011631.1:raw:417	NG_011631.1:ncbi:ORF435_NG_011631.1	1.0
NG_011631.1	python_raw	ncbi	exact	NG_011631.1:raw:418	NG_011631.1:ncbi:ORF722_NG_011631.1	1.0
NG_011631.1	python_raw	ncbi	exact	NG_011631.1:raw:419	NG_011631.1:ncbi:ORF1035_NG_011631.1	1.0
NG_011631.1	python_raw	ncbi	exact	NG_011631.1:raw:42	NG_011631.1:ncbi:ORF418_NG_011631.1	1.0
NG_011631.1	python_raw	ncbi	exact	NG_011631.1:raw:420	NG_011631.1:ncbi:ORF1368_NG_011631.1	1.0
NG_011631.1	python_raw	ncbi	exact	NG_011631.1:raw:421	NG_011631.1:ncbi:ORF1370_NG_011631.1	1.0
NG_011631.1	python_raw	ncbi	exact	NG_011631.1:raw:422	NG_011631.1:ncbi:ORF534_NG_011631.1	1.0
NG_011631.1	python_raw	ncbi	exact	NG_011631.1:raw:423	NG_011631.1:ncbi:ORF1419_NG_011631.1	1.0
NG_011631.1	python_raw	ncbi	exact	NG_011631.1:raw:424	NG_011631.1:ncbi:ORF1429_NG_011631.1	1.0
NG_011631.1	python_raw	ncbi	exact	NG_011631.1:raw:425	NG_011631.1:ncbi:ORF880_NG_011631.1	1.0
NG_011631.1	python_raw	ncbi	exact	NG_011631.1:raw:426	NG_011631.1:ncbi:ORF897_NG_011631.1	1.0
NG_011631.1	python_raw	ncbi	exact	NG_011631.1:raw:427	NG_011631.1:ncbi:ORF83_NG_011631.1	1.0
NG_011631.1	python_raw	ncbi	exact	NG_011631.1:raw:428	NG_011631.1:ncbi:ORF337_NG_011631.1	1.0
NG_011631.1	python_raw	ncbi	exact	NG_011631.1:raw:429	NG_011631.1:ncbi:ORF109_NG_011631.1	1.0
NG_011631.1	python_raw	ncbi	exact	NG_011631.1:raw:43	NG_011631.1:ncbi:ORF1545_NG_011631.1	1.0
NG_011631.1	python_raw	ncbi	exact	NG_011631.1:raw:430	NG_011631.1:ncbi:ORF931_NG_011631.1	1.0
NG_011631.1	python_raw	ncbi	exact	NG_011631.1:raw:431	NG_011631.1:ncbi:ORF144_NG_011631.1	1.0
NG_011631.1	python_raw	ncbi	exact	NG_011631.1:raw:432	NG_011631.1:ncbi:ORF1251_NG_011631.1	1.0
NG_011631.1	python_raw	ncbi	exact	NG_011631.1:raw:433	NG_011631.1:ncbi:ORF412_NG_011631.1	1.0
NG_011631.1	python_raw	ncbi	exact	NG_011631.1:raw:434	NG_011631.1:ncbi:ORF710_NG_011631.1	1.0
NG_011631.1	python_raw	ncbi	exact	NG_011631.1:raw:435	NG_011631.1:ncbi:ORF998_NG_011631.1	1.0
NG_011631.1	python_raw	ncbi	exact	NG_011631.1:raw:436	NG_011631.1:ncbi:ORF732_NG_011631.1	1.0
NG_011631.1	python_raw	ncbi	exact	NG_011631.1:raw:437	NG_011631.1:ncbi:ORF476_NG_011631.1	1.0
NG_011631.1	python_raw	ncbi	exact	NG_011631.1:raw:438	NG_011631.1:ncbi:ORF1596_NG_011631.1	1.0
NG_011631.1	python_raw	ncbi	exact	NG_011631.1:raw:439	NG_011631.1:ncbi:ORF1072_NG_011631.1	1.0
NG_011631.1	python_raw	ncbi	exact	NG_011631.1:raw:44	NG_011631.1:ncbi:ORF945_NG_011631.1	1.0
NG_011631.1	python_raw	ncbi	exact	NG_011631.1:raw:440	NG_011631.1:ncbi:ORF498_NG_011631.1	1.0
NG_011631.1	python_raw	ncbi	exact	NG_011631.1:raw:441	NG_011631.1:ncbi:ORF1093_NG_011631.1	1.0
NG_011631.1	python_raw	ncbi	exact	NG_011631.1:raw:442	NG_011631.1:ncbi:ORF807_NG_011631.1	1.0
NG_011631.1	python_raw	ncbi	exact	NG_011631.1:raw:443	NG_011631.1:ncbi:ORF815_NG_011631.1	1.0
NG_011631.1	python_raw	ncbi	exact	NG_011631.1:raw:444	NG_011631.1:ncbi:ORF6_NG_011631.1	1.0
NG_011631.1	python_raw	ncbi	exact	NG_011631.1:raw:445	NG_011631.1:ncbi:ORF1114_NG_011631.1	1.0
NG_011631.1	python_raw	ncbi	exact	NG_011631.1:raw:446	NG_011631.1:ncbi:ORF542_NG_011631.1	1.0
NG_011631.1	python_raw	ncbi	exact	NG_011631.1:raw:447	NG_011631.1:ncbi:ORF1149_NG_011631.1	1.0
NG_011631.1	python_raw	ncbi	exact	NG_011631.1:raw:448	NG_011631.1:ncbi:ORF868_NG_011631.1	1.0
NG_011631.1	python_raw	ncbi	exact	NG_011631.1:raw:449	NG_011631.1:ncbi:ORF589_NG_011631.1	1.0
NG_011631.1	python_raw	ncbi	exact	NG_011631.1:raw:45	NG_011631.1:ncbi:ORF1015_NG_011631.1	1.0
NG_011631.1	python_raw	ncbi	exact	NG_011631.1:raw:450	NG_011631.1:ncbi:ORF314_NG_011631.1	1.0
NG_011631.1	python_raw	ncbi	exact	NG_011631.1:raw:451	NG_011631.1:ncbi:ORF1443_NG_011631.1	1.0
NG_011631.1	python_raw	ncbi	exact	NG_011631.1:raw:452	NG_011631.1:ncbi:ORF1188_NG_011631.1	1.0
NG_011631.1	python_raw	ncbi	exact	NG_011631.1:raw:453	NG_011631.1:ncbi:ORF619_NG_011631.1	1.0
NG_011631.1	python_raw	ncbi	exact	NG_011631.1:raw:454	NG_011631.1:ncbi:ORF928_NG_011631.1	1.0
NG_011631.1	python_raw	ncbi	exact	NG_011631.1:raw:455	NG_011631.1:ncbi:ORF1487_NG_011631.1	1.0
NG_011631.1	python_raw	ncbi	exact	NG_011631.1:raw:456	NG_011631.1:ncbi:ORF389_NG_011631.1	1.0
NG_011631.1	python_raw	ncbi	exact	NG_011631.1:raw:457	NG_011631.1:ncbi:ORF141_NG_011631.1	1.0
NG_011631.1	python_raw	ncbi	exact	NG_011631.1:raw:458	NG_011631.1:ncbi:ORF174_NG_011631.1	1.0
NG_011631.1	python_raw	ncbi	exact	NG_011631.1:raw:459	NG_011631.1:ncbi:ORF1017_NG_011631.1	1.0
NG_011631.1	python_raw	ncbi	exact	NG_011631.1:raw:46	NG_011631.1:ncbi:ORF7_NG_011631.1	1.0
NG_011631.1	python_raw	ncbi	exact	NG_011631.1:raw:460	NG_011631.1:ncbi:ORF1323_NG_011631.1	1.0
NG_011631.1	python_raw	ncbi	exact	NG_011631.1:raw:461	NG_011631.1:ncbi:ORF1327_NG_011631.1	1.0
NG_011631.1	python_raw	ncbi	exact	NG_011631.1:raw:462	NG_011631.1:ncbi:ORF824_NG_011631.1	1.0
NG_011631.1	python_raw	ncbi	exact	NG_011631.1:raw:463	NG_011631.1:ncbi:ORF828_NG_011631.1	1.0
NG_011631.1	python_raw	ncbi	exact	NG_011631.1:raw:464	NG_011631.1:ncbi:ORF1373_NG_011631.1	1.0
NG_011631.1	python_raw	ncbi	exact	NG_011631.1:raw:465	NG_011631.1:ncbi:ORF15_NG_011631.1	1.0
NG_011631.1	python_raw	ncbi	exact	NG_011631.1:raw:466	NG_011631.1:ncbi:ORF285_NG_011631.1	1.0
NG_011631.1	python_raw	ncbi	exact	NG_011631.1:raw:467	NG_011631.1:ncbi:ORF1133_NG_011631.1	1.0
NG_011631.1	python_raw	ncbi	exact	NG_011631.1:raw:468	NG_011631.1:ncbi:ORF1394_NG_011631.1	1.0
NG_011631.1	python_raw	ncbi	exact	NG_011631.1:raw:469	NG_011631.1:ncbi:ORF296_NG_011631.1	1.0
NG_011631.1	python_raw	ncbi	exact	NG_011631.1:raw:47	NG_011631.1:ncbi:ORF1405_NG_011631.1	1.0
NG_011631.1	python_raw	ncbi	exact	NG_011631.1:raw:470	NG_011631.1:ncbi:ORF1157_NG_011631.1	1.0
NG_011631.1	python_raw	ncbi	exact	NG_011631.1:raw:471	NG_011631.1:ncbi:ORF1411_NG_011631.1	1.0
NG_011631.1	python_raw	ncbi	exact	NG_011631.1:raw:472	NG_011631.1:ncbi:ORF1432_NG_011631.1	1.0
NG_011631.1	python_raw	ncbi	exact	NG_011631.1:raw:473	NG_011631.1:ncbi:ORF1178_NG_011631.1	1.0
NG_011631.1	python_raw	ncbi	exact	NG_011631.1:raw:474	NG_011631.1:ncbi:ORF1438_NG_011631.1	1.0
NG_011631.1	python_raw	ncbi	exact	NG_011631.1:raw:475	NG_011631.1:ncbi:ORF913_NG_011631.1	1.0
NG_011631.1	python_raw	ncbi	exact	NG_011631.1:raw:476	NG_011631.1:ncbi:ORF1212_NG_011631.1	1.0
NG_011631.1	python_raw	ncbi	exact	NG_011631.1:raw:477	NG_011631.1:ncbi:ORF647_NG_011631.1	1.0
NG_011631.1	python_raw	ncbi	exact	NG_011631.1:raw:478	NG_011631.1:ncbi:ORF929_NG_011631.1	1.0
NG_011631.1	python_raw	ncbi	exact	NG_011631.1:raw:479	NG_011631.1:ncbi:ORF682_NG_011631.1	1.0
NG_011631.1	python_raw	ncbi	exact	NG_011631.1:raw:48	NG_011631.1:ncbi:ORF803_NG_011631.1	1.0
NG_011631.1	python_raw	ncbi	exact	NG_011631.1:raw:480	NG_011631.1:ncbi:ORF1248_NG_011631.1	1.0
NG_011631.1	python_raw	ncbi	exact	NG_011631.1:raw:481	NG_011631.1:ncbi:ORF1522_NG_011631.1	1.0
NG_011631.1	python_raw	ncbi	exact	NG_011631.1:raw:482	NG_011631.1:ncbi:ORF411_NG_011631.1	1.0
NG_011631.1	python_raw	ncbi	exact	NG_011631.1:raw:483	NG_011631.1:ncbi:ORF983_NG_011631.1	1.0
NG_011631.1	python_raw	ncbi	exact	NG_011631.1:raw:484	NG_011631.1:ncbi:ORF415_NG_011631.1	1.0
NG_011631.1	python_raw	ncbi	exact	NG_011631.1:raw:485	NG_011631.1:ncbi:ORF995_NG_011631.1	1.0
NG_011631.1	python_raw	ncbi	exact	NG_011631.1:raw:486	NG_011631.1:ncbi:ORF1538_NG_011631.1	1.0
NG_011631.1	python_raw	ncbi	exact	NG_011631.1:raw:487	NG_011631.1:ncbi:ORF425_NG_011631.1	1.0
NG_011631.1	python_raw	ncbi	exact	NG_011631.1:raw:488	NG_011631.1:ncbi:ORF449_NG_011631.1	1.0
NG_011631.1	python_raw	ncbi	exact	NG_011631.1:raw:489	NG_011631.1:ncbi:ORF1306_NG_011631.1	1.0
NG_011631.1	python_raw	ncbi	exact	NG_011631.1:raw:49	NG_011631.1:ncbi:ORF1472_NG_011631.1	1.0
NG_011631.1	python_raw	ncbi	exact	NG_011631.1:raw:490	NG_011631.1:ncbi:ORF1579_NG_011631.1	1.0
NG_011631.1	python_raw	ncbi	exact	NG_011631.1:raw:491	NG_011631.1:ncbi:ORF1047_NG_011631.1	1.0
NG_011631.1	python_raw	ncbi	exact	NG_011631.1:raw:492	NG_011631.1:ncbi:ORF1331_NG_011631.1	1.0
NG_011631.1	python_raw	ncbi	exact	NG_011631.1:raw:493	NG_011631.1:ncbi:ORF1631_NG_011631.1	1.0
NG_011631.1	python_raw	ncbi	exact	NG_011631.1:raw:494	NG_011631.1:ncbi:ORF1099_NG_011631.1	1.0
NG_011631.1	python_raw	ncbi	exact	NG_011631.1:raw:495	NG_011631.1:ncbi:ORF1372_NG_011631.1	1.0
NG_011631.1	python_raw	ncbi	exact	NG_011631.1:raw:496	NG_011631.1:ncbi:ORF1124_NG_011631.1	1.0
NG_011631.1	python_raw	ncbi	exact	NG_011631.1:raw:497	NG_011631.1:ncbi:ORF548_NG_011631.1	1.0
NG_011631.1	python_raw	ncbi	exact	NG_011631.1:raw:498	NG_011631.1:ncbi:ORF291_NG_011631.1	1.0
NG_011631.1	python_raw	ncbi	exact	NG_011631.1:raw:499	NG_011631.1:ncbi:ORF855_NG_011631.1	1.0
NG_011631.1	python_raw	ncbi	exact	NG_011631.1:raw:5	NG_011631.1:ncbi:ORF8_NG_011631.1	1.0
NG_011631.1	python_raw	ncbi	exact	NG_011631.1:raw:50	NG_011631.1:ncbi:ORF785_NG_011631.1	1.0
NG_011631.1	python_raw	ncbi	exact	NG_011631.1:raw:500	NG_011631.1:ncbi:ORF1144_NG_011631.1	1.0
NG_011631.1	python_raw	ncbi	exact	NG_011631.1:raw:501	NG_011631.1:ncbi:ORF863_NG_011631.1	1.0
NG_011631.1	python_raw	ncbi	exact	NG_011631.1:raw:502	NG_011631.1:ncbi:ORF576_NG_011631.1	1.0
NG_011631.1	python_raw	ncbi	exact	NG_011631.1:raw:503	NG_011631.1:ncbi:ORF1174_NG_011631.1	1.0
NG_011631.1	python_raw	ncbi	exact	NG_011631.1:raw:504	NG_011631.1:ncbi:ORF1192_NG_011631.1	1.0
NG_011631.1	python_raw	ncbi	exact	NG_011631.1:raw:505	NG_011631.1:ncbi:ORF1466_NG_011631.1	1.0
NG_011631.1	python_raw	ncbi	exact	NG_011631.1:raw:506	NG_011631.1:ncbi:ORF1216_NG_011631.1	1.0
NG_011631.1	python_raw	ncbi	exact	NG_011631.1:raw:507	NG_011631.1:ncbi:ORF392_NG_011631.1	1.0
NG_011631.1	python_raw	ncbi	exact	NG_011631.1:raw:508	NG_011631.1:ncbi:ORF1508_NG_011631.1	1.0
NG_011631.1	python_raw	ncbi	exact	NG_011631.1:raw:509	NG_011631.1:ncbi:ORF957_NG_011631.1	1.0
NG_011631.1	python_raw	ncbi	exact	NG_011631.1:raw:51	NG_011631.1:ncbi:ORF1196_NG_011631.1	1.0
NG_011631.1	python_raw	ncbi	exact	NG_011631.1:raw:510	NG_011631.1:ncbi:ORF151_NG_011631.1	1.0
NG_011631.1	python_raw	ncbi	exact	NG_011631.1:raw:511	NG_011631.1:ncbi:ORF165_NG_011631.1	1.0
NG_011631.1	python_raw	ncbi	exact	NG_011631.1:raw:512	NG_011631.1:ncbi:ORF707_NG_011631.1	1.0
NG_011631.1	python_raw	ncbi	exact	NG_011631.1:raw:513	NG_011631.1:ncbi:ORF422_NG_011631.1	1.0
NG_011631.1	python_raw	ncbi	exact	NG_011631.1:raw:514	NG_011631.1:ncbi:ORF1550_NG_011631.1	1.0
NG_011631.1	python_raw	ncbi	exact	NG_011631.1:raw:515	NG_011631.1:ncbi:ORF721_NG_011631.1	1.0
NG_011631.1	python_raw	ncbi	exact	NG_011631.1:raw:516	NG_011631.1:ncbi:ORF1552_NG_011631.1	1.0
NG_011631.1	python_raw	ncbi	exact	NG_011631.1:raw:517	NG_011631.1:ncbi:ORF1288_NG_011631.1	1.0
NG_011631.1	python_raw	ncbi	exact	NG_011631.1:raw:518	NG_011631.1:ncbi:ORF1031_NG_011631.1	1.0
NG_011631.1	python_raw	ncbi	exact	NG_011631.1:raw:519	NG_011631.1:ncbi:ORF1587_NG_011631.1	1.0
NG_011631.1	python_raw	ncbi	exact	NG_011631.1:raw:52	NG_011631.1:ncbi:ORF1056_NG_011631.1	1.0
NG_011631.1	python_raw	ncbi	exact	NG_011631.1:raw:520	NG_011631.1:ncbi:ORF488_NG_011631.1	1.0
NG_011631.1	python_raw	ncbi	exact	NG_011631.1:raw:521	NG_011631.1:ncbi:ORF1088_NG_011631.1	1.0
NG_011631.1	python_raw	ncbi	exact	NG_011631.1:raw:522	NG_011631.1:ncbi:ORF253_NG_011631.1	1.0
NG_011631.1	python_raw	ncbi	exact	NG_011631.1:raw:523	NG_011631.1:ncbi:ORF518_NG_011631.1	1.0
NG_011631.1	python_raw	ncbi	exact	NG_011631.1:raw:524	NG_011631.1:ncbi:ORF526_NG_011631.1	1.0
NG_011631.1	python_raw	ncbi	exact	NG_011631.1:raw:525	NG_011631.1:ncbi:ORF827_NG_011631.1	1.0
NG_011631.1	python_raw	ncbi	exact	NG_011631.1:raw:526	NG_011631.1:ncbi:ORF282_NG_011631.1	1.0
NG_011631.1	python_raw	ncbi	exact	NG_011631.1:raw:527	NG_011631.1:ncbi:ORF40_NG_011631.1	1.0
NG_011631.1	python_raw	ncbi	exact	NG_011631.1:raw:528	NG_011631.1:ncbi:ORF300_NG_011631.1	1.0
NG_011631.1	python_raw	ncbi	exact	NG_011631.1:raw:529	NG_011631.1:ncbi:ORF858_NG_011631.1	1.0
NG_011631.1	python_raw	ncbi	exact	NG_011631.1:raw:53	NG_011631.1:ncbi:ORF1191_NG_011631.1	1.0
NG_011631.1	python_raw	ncbi	exact	NG_011631.1:raw:530	NG_011631.1:ncbi:ORF1153_NG_011631.1	1.0
NG_011631.1	python_raw	ncbi	exact	NG_011631.1:raw:531	NG_011631.1:ncbi:ORF1155_NG_011631.1	1.0
NG_011631.1	python_raw	ncbi	exact	NG_011631.1:raw:532	NG_011631.1:ncbi:ORF1458_NG_011631.1	1.0
NG_011631.1	python_raw	ncbi	exact	NG_011631.1:raw:533	NG_011631.1:ncbi:ORF909_NG_011631.1	1.0
NG_011631.1	python_raw	ncbi	exact	NG_011631.1:raw:534	NG_011631.1:ncbi:ORF354_NG_011631.1	1.0
NG_011631.1	python_raw	ncbi	exact	NG_011631.1:raw:535	NG_011631.1:ncbi:ORF366_NG_011631.1	1.0
NG_011631.1	python_raw	ncbi	exact	NG_011631.1:raw:536	NG_011631.1:ncbi:ORF661_NG_011631.1	1.0
NG_011631.1	python_raw	ncbi	exact	NG_011631.1:raw:537	NG_011631.1:ncbi:ORF665_NG_011631.1	1.0
NG_011631.1	python_raw	ncbi	exact	NG_011631.1:raw:538	NG_011631.1:ncbi:ORF955_NG_011631.1	1.0
NG_011631.1	python_raw	ncbi	exact	NG_011631.1:raw:539	NG_011631.1:ncbi:ORF1254_NG_011631.1	1.0
NG_011631.1	python_raw	ncbi	exact	NG_011631.1:raw:54	NG_011631.1:ncbi:ORF371_NG_011631.1	1.0
NG_011631.1	python_raw	ncbi	exact	NG_011631.1:raw:540	NG_011631.1:ncbi:ORF1525_NG_011631.1	1.0
NG_011631.1	python_raw	ncbi	exact	NG_011631.1:raw:541	NG_011631.1:ncbi:ORF701_NG_011631.1	1.0
NG_011631.1	python_raw	ncbi	exact	NG_011631.1:raw:542	NG_011631.1:ncbi:ORF1273_NG_011631.1	1.0
NG_011631.1	python_raw	ncbi	exact	NG_011631.1:raw:543	NG_011631.1:ncbi:ORF184_NG_011631.1	1.0
NG_011631.1	python_raw	ncbi	exact	NG_011631.1:raw:544	NG_011631.1:ncbi:ORF1040_NG_011631.1	1.0
NG_011631.1	python_raw	ncbi	exact	NG_011631.1:raw:545	NG_011631.1:ncbi:ORF465_NG_011631.1	1.0
NG_011631.1	python_raw	ncbi	exact	NG_011631.1:raw:546	NG_011631.1:ncbi:ORF1320_NG_011631.1	1.0
NG_011631.1	python_raw	ncbi	exact	NG_011631.1:raw:547	NG_011631.1:ncbi:ORF1060_NG_011631.1	1.0
NG_011631.1	python_raw	ncbi	exact	NG_011631.1:raw:548	NG_011631.1:ncbi:ORF214_NG_011631.1	1.0
NG_011631.1	python_raw	ncbi	exact	NG_011631.1:raw:549	NG_011631.1:ncbi:ORF1598_NG_011631.1	1.0
NG_011631.1	python_raw	ncbi	exact	NG_011631.1:raw:55	NG_011631.1:ncbi:ORF373_NG_011631.1	1.0
NG_011631.1	python_raw	ncbi	exact	NG_011631.1:raw:550	NG_011631.1:ncbi:ORF775_NG_011631.1	1.0
NG_011631.1	python_raw	ncbi	exact	NG_011631.1:raw:551	NG_011631.1:ncbi:ORF230_NG_011631.1	1.0
NG_011631.1	python_raw	ncbi	exact	NG_011631.1:raw:552	NG_011631.1:ncbi:ORF256_NG_011631.1	1.0
NG_011631.1	python_raw	ncbi	exact	NG_011631.1:raw:553	NG_011631.1:ncbi:ORF1094_NG_011631.1	1.0
NG_011631.1	python_raw	ncbi	exact	NG_011631.1:raw:554	NG_011631.1:ncbi:ORF1095_NG_011631.1	1.0
NG_011631.1	python_raw	ncbi	exact	NG_011631.1:raw:555	NG_011631.1:ncbi:ORF1365_NG_011631.1	1.0
NG_011631.1	python_raw	ncbi	exact	NG_011631.1:raw:556	NG_011631.1:ncbi:ORF1115_NG_011631.1	1.0
NG_011631.1	python_raw	ncbi	exact	NG_011631.1:raw:557	NG_011631.1:ncbi:ORF1118_NG_011631.1	1.0
NG_011631.1	python_raw	ncbi	exact	NG_011631.1:raw:558	NG_011631.1:ncbi:ORF276_NG_011631.1	1.0
NG_011631.1	python_raw	ncbi	exact	NG_011631.1:raw:559	NG_011631.1:ncbi:ORF31_NG_011631.1	1.0
NG_011631.1	python_raw	ncbi	exact	NG_011631.1:raw:56	NG_011631.1:ncbi:ORF685_NG_011631.1	1.0
NG_011631.1	python_raw	ncbi	exact	NG_011631.1:raw:560	NG_011631.1:ncbi:ORF561_NG_011631.1	1.0
NG_011631.1	python_raw	ncbi	exact	NG_011631.1:raw:561	NG_011631.1:ncbi:ORF861_NG_011631.1	1.0
NG_011631.1	python_raw	ncbi	exact	NG_011631.1:raw:562	NG_011631.1:ncbi:ORF1413_NG_011631.1	1.0
NG_011631.1	python_raw	ncbi	exact	NG_011631.1:raw:563	NG_011631.1:ncbi:ORF580_NG_011631.1	1.0
NG_011631.1	python_raw	ncbi	exact	NG_011631.1:raw:564	NG_011631.1:ncbi:ORF75_NG_011631.1	1.0
NG_011631.1	python_raw	ncbi	exact	NG_011631.1:raw:565	NG_011631.1:ncbi:ORF882_NG_011631.1	1.0
NG_011631.1	python_raw	ncbi	exact	NG_011631.1:raw:566	NG_011631.1:ncbi:ORF888_NG_011631.1	1.0
NG_011631.1	python_raw	ncbi	exact	NG_011631.1:raw:567	NG_011631.1:ncbi:ORF890_NG_011631.1	1.0
NG_011631.1	python_raw	ncbi	exact	NG_011631.1:raw:568	NG_011631.1:ncbi:ORF79_NG_011631.1	1.0
NG_011631.1	python_raw	ncbi	exact	NG_011631.1:raw:569	NG_011631.1:ncbi:ORF614_NG_011631.1	1.0
NG_011631.1	python_raw	ncbi	exact	NG_011631.1:raw:57	NG_011631.1:ncbi:ORF1612_NG_011631.1	1.0
NG_011631.1	python_raw	ncbi	exact	NG_011631.1:raw:570	NG_011631.1:ncbi:ORF629_NG_011631.1	1.0
NG_011631.1	python_raw	ncbi	exact	NG_011631.1:raw:571	NG_011631.1:ncbi:ORF101_NG_011631.1	1.0
NG_011631.1	python_raw	ncbi	exact	NG_011631.1:raw:572	NG_011631.1:ncbi:ORF353_NG_011631.1	1.0
NG_011631.1	python_raw	ncbi	exact	NG_011631.1:raw:573	NG_011631.1:ncbi:ORF915_NG_011631.1	1.0
NG_011631.1	python_raw	ncbi	exact	NG_011631.1:raw:574	NG_011631.1:ncbi:ORF643_NG_011631.1	1.0
NG_011631.1	python_raw	ncbi	exact	NG_011631.1:raw:575	NG_011631.1:ncbi:ORF1209_NG_011631.1	1.0
NG_011631.1	python_raw	ncbi	exact	NG_011631.1:raw:576	NG_011631.1:ncbi:ORF1221_NG_011631.1	1.0
NG_011631.1	python_raw	ncbi	exact	NG_011631.1:raw:577	NG_011631.1:ncbi:ORF663_NG_011631.1	1.0
NG_011631.1	python_raw	ncbi	exact	NG_011631.1:raw:578	NG_011631.1:ncbi:ORF1235_NG_011631.1	1.0
NG_011631.1	python_raw	ncbi	exact	NG_011631.1:raw:579	NG_011631.1:ncbi:ORF137_NG_011631.1	1.0
NG_011631.1	python_raw	ncbi	exact	NG_011631.1:raw:58	NG_011631.1:ncbi:ORF1637_NG_011631.1	1.0
NG_011631.1	python_raw	ncbi	exact	NG_011631.1:raw:580	NG_011631.1:ncbi:ORF958_NG_011631.1	1.0
NG_011631.1	python_raw	ncbi	exact	NG_011631.1:raw:581	NG_011631.1:ncbi:ORF149_NG_011631.1	1.0
NG_011631.1	python_raw	ncbi	exact	NG_011631.1:raw:582	NG_011631.1:ncbi:ORF1519_NG_011631.1	1.0
NG_011631.1	python_raw	ncbi	exact	NG_011631.1:raw:583	NG_011631.1:ncbi:ORF980_NG_011631.1	1.0
NG_011631.1	python_raw	ncbi	exact	NG_011631.1:raw:584	NG_011631.1:ncbi:ORF988_NG_011631.1	1.0
NG_011631.1	python_raw	ncbi	exact	NG_011631.1:raw:585	NG_011631.1:ncbi:ORF1279_NG_011631.1	1.0
NG_011631.1	python_raw	ncbi	exact	NG_011631.1:raw:586	NG_011631.1:ncbi:ORF724_NG_011631.1	1.0
NG_011631.1	python_raw	ncbi	exact	NG_011631.1:raw:587	NG_011631.1:ncbi:ORF189_NG_011631.1	1.0
NG_011631.1	python_raw	ncbi	exact	NG_011631.1:raw:588	NG_011631.1:ncbi:ORF190_NG_011631.1	1.0
NG_011631.1	python_raw	ncbi	exact	NG_011631.1:raw:589	NG_011631.1:ncbi:ORF1034_NG_011631.1	1.0
NG_011631.1	python_raw	ncbi	exact	NG_011631.1:raw:59	NG_011631.1:ncbi:ORF51_NG_011631.1	1.0
NG_011631.1	python_raw	ncbi	exact	NG_011631.1:raw:590	NG_011631.1:ncbi:ORF1581_NG_011631.1	1.0
NG_011631.1	python_raw	ncbi	exact	NG_011631.1:raw:591	NG_011631.1:ncbi:ORF1316_NG_011631.1	1.0
NG_011631.1	python_raw	ncbi	exact	NG_011631.1:raw:592	NG_011631.1:ncbi:ORF208_NG_011631.1	1.0
NG_011631.1	python_raw	ncbi	exact	NG_011631.1:raw:593	NG_011631.1:ncbi:ORF1600_NG_011631.1	1.0
NG_011631.1	python_raw	ncbi	exact	NG_011631.1:raw:594	NG_011631.1:ncbi:ORF222_NG_011631.1	1.0
NG_011631.1	python_raw	ncbi	exact	NG_011631.1:raw:595	NG_011631.1:ncbi:ORF790_NG_011631.1	1.0
NG_011631.1	python_raw	ncbi	exact	NG_011631.1:raw:596	NG_011631.1:ncbi:ORF250_NG_011631.1	1.0
NG_011631.1	python_raw	ncbi	exact	NG_011631.1:raw:597	NG_011631.1:ncbi:ORF826_NG_011631.1	1.0
NG_011631.1	python_raw	ncbi	exact	NG_011631.1:raw:598	NG_011631.1:ncbi:ORF1379_NG_011631.1	1.0
NG_011631.1	python_raw	ncbi	exact	NG_011631.1:raw:599	NG_011631.1:ncbi:ORF42_NG_011631.1	1.0
NG_011631.1	python_raw	ncbi	exact	NG_011631.1:raw:6	NG_011631.1:ncbi:ORF117_NG_011631.1	1.0
NG_011631.1	python_raw	ncbi	exact	NG_011631.1:raw:60	NG_011631.1:ncbi:ORF1346_NG_011631.1	1.0
NG_011631.1	python_raw	ncbi	exact	NG_011631.1:raw:600	NG_011631.1:ncbi:ORF862_NG_011631.1	1.0
NG_011631.1	python_raw	ncbi	exact	NG_011631.1:raw:601	NG_011631.1:ncbi:ORF1166_NG_011631.1	1.0
NG_011631.1	python_raw	ncbi	exact	NG_011631.1:raw:602	NG_011631.1:ncbi:ORF61_NG_011631.1	1.0
NG_011631.1	python_raw	ncbi	exact	NG_011631.1:raw:603	NG_011631.1:ncbi:ORF873_NG_011631.1	1.0
NG_011631.1	python_raw	ncbi	exact	NG_011631.1:raw:604	NG_011631.1:ncbi:ORF597_NG_011631.1	1.0
NG_011631.1	python_raw	ncbi	exact	NG_011631.1:raw:605	NG_011631.1:ncbi:ORF892_NG_011631.1	1.0
NG_011631.1	python_raw	ncbi	exact	NG_011631.1:raw:606	NG_011631.1:ncbi:ORF894_NG_011631.1	1.0
NG_011631.1	python_raw	ncbi	exact	NG_011631.1:raw:607	NG_011631.1:ncbi:ORF607_NG_011631.1	1.0
NG_011631.1	python_raw	ncbi	exact	NG_011631.1:raw:608	NG_011631.1:ncbi:ORF95_NG_011631.1	1.0
NG_011631.1	python_raw	ncbi	exact	NG_011631.1:raw:609	NG_011631.1:ncbi:ORF1483_NG_011631.1	1.0
NG_011631.1	python_raw	ncbi	exact	NG_011631.1:raw:61	NG_011631.1:ncbi:ORF543_NG_011631.1	1.0
NG_011631.1	python_raw	ncbi	exact	NG_011631.1:raw:610	NG_011631.1:ncbi:ORF1244_NG_011631.1	1.0
NG_011631.1	python_raw	ncbi	exact	NG_011631.1:raw:611	NG_011631.1:ncbi:ORF679_NG_011631.1	1.0
NG_011631.1	python_raw	ncbi	exact	NG_011631.1:raw:612	NG_011631.1:ncbi:ORF976_NG_011631.1	1.0
NG_011631.1	python_raw	ncbi	exact	NG_011631.1:raw:613	NG_011631.1:ncbi:ORF410_NG_011631.1	1.0
NG_011631.1	python_raw	ncbi	exact	NG_011631.1:raw:614	NG_011631.1:ncbi:ORF993_NG_011631.1	1.0
NG_011631.1	python_raw	ncbi	exact	NG_011631.1:raw:615	NG_011631.1:ncbi:ORF1006_NG_011631.1	1.0
NG_011631.1	python_raw	ncbi	exact	NG_011631.1:raw:616	NG_011631.1:ncbi:ORF437_NG_011631.1	1.0
NG_011631.1	python_raw	ncbi	exact	NG_011631.1:raw:617	NG_011631.1:ncbi:ORF1018_NG_011631.1	1.0
NG_011631.1	python_raw	ncbi	exact	NG_011631.1:raw:618	NG_011631.1:ncbi:ORF1027_NG_011631.1	1.0
NG_011631.1	python_raw	ncbi	exact	NG_011631.1:raw:619	NG_011631.1:ncbi:ORF1574_NG_011631.1	1.0
NG_011631.1	python_raw	ncbi	exact	NG_011631.1:raw:62	NG_011631.1:ncbi:ORF662_NG_011631.1	1.0
NG_011631.1	python_raw	ncbi	exact	NG_011631.1:raw:620	NG_011631.1:ncbi:ORF1577_NG_011631.1	1.0
NG_011631.1	python_raw	ncbi	exact	NG_011631.1:raw:621	NG_011631.1:ncbi:ORF463_NG_011631.1	1.0
NG_011631.1	python_raw	ncbi	exact	NG_011631.1:raw:622	NG_011631.1:ncbi:ORF1045_NG_011631.1	1.0
NG_011631.1	python_raw	ncbi	exact	NG_011631.1:raw:623	NG_011631.1:ncbi:ORF1315_NG_011631.1	1.0
NG_011631.1	python_raw	ncbi	exact	NG_011631.1:raw:624	NG_011631.1:ncbi:ORF467_NG_011631.1	1.0
NG_011631.1	python_raw	ncbi	exact	NG_011631.1:raw:625	NG_011631.1:ncbi:ORF1325_NG_011631.1	1.0
NG_011631.1	python_raw	ncbi	exact	NG_011631.1:raw:626	NG_011631.1:ncbi:ORF774_NG_011631.1	1.0
NG_011631.1	python_raw	ncbi	exact	NG_011631.1:raw:627	NG_011631.1:ncbi:ORF1334_NG_011631.1	1.0
NG_011631.1	python_raw	ncbi	exact	NG_011631.1:raw:628	NG_011631.1:ncbi:ORF1341_NG_011631.1	1.0
NG_011631.1	python_raw	ncbi	exact	NG_011631.1:raw:629	NG_011631.1:ncbi:ORF1071_NG_011631.1	1.0
NG_011631.1	python_raw	ncbi	exact	NG_011631.1:raw:63	NG_011631.1:ncbi:ORF1100_NG_011631.1	1.0
NG_011631.1	python_raw	ncbi	exact	NG_011631.1:raw:630	NG_011631.1:ncbi:ORF1349_NG_011631.1	1.0
NG_011631.1	python_raw	ncbi	exact	NG_011631.1:raw:631	NG_011631.1:ncbi:ORF260_NG_011631.1	1.0
NG_011631.1	python_raw	ncbi	exact	NG_011631.1:raw:632	NG_011631.1:ncbi:ORF822_NG_011631.1	1.0
NG_011631.1	python_raw	ncbi	exact	NG_011631.1:raw:633	NG_011631.1:ncbi:ORF524_NG_011631.1	1.0
NG_011631.1	python_raw	ncbi	exact	NG_011631.1:raw:634	NG_011631.1:ncbi:ORF833_NG_011631.1	1.0
NG_011631.1	python_raw	ncbi	exact	NG_011631.1:raw:635	NG_011631.1:ncbi:ORF1146_NG_011631.1	1.0
NG_011631.1	python_raw	ncbi	exact	NG_011631.1:raw:636	NG_011631.1:ncbi:ORF52_NG_011631.1	1.0
NG_011631.1	python_raw	ncbi	exact	NG_011631.1:raw:637	NG_011631.1:ncbi:ORF575_NG_011631.1	1.0
NG_011631.1	python_raw	ncbi	exact	NG_011631.1:raw:638	NG_011631.1:ncbi:ORF1160_NG_011631.1	1.0
NG_011631.1	python_raw	ncbi	exact	NG_011631.1:raw:639	NG_011631.1:ncbi:ORF1415_NG_011631.1	1.0
NG_011631.1	python_raw	ncbi	exact	NG_011631.1:raw:64	NG_011631.1:ncbi:ORF835_NG_011631.1	1.0
NG_011631.1	python_raw	ncbi	exact	NG_011631.1:raw:640	NG_011631.1:ncbi:ORF879_NG_011631.1	1.0
NG_011631.1	python_raw	ncbi	exact	NG_011631.1:raw:641	NG_011631.1:ncbi:ORF893_NG_011631.1	1.0
NG_011631.1	python_raw	ncbi	exact	NG_011631.1:raw:642	NG_011631.1:ncbi:ORF903_NG_011631.1	1.0
NG_011631.1	python_raw	ncbi	exact	NG_011631.1:raw:643	NG_011631.1:ncbi:ORF1455_NG_011631.1	1.0
NG_011631.1	python_raw	ncbi	exact	NG_011631.1:raw:644	NG_011631.1:ncbi:ORF374_NG_011631.1	1.0
NG_011631.1	python_raw	ncbi	exact	NG_011631.1:raw:645	NG_011631.1:ncbi:ORF1219_NG_011631.1	1.0
NG_011631.1	python_raw	ncbi	exact	NG_011631.1:raw:646	NG_011631.1:ncbi:ORF1490_NG_011631.1	1.0
NG_011631.1	python_raw	ncbi	exact	NG_011631.1:raw:647	NG_011631.1:ncbi:ORF1232_NG_011631.1	1.0
NG_011631.1	python_raw	ncbi	exact	NG_011631.1:raw:648	NG_011631.1:ncbi:ORF1498_NG_011631.1	1.0
NG_011631.1	python_raw	ncbi	exact	NG_011631.1:raw:649	NG_011631.1:ncbi:ORF394_NG_011631.1	1.0
NG_011631.1	python_raw	ncbi	exact	NG_011631.1:raw:65	NG_011631.1:ncbi:ORF1177_NG_011631.1	1.0
NG_011631.1	python_raw	ncbi	exact	NG_011631.1:raw:650	NG_011631.1:ncbi:ORF954_NG_011631.1	1.0
NG_011631.1	python_raw	ncbi	exact	NG_011631.1:raw:651	NG_011631.1:ncbi:ORF696_NG_011631.1	1.0
NG_011631.1	python_raw	ncbi	exact	NG_011631.1:raw:652	NG_011631.1:ncbi:ORF1521_NG_011631.1	1.0
NG_011631.1	python_raw	ncbi	exact	NG_011631.1:raw:653	NG_011631.1:ncbi:ORF1533_NG_011631.1	1.0
NG_011631.1	python_raw	ncbi	exact	NG_011631.1:raw:654	NG_011631.1:ncbi:ORF423_NG_011631.1	1.0
NG_011631.1	python_raw	ncbi	exact	NG_011631.1:raw:655	NG_011631.1:ncbi:ORF1286_NG_011631.1	1.0
NG_011631.1	python_raw	ncbi	exact	NG_011631.1:raw:656	NG_011631.1:ncbi:ORF1297_NG_011631.1	1.0
NG_011631.1	python_raw	ncbi	exact	NG_011631.1:raw:657	NG_011631.1:ncbi:ORF197_NG_011631.1	1.0
NG_011631.1	python_raw	ncbi	exact	NG_011631.1:raw:658	NG_011631.1:ncbi:ORF481_NG_011631.1	1.0
NG_011631.1	python_raw	ncbi	exact	NG_011631.1:raw:659	NG_011631.1:ncbi:ORF1068_NG_011631.1	1.0
NG_011631.1	python_raw	ncbi	exact	NG_011631.1:raw:66	NG_011631.1:ncbi:ORF792_NG_011631.1	1.0
NG_011631.1	python_raw	ncbi	exact	NG_011631.1:raw:660	NG_011631.1:ncbi:ORF238_NG_011631.1	1.0
NG_011631.1	python_raw	ncbi	exact	NG_011631.1:raw:661	NG_011631.1:ncbi:ORF1621_NG_011631.1	1.0
NG_011631.1	python_raw	ncbi	exact	NG_011631.1:raw:662	NG_011631.1:ncbi:ORF506_NG_011631.1	1.0
NG_011631.1	python_raw	ncbi	exact	NG_011631.1:raw:663	NG_011631.1:ncbi:ORF851_NG_011631.1	1.0
NG_011631.1	python_raw	ncbi	exact	NG_011631.1:raw:664	NG_011631.1:ncbi:ORF857_NG_011631.1	1.0
NG_011631.1	python_raw	ncbi	exact	NG_011631.1:raw:665	NG_011631.1:ncbi:ORF1152_NG_011631.1	1.0
NG_011631.1	python_raw	ncbi	exact	NG_011631.1:raw:666	NG_011631.1:ncbi:ORF1159_NG_011631.1	1.0
NG_011631.1	python_raw	ncbi	exact	NG_011631.1:raw:667	NG_011631.1:ncbi:ORF867_NG_011631.1	1.0
NG_011631.1	python_raw	ncbi	exact	NG_011631.1:raw:668	NG_011631.1:ncbi:ORF1162_NG_011631.1	1.0
NG_011631.1	python_raw	ncbi	exact	NG_011631.1:raw:669	NG_011631.1:ncbi:ORF581_NG_011631.1	1.0
NG_011631.1	python_raw	ncbi	exact	NG_011631.1:raw:67	NG_011631.1:ncbi:ORF140_NG_011631.1	1.0
NG_011631.1	python_raw	ncbi	exact	NG_011631.1:raw:670	NG_011631.1:ncbi:ORF582_NG_011631.1	1.0
NG_011631.1	python_raw	ncbi	exact	NG_011631.1:raw:671	NG_011631.1:ncbi:ORF1193_NG_011631.1	1.0
NG_011631.1	python_raw	ncbi	exact	NG_011631.1:raw:672	NG_011631.1:ncbi:ORF1200_NG_011631.1	1.0
NG_011631.1	python_raw	ncbi	exact	NG_011631.1:raw:673	NG_011631.1:ncbi:ORF369_NG_011631.1	1.0
NG_011631.1	python_raw	ncbi	exact	NG_011631.1:raw:674	NG_011631.1:ncbi:ORF657_NG_011631.1	1.0
NG_011631.1	python_raw	ncbi	exact	NG_011631.1:raw:675	NG_011631.1:ncbi:ORF1226_NG_011631.1	1.0
NG_011631.1	python_raw	ncbi	exact	NG_011631.1:raw:676	NG_011631.1:ncbi:ORF128_NG_011631.1	1.0
NG_011631.1	python_raw	ncbi	exact	NG_011631.1:raw:677	NG_011631.1:ncbi:ORF670_NG_011631.1	1.0
NG_011631.1	python_raw	ncbi	exact	NG_011631.1:raw:678	NG_011631.1:ncbi:ORF948_NG_011631.1	1.0
NG_011631.1	python_raw	ncbi	exact	NG_011631.1:raw:679	NG_011631.1:ncbi:ORF142_NG_011631.1	1.0
NG_011631.1	python_raw	ncbi	exact	NG_011631.1:raw:68	NG_011631.1:ncbi:ORF1516_NG_011631.1	1.0
NG_011631.1	python_raw	ncbi	exact	NG_011631.1:raw:680	NG_011631.1:ncbi:ORF1250_NG_011631.1	1.0
NG_011631.1	python_raw	ncbi	exact	NG_011631.1:raw:681	NG_011631.1:ncbi:ORF690_NG_011631.1	1.0
NG_011631.1	python_raw	ncbi	exact	NG_011631.1:raw:682	NG_011631.1:ncbi:ORF694_NG_011631.1	1.0
NG_011631.1	python_raw	ncbi	exact	NG_011631.1:raw:683	NG_011631.1:ncbi:ORF408_NG_011631.1	1.0
NG_011631.1	python_raw	ncbi	exact	NG_011631.1:raw:684	NG_011631.1:ncbi:ORF985_NG_011631.1	1.0
NG_011631.1	python_raw	ncbi	exact	NG_011631.1:raw:685	NG_011631.1:ncbi:ORF704_NG_011631.1	1.0
NG_011631.1	python_raw	ncbi	exact	NG_011631.1:raw:686	NG_011631.1:ncbi:ORF992_NG_011631.1	1.0
NG_011631.1	python_raw	ncbi	exact	NG_011631.1:raw:687	NG_011631.1:ncbi:ORF167_NG_011631.1	1.0
NG_011631.1	python_raw	ncbi	exact	NG_011631.1:raw:688	NG_011631.1:ncbi:ORF713_NG_011631.1	1.0
NG_011631.1	python_raw	ncbi	exact	NG_011631.1:raw:689	NG_011631.1:ncbi:ORF1558_NG_011631.1	1.0
NG_011631.1	python_raw	ncbi	exact	NG_011631.1:raw:69	NG_011631.1:ncbi:ORF1211_NG_011631.1	1.0
NG_011631.1	python_raw	ncbi	exact	NG_011631.1:raw:690	NG_011631.1:ncbi:ORF1560_NG_011631.1	1.0
NG_011631.1	python_raw	ncbi	exact	NG_011631.1:raw:691	NG_011631.1:ncbi:ORF1298_NG_011631.1	1.0
NG_011631.1	python_raw	ncbi	exact	NG_011631.1:raw:692	NG_011631.1:ncbi:ORF1563_NG_011631.1	1.0
NG_011631.1	python_raw	ncbi	exact	NG_011631.1:raw:693	NG_011631.1:ncbi:ORF1038_NG_011631.1	1.0
NG_011631.1	python_raw	ncbi	exact	NG_011631.1:raw:694	NG_011631.1:ncbi:ORF205_NG_011631.1	1.0
NG_011631.1	python_raw	ncbi	exact	NG_011631.1:raw:695	NG_011631.1:ncbi:ORF1319_NG_011631.1	1.0
NG_011631.1	python_raw	ncbi	exact	NG_011631.1:raw:696	NG_011631.1:ncbi:ORF473_NG_011631.1	1.0
NG_011631.1	python_raw	ncbi	exact	NG_011631.1:raw:697	NG_011631.1:ncbi:ORF483_NG_011631.1	1.0
NG_011631.1	python_raw	ncbi	exact	NG_011631.1:raw:698	NG_011631.1:ncbi:ORF1064_NG_011631.1	1.0
NG_011631.1	python_raw	ncbi	exact	NG_011631.1:raw:699	NG_011631.1:ncbi:ORF781_NG_011631.1	1.0
NG_011631.1	python_raw	ncbi	exact	NG_011631.1:raw:7	NG_011631.1:ncbi:ORF651_NG_011631.1	1.0
NG_011631.1	python_raw	ncbi	exact	NG_011631.1:raw:70	NG_011631.1:ncbi:ORF953_NG_011631.1	1.0
NG_011631.1	python_raw	ncbi	exact	NG_011631.1:raw:700	NG_011631.1:ncbi:ORF782_NG_011631.1	1.0
NG_011631.1	python_raw	ncbi	exact	NG_011631.1:raw:701	NG_011631.1:ncbi:ORF1614_NG_011631.1	1.0
NG_011631.1	python_raw	ncbi	exact	NG_011631.1:raw:702	NG_011631.1:ncbi:ORF496_NG_011631.1	1.0
NG_011631.1	python_raw	ncbi	exact	NG_011631.1:raw:703	NG_011631.1:ncbi:ORF1622_NG_011631.1	1.0
NG_011631.1	python_raw	ncbi	exact	NG_011631.1:raw:704	NG_011631.1:ncbi:ORF502_NG_011631.1	1.0
NG_011631.1	python_raw	ncbi	exact	NG_011631.1:raw:705	NG_011631.1:ncbi:ORF806_NG_011631.1	1.0
NG_011631.1	python_raw	ncbi	exact	NG_011631.1:raw:706	NG_011631.1:ncbi:ORF838_NG_011631.1	1.0
NG_011631.1	python_raw	ncbi	exact	NG_011631.1:raw:707	NG_011631.1:ncbi:ORF24_NG_011631.1	1.0
NG_011631.1	python_raw	ncbi	exact	NG_011631.1:raw:708	NG_011631.1:ncbi:ORF1135_NG_011631.1	1.0
NG_011631.1	python_raw	ncbi	exact	NG_011631.1:raw:709	NG_011631.1:ncbi:ORF550_NG_011631.1	1.0
NG_011631.1	python_raw	ncbi	exact	NG_011631.1:raw:71	NG_011631.1:ncbi:ORF176_NG_011631.1	1.0
NG_011631.1	python_raw	ncbi	exact	NG_011631.1:raw:710	NG_011631.1:ncbi:ORF1395_NG_011631.1	1.0
NG_011631.1	python_raw	ncbi	exact	NG_011631.1:raw:711	NG_011631.1:ncbi:ORF297_NG_011631.1	1.0
NG_011631.1	python_raw	ncbi	exact	NG_011631.1:raw:712	NG_011631.1:ncbi:ORF1161_NG_011631.1	1.0
NG_011631.1	python_raw	ncbi	exact	NG_011631.1:raw:713	NG_011631.1:ncbi:ORF869_NG_011631.1	1.0
NG_011631.1	python_raw	ncbi	exact	NG_011631.1:raw:714	NG_011631.1:ncbi:ORF312_NG_011631.1	1.0
NG_011631.1	python_raw	ncbi	exact	NG_011631.1:raw:715	NG_011631.1:ncbi:ORF315_NG_011631.1	1.0
NG_011631.1	python_raw	ncbi	exact	NG_011631.1:raw:716	NG_011631.1:ncbi:ORF881_NG_011631.1	1.0
NG_011631.1	python_raw	ncbi	exact	NG_011631.1:raw:717	NG_011631.1:ncbi:ORF321_NG_011631.1	1.0
NG_011631.1	python_raw	ncbi	exact	NG_011631.1:raw:718	NG_011631.1:ncbi:ORF906_NG_011631.1	1.0
NG_011631.1	python_raw	ncbi	exact	NG_011631.1:raw:719	NG_011631.1:ncbi:ORF1461_NG_011631.1	1.0
NG_011631.1	python_raw	ncbi	exact	NG_011631.1:raw:72	NG_011631.1:ncbi:ORF1339_NG_011631.1	1.0
NG_011631.1	python_raw	ncbi	exact	NG_011631.1:raw:720	NG_011631.1:ncbi:ORF102_NG_011631.1	1.0
NG_011631.1	python_raw	ncbi	exact	NG_011631.1:raw:721	NG_011631.1:ncbi:ORF1478_NG_011631.1	1.0
NG_011631.1	python_raw	ncbi	exact	NG_011631.1:raw:722	NG_011631.1:ncbi:ORF387_NG_011631.1	1.0
NG_011631.1	python_raw	ncbi	exact	NG_011631.1:raw:723	NG_011631.1:ncbi:ORF982_NG_011631.1	1.0
NG_011631.1	python_raw	ncbi	exact	NG_011631.1:raw:724	NG_011631.1:ncbi:ORF989_NG_011631.1	1.0
NG_011631.1	python_raw	ncbi	exact	NG_011631.1:raw:725	NG_011631.1:ncbi:ORF1272_NG_011631.1	1.0
NG_011631.1	python_raw	ncbi	exact	NG_011631.1:raw:726	NG_011631.1:ncbi:ORF424_NG_011631.1	1.0
NG_011631.1	python_raw	ncbi	exact	NG_011631.1:raw:727	NG_011631.1:ncbi:ORF718_NG_011631.1	1.0
NG_011631.1	python_raw	ncbi	exact	NG_011631.1:raw:728	NG_011631.1:ncbi:ORF1284_NG_011631.1	1.0
NG_011631.1	python_raw	ncbi	exact	NG_011631.1:raw:729	NG_011631.1:ncbi:ORF474_NG_011631.1	1.0
NG_011631.1	python_raw	ncbi	exact	NG_011631.1:raw:73	NG_011631.1:ncbi:ORF126_NG_011631.1	1.0
NG_011631.1	python_raw	ncbi	exact	NG_011631.1:raw:730	NG_011631.1:ncbi:ORF226_NG_011631.1	1.0
NG_011631.1	python_raw	ncbi	exact	NG_011631.1:raw:731	NG_011631.1:ncbi:ORF1348_NG_011631.1	1.0
NG_011631.1	python_raw	ncbi	exact	NG_011631.1:raw:732	NG_011631.1:ncbi:ORF1098_NG_011631.1	1.0
NG_011631.1	python_raw	ncbi	exact	NG_011631.1:raw:733	NG_011631.1:ncbi:ORF810_NG_011631.1	1.0
NG_011631.1	python_raw	ncbi	exact	NG_011631.1:raw:734	NG_011631.1:ncbi:ORF274_NG_011631.1	1.0
NG_011631.1	python_raw	ncbi	exact	NG_011631.1:raw:735	NG_011631.1:ncbi:ORF1122_NG_011631.1	1.0
NG_011631.1	python_raw	ncbi	exact	NG_011631.1:raw:736	NG_011631.1:ncbi:ORF22_NG_011631.1	1.0
NG_011631.1	python_raw	ncbi	exact	NG_011631.1:raw:737	NG_011631.1:ncbi:ORF849_NG_011631.1	1.0
NG_011631.1	python_raw	ncbi	exact	NG_011631.1:raw:738	NG_011631.1:ncbi:ORF1401_NG_011631.1	1.0
NG_011631.1	python_raw	ncbi	exact	NG_011631.1:raw:739	NG_011631.1:ncbi:ORF1150_NG_011631.1	1.0
NG_011631.1	python_raw	ncbi	exact	NG_011631.1:raw:74	NG_011631.1:ncbi:ORF147_NG_011631.1	1.0
NG_011631.1	python_raw	ncbi	exact	NG_011631.1:raw:740	NG_011631.1:ncbi:ORF876_NG_011631.1	1.0
NG_011631.1	python_raw	ncbi	exact	NG_011631.1:raw:741	NG_011631.1:ncbi:ORF1431_NG_011631.1	1.0
NG_011631.1	python_raw	ncbi	exact	NG_011631.1:raw:742	NG_011631.1:ncbi:ORF1435_NG_011631.1	1.0
NG_011631.1	python_raw	ncbi	exact	NG_011631.1:raw:743	NG_011631.1:ncbi:ORF328_NG_011631.1	1.0
NG_011631.1	python_raw	ncbi	exact	NG_011631.1:raw:744	NG_011631.1:ncbi:ORF898_NG_011631.1	1.0
NG_011631.1	python_raw	ncbi	exact	NG_011631.1:raw:745	NG_011631.1:ncbi:ORF94_NG_011631.1	1.0
NG_011631.1	python_raw	ncbi	exact	NG_011631.1:raw:746	NG_011631.1:ncbi:ORF1465_NG_011631.1	1.0
NG_011631.1	python_raw	ncbi	exact	NG_011631.1:raw:747	NG_011631.1:ncbi:ORF631_NG_011631.1	1.0
NG_011631.1	python_raw	ncbi	exact	NG_011631.1:raw:748	NG_011631.1:ncbi:ORF1468_NG_011631.1	1.0
NG_011631.1	python_raw	ncbi	exact	NG_011631.1:raw:749	NG_011631.1:ncbi:ORF1208_NG_011631.1	1.0
NG_011631.1	python_raw	ncbi	exact	NG_011631.1:raw:75	NG_011631.1:ncbi:ORF1245_NG_011631.1	1.0
NG_011631.1	python_raw	ncbi	exact	NG_011631.1:raw:750	NG_011631.1:ncbi:ORF1229_NG_011631.1	1.0
NG_011631.1	python_raw	ncbi	exact	NG_011631.1:raw:751	NG_011631.1:ncbi:ORF961_NG_011631.1	1.0
NG_011631.1	python_raw	ncbi	exact	NG_011631.1:raw:752	NG_011631.1:ncbi:ORF967_NG_011631.1	1.0
NG_011631.1	python_raw	ncbi	exact	NG_011631.1:raw:753	NG_011631.1:ncbi:ORF1263_NG_011631.1	1.0
NG_011631.1	python_raw	ncbi	exact	NG_011631.1:raw:754	NG_011631.1:ncbi:ORF1541_NG_011631.1	1.0
NG_011631.1	python_raw	ncbi	exact	NG_011631.1:raw:755	NG_011631.1:ncbi:ORF445_NG_011631.1	1.0
NG_011631.1	python_raw	ncbi	exact	NG_011631.1:raw:756	NG_011631.1:ncbi:ORF1291_NG_011631.1	1.0
NG_011631.1	python_raw	ncbi	exact	NG_011631.1:raw:757	NG_011631.1:ncbi:ORF185_NG_011631.1	1.0
NG_011631.1	python_raw	ncbi	exact	NG_011631.1:raw:758	NG_011631.1:ncbi:ORF1575_NG_011631.1	1.0
NG_011631.1	python_raw	ncbi	exact	NG_011631.1:raw:759	NG_011631.1:ncbi:ORF1321_NG_011631.1	1.0
NG_011631.1	python_raw	ncbi	exact	NG_011631.1:raw:76	NG_011631.1:ncbi:ORF1269_NG_011631.1	1.0
NG_011631.1	python_raw	ncbi	exact	NG_011631.1:raw:760	NG_011631.1:ncbi:ORF219_NG_011631.1	1.0
NG_011631.1	python_raw	ncbi	exact	NG_011631.1:raw:761	NG_011631.1:ncbi:ORF1602_NG_011631.1	1.0
NG_011631.1	python_raw	ncbi	exact	NG_011631.1:raw:762	NG_011631.1:ncbi:ORF258_NG_011631.1	1.0
NG_011631.1	python_raw	ncbi	exact	NG_011631.1:raw:763	NG_011631.1:ncbi:ORF5_NG_011631.1	1.0
NG_011631.1	python_raw	ncbi	exact	NG_011631.1:raw:764	NG_011631.1:ncbi:ORF10_NG_011631.1	1.0
NG_011631.1	python_raw	ncbi	exact	NG_011631.1:raw:765	NG_011631.1:ncbi:ORF1136_NG_011631.1	1.0
NG_011631.1	python_raw	ncbi	exact	NG_011631.1:raw:766	NG_011631.1:ncbi:ORF41_NG_011631.1	1.0
NG_011631.1	python_raw	ncbi	exact	NG_011631.1:raw:767	NG_011631.1:ncbi:ORF564_NG_011631.1	1.0
NG_011631.1	python_raw	ncbi	exact	NG_011631.1:raw:768	NG_011631.1:ncbi:ORF46_NG_011631.1	1.0
NG_011631.1	python_raw	ncbi	exact	NG_011631.1:raw:769	NG_011631.1:ncbi:ORF50_NG_011631.1	1.0
NG_011631.1	python_raw	ncbi	exact	NG_011631.1:raw:77	NG_011631.1:ncbi:ORF1102_NG_011631.1	1.0
NG_011631.1	python_raw	ncbi	exact	NG_011631.1:raw:770	NG_011631.1:ncbi:ORF307_NG_011631.1	1.0
NG_011631.1	python_raw	ncbi	exact	NG_011631.1:raw:771	NG_011631.1:ncbi:ORF865_NG_011631.1	1.0
NG_011631.1	python_raw	ncbi	exact	NG_011631.1:raw:772	NG_011631.1:ncbi:ORF57_NG_011631.1	1.0
NG_011631.1	python_raw	ncbi	exact	NG_011631.1:raw:773	NG_011631.1:ncbi:ORF310_NG_011631.1	1.0
NG_011631.1	python_raw	ncbi	exact	NG_011631.1:raw:774	NG_011631.1:ncbi:ORF1436_NG_011631.1	1.0
NG_011631.1	python_raw	ncbi	exact	NG_011631.1:raw:775	NG_011631.1:ncbi:ORF600_NG_011631.1	1.0
NG_011631.1	python_raw	ncbi	exact	NG_011631.1:raw:776	NG_011631.1:ncbi:ORF603_NG_011631.1	1.0
NG_011631.1	python_raw	ncbi	exact	NG_011631.1:raw:777	NG_011631.1:ncbi:ORF611_NG_011631.1	1.0
NG_011631.1	python_raw	ncbi	exact	NG_011631.1:raw:778	NG_011631.1:ncbi:ORF1457_NG_011631.1	1.0
NG_011631.1	python_raw	ncbi	exact	NG_011631.1:raw:779	NG_011631.1:ncbi:ORF356_NG_011631.1	1.0
NG_011631.1	python_raw	ncbi	exact	NG_011631.1:raw:78	NG_011631.1:ncbi:ORF1005_NG_011631.1	1.0
NG_011631.1	python_raw	ncbi	exact	NG_011631.1:raw:780	NG_011631.1:ncbi:ORF1486_NG_011631.1	1.0
NG_011631.1	python_raw	ncbi	exact	NG_011631.1:raw:781	NG_011631.1:ncbi:ORF936_NG_011631.1	1.0
NG_011631.1	python_raw	ncbi	exact	NG_011631.1:raw:782	NG_011631.1:ncbi:ORF120_NG_011631.1	1.0
NG_011631.1	python_raw	ncbi	exact	NG_011631.1:raw:783	NG_011631.1:ncbi:ORF1495_NG_011631.1	1.0
NG_011631.1	python_raw	ncbi	exact	NG_011631.1:raw:784	NG_011631.1:ncbi:ORF1504_NG_011631.1	1.0
NG_011631.1	python_raw	ncbi	exact	NG_011631.1:raw:785	NG_011631.1:ncbi:ORF1243_NG_011631.1	1.0
NG_011631.1	python_raw	ncbi	exact	NG_011631.1:raw:786	NG_011631.1:ncbi:ORF401_NG_011631.1	1.0
NG_011631.1	python_raw	ncbi	exact	NG_011631.1:raw:787	NG_011631.1:ncbi:ORF703_NG_011631.1	1.0
NG_011631.1	python_raw	ncbi	exact	NG_011631.1:raw:788	NG_011631.1:ncbi:ORF999_NG_011631.1	1.0
NG_011631.1	python_raw	ncbi	exact	NG_011631.1:raw:789	NG_011631.1:ncbi:ORF430_NG_011631.1	1.0
NG_011631.1	python_raw	ncbi	exact	NG_011631.1:raw:79	NG_011631.1:ncbi:ORF1049_NG_011631.1	1.0
NG_011631.1	python_raw	ncbi	exact	NG_011631.1:raw:790	NG_011631.1:ncbi:ORF1556_NG_011631.1	1.0
NG_011631.1	python_raw	ncbi	exact	NG_011631.1:raw:791	NG_011631.1:ncbi:ORF183_NG_011631.1	1.0
NG_011631.1	python_raw	ncbi	exact	NG_011631.1:raw:792	NG_011631.1:ncbi:ORF1294_NG_011631.1	1.0
NG_011631.1	python_raw	ncbi	exact	NG_011631.1:raw:793	NG_011631.1:ncbi:ORF451_NG_011631.1	1.0
NG_011631.1	python_raw	ncbi	exact	NG_011631.1:raw:794	NG_011631.1:ncbi:ORF739_NG_011631.1	1.0
NG_011631.1	python_raw	ncbi	exact	NG_011631.1:raw:795	NG_011631.1:ncbi:ORF198_NG_011631.1	1.0
NG_011631.1	python_raw	ncbi	exact	NG_011631.1:raw:796	NG_011631.1:ncbi:ORF1039_NG_011631.1	1.0
NG_011631.1	python_raw	ncbi	exact	NG_011631.1:raw:797	NG_011631.1:ncbi:ORF1586_NG_011631.1	1.0
NG_011631.1	python_raw	ncbi	exact	NG_011631.1:raw:798	NG_011631.1:ncbi:ORF1054_NG_011631.1	1.0
NG_011631.1	python_raw	ncbi	exact	NG_011631.1:raw:799	NG_011631.1:ncbi:ORF1605_NG_011631.1	1.0
NG_011631.1	python_raw	ncbi	exact	NG_011631.1:raw:8	NG_011631.1:ncbi:ORF664_NG_011631.1	1.0
NG_011631.1	python_raw	ncbi	exact	NG_011631.1:raw:80	NG_011631.1:ncbi:ORF595_NG_011631.1	1.0
NG_011631.1	python_raw	ncbi	exact	NG_011631.1:raw:800	NG_011631.1:ncbi:ORF224_NG_011631.1	1.0
NG_011631.1	python_raw	ncbi	exact	NG_011631.1:raw:801	NG_011631.1:ncbi:ORF489_NG_011631.1	1.0
NG_011631.1	python_raw	ncbi	exact	NG_011631.1:raw:802	NG_011631.1:ncbi:ORF227_NG_011631.1	1.0
NG_011631.1	python_raw	ncbi	exact	NG_011631.1:raw:803	NG_011631.1:ncbi:ORF251_NG_011631.1	1.0
NG_011631.1	python_raw	ncbi	exact	NG_011631.1:raw:804	NG_011631.1:ncbi:ORF501_NG_011631.1	1.0
NG_011631.1	python_raw	ncbi	exact	NG_011631.1:raw:805	NG_011631.1:ncbi:ORF801_NG_011631.1	1.0
NG_011631.1	python_raw	ncbi	exact	NG_011631.1:raw:806	NG_011631.1:ncbi:ORF1636_NG_011631.1	1.0
NG_011631.1	python_raw	ncbi	exact	NG_011631.1:raw:807	NG_011631.1:ncbi:ORF1642_NG_011631.1	1.0
NG_011631.1	python_raw	ncbi	exact	NG_011631.1:raw:808	NG_011631.1:ncbi:ORF14_NG_011631.1	1.0
NG_011631.1	python_raw	ncbi	exact	NG_011631.1:raw:809	NG_011631.1:ncbi:ORF538_NG_011631.1	1.0
NG_011631.1	python_raw	ncbi	exact	NG_011631.1:raw:81	NG_011631.1:ncbi:ORF341_NG_011631.1	1.0
NG_011631.1	python_raw	ncbi	exact	NG_011631.1:raw:810	NG_011631.1:ncbi:ORF23_NG_011631.1	1.0
NG_011631.1	python_raw	ncbi	exact	NG_011631.1:raw:811	NG_011631.1:ncbi:ORF850_NG_011631.1	1.0
NG_011631.1	python_raw	ncbi	exact	NG_011631.1:raw:812	NG_011631.1:ncbi:ORF37_NG_011631.1	1.0
NG_011631.1	python_raw	ncbi	exact	NG_011631.1:raw:813	NG_011631.1:ncbi:ORF594_NG_011631.1	1.0
NG_011631.1	python_raw	ncbi	exact	NG_011631.1:raw:814	NG_011631.1:ncbi:ORF1433_NG_011631.1	1.0
NG_011631.1	python_raw	ncbi	exact	NG_011631.1:raw:815	NG_011631.1:ncbi:ORF1440_NG_011631.1	1.0
NG_011631.1	python_raw	ncbi	exact	NG_011631.1:raw:816	NG_011631.1:ncbi:ORF900_NG_011631.1	1.0
NG_011631.1	python_raw	ncbi	exact	NG_011631.1:raw:817	NG_011631.1:ncbi:ORF86_NG_011631.1	1.0
NG_011631.1	python_raw	ncbi	exact	NG_011631.1:raw:818	NG_011631.1:ncbi:ORF345_NG_011631.1	1.0
NG_011631.1	python_raw	ncbi	exact	NG_011631.1:raw:819	NG_011631.1:ncbi:ORF910_NG_011631.1	1.0
NG_011631.1	python_raw	ncbi	exact	NG_011631.1:raw:82	NG_011631.1:ncbi:ORF650_NG_011631.1	1.0
NG_011631.1	python_raw	ncbi	exact	NG_011631.1:raw:820	NG_011631.1:ncbi:ORF107_NG_011631.1	1.0
NG_011631.1	python_raw	ncbi	exact	NG_011631.1:raw:821	NG_011631.1:ncbi:ORF368_NG_011631.1	1.0
NG_011631.1	python_raw	ncbi	exact	NG_011631.1:raw:822	NG_011631.1:ncbi:ORF378_NG_011631.1	1.0
NG_011631.1	python_raw	ncbi	exact	NG_011631.1:raw:823	NG_011631.1:ncbi:ORF1223_NG_011631.1	1.0
NG_011631.1	python_raw	ncbi	exact	NG_011631.1:raw:824	NG_011631.1:ncbi:ORF1236_NG_011631.1	1.0
NG_011631.1	python_raw	ncbi	exact	NG_011631.1:raw:825	NG_011631.1:ncbi:ORF946_NG_011631.1	1.0
NG_011631.1	python_raw	ncbi	exact	NG_011631.1:raw:826	NG_011631.1:ncbi:ORF146_NG_011631.1	1.0
NG_011631.1	python_raw	ncbi	exact	NG_011631.1:raw:827	NG_011631.1:ncbi:ORF152_NG_011631.1	1.0
NG_011631.1	python_raw	ncbi	exact	NG_011631.1:raw:828	NG_011631.1:ncbi:ORF970_NG_011631.1	1.0
NG_011631.1	python_raw	ncbi	exact	NG_011631.1:raw:829	NG_011631.1:ncbi:ORF973_NG_011631.1	1.0
NG_011631.1	python_raw	ncbi	exact	NG_011631.1:raw:83	NG_011631.1:ncbi:ORF1239_NG_011631.1	1.0
NG_011631.1	python_raw	ncbi	exact	NG_011631.1:raw:830	NG_011631.1:ncbi:ORF419_NG_011631.1	1.0
NG_011631.1	python_raw	ncbi	exact	NG_011631.1:raw:831	NG_011631.1:ncbi:ORF1536_NG_011631.1	1.0
NG_011631.1	python_raw	ncbi	exact	NG_011631.1:raw:832	NG_011631.1:ncbi:ORF1553_NG_011631.1	1.0
NG_011631.1	python_raw	ncbi	exact	NG_011631.1:raw:833	NG_011631.1:ncbi:ORF1285_NG_011631.1	1.0
NG_011631.1	python_raw	ncbi	exact	NG_011631.1:raw:834	NG_011631.1:ncbi:ORF452_NG_011631.1	1.0
NG_011631.1	python_raw	ncbi	exact	NG_011631.1:raw:835	NG_011631.1:ncbi:ORF746_NG_011631.1	1.0
NG_011631.1	python_raw	ncbi	exact	NG_011631.1:raw:836	NG_011631.1:ncbi:ORF202_NG_011631.1	1.0
NG_011631.1	python_raw	ncbi	exact	NG_011631.1:raw:837	NG_011631.1:ncbi:ORF771_NG_011631.1	1.0
NG_011631.1	python_raw	ncbi	exact	NG_011631.1:raw:838	NG_011631.1:ncbi:ORF772_NG_011631.1	1.0
NG_011631.1	python_raw	ncbi	exact	NG_011631.1:raw:839	NG_011631.1:ncbi:ORF1326_NG_011631.1	1.0
NG_011631.1	python_raw	ncbi	exact	NG_011631.1:raw:84	NG_011631.1:ncbi:ORF797_NG_011631.1	1.0
NG_011631.1	python_raw	ncbi	exact	NG_011631.1:raw:840	NG_011631.1:ncbi:ORF223_NG_011631.1	1.0
NG_011631.1	python_raw	ncbi	exact	NG_011631.1:raw:841	NG_011631.1:ncbi:ORF1608_NG_011631.1	1.0
NG_011631.1	python_raw	ncbi	exact	NG_011631.1:raw:842	NG_011631.1:ncbi:ORF1338_NG_011631.1	1.0
NG_011631.1	python_raw	ncbi	exact	NG_011631.1:raw:843	NG_011631.1:ncbi:ORF235_NG_011631.1	1.0
NG_011631.1	python_raw	ncbi	exact	NG_011631.1:raw:844	NG_011631.1:ncbi:ORF1080_NG_011631.1	1.0
NG_011631.1	python_raw	ncbi	exact	NG_011631.1:raw:845	NG_011631.1:ncbi:ORF1084_NG_011631.1	1.0
NG_011631.1	python_raw	ncbi	exact	NG_011631.1:raw:846	NG_011631.1:ncbi:ORF514_NG_011631.1	1.0
NG_011631.1	python_raw	ncbi	exact	NG_011631.1:raw:847	NG_011631.1:ncbi:ORF266_NG_011631.1	1.0
NG_011631.1	python_raw	ncbi	exact	NG_011631.1:raw:848	NG_011631.1:ncbi:ORF1120_NG_011631.1	1.0
NG_011631.1	python_raw	ncbi	exact	NG_011631.1:raw:849	NG_011631.1:ncbi:ORF834_NG_011631.1	1.0
NG_011631.1	python_raw	ncbi	exact	NG_011631.1:raw:85	NG_011631.1:ncbi:ORF965_NG_011631.1	1.0
NG_011631.1	python_raw	ncbi	exact	NG_011631.1:raw:850	NG_011631.1:ncbi:ORF278_NG_011631.1	1.0
NG_011631.1	python_raw	ncbi	exact	NG_011631.1:raw:851	NG_011631.1:ncbi:ORF1390_NG_011631.1	1.0
NG_011631.1	python_raw	ncbi	exact	NG_011631.1:raw:852	NG_011631.1:ncbi:ORF852_NG_011631.1	1.0
NG_011631.1	python_raw	ncbi	exact	NG_011631.1:raw:853	NG_011631.1:ncbi:ORF35_NG_011631.1	1.0
NG_011631.1	python_raw	ncbi	exact	NG_011631.1:raw:854	NG_011631.1:ncbi:ORF854_NG_011631.1	1.0
NG_011631.1	python_raw	ncbi	exact	NG_011631.1:raw:855	NG_011631.1:ncbi:ORF305_NG_011631.1	1.0
NG_011631.1	python_raw	ncbi	exact	NG_011631.1:raw:856	NG_011631.1:ncbi:ORF864_NG_011631.1	1.0
NG_011631.1	python_raw	ncbi	exact	NG_011631.1:raw:857	NG_011631.1:ncbi:ORF583_NG_011631.1	1.0
NG_011631.1	python_raw	ncbi	exact	NG_011631.1:raw:858	NG_011631.1:ncbi:ORF63_NG_011631.1	1.0
NG_011631.1	python_raw	ncbi	exact	NG_011631.1:raw:859	NG_011631.1:ncbi:ORF1173_NG_011631.1	1.0
NG_011631.1	python_raw	ncbi	exact	NG_011631.1:raw:86	NG_011631.1:ncbi:ORF966_NG_011631.1	1.0
NG_011631.1	python_raw	ncbi	exact	NG_011631.1:raw:860	NG_011631.1:ncbi:ORF601_NG_011631.1	1.0
NG_011631.1	python_raw	ncbi	exact	NG_011631.1:raw:861	NG_011631.1:ncbi:ORF609_NG_011631.1	1.0
NG_011631.1	python_raw	ncbi	exact	NG_011631.1:raw:862	NG_011631.1:ncbi:ORF1456_NG_011631.1	1.0
NG_011631.1	python_raw	ncbi	exact	NG_011631.1:raw:863	NG_011631.1:ncbi:ORF634_NG_011631.1	1.0
NG_011631.1	python_raw	ncbi	exact	NG_011631.1:raw:864	NG_011631.1:ncbi:ORF1471_NG_011631.1	1.0
NG_011631.1	python_raw	ncbi	exact	NG_011631.1:raw:865	NG_011631.1:ncbi:ORF636_NG_011631.1	1.0
NG_011631.1	python_raw	ncbi	exact	NG_011631.1:raw:866	NG_011631.1:ncbi:ORF114_NG_011631.1	1.0
NG_011631.1	python_raw	ncbi	exact	NG_011631.1:raw:867	NG_011631.1:ncbi:ORF382_NG_011631.1	1.0
NG_011631.1	python_raw	ncbi	exact	NG_011631.1:raw:868	NG_011631.1:ncbi:ORF1494_NG_011631.1	1.0
NG_011631.1	python_raw	ncbi	exact	NG_011631.1:raw:869	NG_011631.1:ncbi:ORF386_NG_011631.1	1.0
NG_011631.1	python_raw	ncbi	exact	NG_011631.1:raw:87	NG_011631.1:ncbi:ORF836_NG_011631.1	1.0
NG_011631.1	python_raw	ncbi	exact	NG_011631.1:raw:870	NG_011631.1:ncbi:ORF1510_NG_011631.1	1.0
NG_011631.1	python_raw	ncbi	exact	NG_011631.1:raw:871	NG_011631.1:ncbi:ORF959_NG_011631.1	1.0
NG_011631.1	python_raw	ncbi	exact	NG_011631.1:raw:872	NG_011631.1:ncbi:ORF1268_NG_011631.1	1.0
NG_011631.1	python_raw	ncbi	exact	NG_011631.1:raw:873	NG_011631.1:ncbi:ORF996_NG_011631.1	1.0
NG_011631.1	python_raw	ncbi	exact	NG_011631.1:raw:874	NG_011631.1:ncbi:ORF1537_NG_011631.1	1.0
NG_011631.1	python_raw	ncbi	exact	NG_011631.1:raw:875	NG_011631.1:ncbi:ORF429_NG_011631.1	1.0
NG_011631.1	python_raw	ncbi	exact	NG_011631.1:raw:876	NG_011631.1:ncbi:ORF182_NG_011631.1	1.0
NG_011631.1	python_raw	ncbi	exact	NG_011631.1:raw:877	NG_011631.1:ncbi:ORF448_NG_011631.1	1.0
NG_011631.1	python_raw	ncbi	exact	NG_011631.1:raw:878	NG_011631.1:ncbi:ORF1296_NG_011631.1	1.0
NG_011631.1	python_raw	ncbi	exact	NG_011631.1:raw:879	NG_011631.1:ncbi:ORF455_NG_011631.1	1.0
NG_011631.1	python_raw	ncbi	exact	NG_011631.1:raw:88	NG_011631.1:ncbi:ORF1387_NG_011631.1	1.0
NG_011631.1	python_raw	ncbi	exact	NG_011631.1:raw:880	NG_011631.1:ncbi:ORF192_NG_011631.1	1.0
NG_011631.1	python_raw	ncbi	exact	NG_011631.1:raw:881	NG_011631.1:ncbi:ORF748_NG_011631.1	1.0
NG_011631.1	python_raw	ncbi	exact	NG_011631.1:raw:882	NG_011631.1:ncbi:ORF1589_NG_011631.1	1.0
NG_011631.1	python_raw	ncbi	exact	NG_011631.1:raw:883	NG_011631.1:ncbi:ORF471_NG_011631.1	1.0
NG_011631.1	python_raw	ncbi	exact	NG_011631.1:raw:884	NG_011631.1:ncbi:ORF1592_NG_011631.1	1.0
NG_011631.1	python_raw	ncbi	exact	NG_011631.1:raw:885	NG_011631.1:ncbi:ORF215_NG_011631.1	1.0
NG_011631.1	python_raw	ncbi	exact	NG_011631.1:raw:886	NG_011631.1:ncbi:ORF1599_NG_011631.1	1.0
NG_011631.1	python_raw	ncbi	exact	NG_011631.1:raw:887	NG_011631.1:ncbi:ORF1328_NG_011631.1	1.0
NG_011631.1	python_raw	ncbi	exact	NG_011631.1:raw:888	NG_011631.1:ncbi:ORF804_NG_011631.1	1.0
NG_011631.1	python_raw	ncbi	exact	NG_011631.1:raw:889	NG_011631.1:ncbi:ORF1369_NG_011631.1	1.0
NG_011631.1	python_raw	ncbi	exact	NG_011631.1:raw:89	NG_011631.1:ncbi:ORF1066_NG_011631.1	1.0
NG_011631.1	python_raw	ncbi	exact	NG_011631.1:raw:890	NG_011631.1:ncbi:ORF1110_NG_011631.1	1.0
NG_011631.1	python_raw	ncbi	exact	NG_011631.1:raw:891	NG_011631.1:ncbi:ORF270_NG_011631.1	1.0
NG_011631.1	python_raw	ncbi	exact	NG_011631.1:raw:892	NG_011631.1:ncbi:ORF1375_NG_011631.1	1.0
NG_011631.1	python_raw	ncbi	exact	NG_011631.1:raw:893	NG_011631.1:ncbi:ORF539_NG_011631.1	1.0
NG_011631.1	python_raw	ncbi	exact	NG_011631.1:raw:894	NG_011631.1:ncbi:ORF1140_NG_011631.1	1.0
NG_011631.1	python_raw	ncbi	exact	NG_011631.1:raw:895	NG_011631.1:ncbi:ORF563_NG_011631.1	1.0
NG_011631.1	python_raw	ncbi	exact	NG_011631.1:raw:896	NG_011631.1:ncbi:ORF44_NG_011631.1	1.0
NG_011631.1	python_raw	ncbi	exact	NG_011631.1:raw:897	NG_011631.1:ncbi:ORF1403_NG_011631.1	1.0
NG_011631.1	python_raw	ncbi	exact	NG_011631.1:raw:898	NG_011631.1:ncbi:ORF1409_NG_011631.1	1.0
NG_011631.1	python_raw	ncbi	exact	NG_011631.1:raw:899	NG_011631.1:ncbi:ORF1425_NG_011631.1	1.0
NG_011631.1	python_raw	ncbi	exact	NG_011631.1:raw:9	NG_011631.1:ncbi:ORF708_NG_011631.1	1.0
NG_011631.1	python_raw	ncbi	exact	NG_011631.1:raw:90	NG_011631.1:ncbi:ORF1337_NG_011631.1	1.0
NG_011631.1	python_raw	ncbi	exact	NG_011631.1:raw:900	NG_011631.1:ncbi:ORF1171_NG_011631.1	1.0
NG_011631.1	python_raw	ncbi	exact	NG_011631.1:raw:901	NG_011631.1:ncbi:ORF324_NG_011631.1	1.0
NG_011631.1	python_raw	ncbi	exact	NG_011631.1:raw:902	NG_011631.1:ncbi:ORF1186_NG_011631.1	1.0
NG_011631.1	python_raw	ncbi	exact	NG_011631.1:raw:903	NG_011631.1:ncbi:ORF81_NG_011631.1	1.0
NG_011631.1	python_raw	ncbi	exact	NG_011631.1:raw:904	NG_011631.1:ncbi:ORF1447_NG_011631.1	1.0
NG_011631.1	python_raw	ncbi	exact	NG_011631.1:raw:905	NG_011631.1:ncbi:ORF1453_NG_011631.1	1.0
NG_011631.1	python_raw	ncbi	exact	NG_011631.1:raw:906	NG_011631.1:ncbi:ORF624_NG_011631.1	1.0
NG_011631.1	python_raw	ncbi	exact	NG_011631.1:raw:907	NG_011631.1:ncbi:ORF92_NG_011631.1	1.0
NG_011631.1	python_raw	ncbi	exact	NG_011631.1:raw:908	NG_011631.1:ncbi:ORF100_NG_011631.1	1.0
NG_011631.1	python_raw	ncbi	exact	NG_011631.1:raw:909	NG_011631.1:ncbi:ORF351_NG_011631.1	1.0
NG_011631.1	python_raw	ncbi	exact	NG_011631.1:raw:91	NG_011631.1:ncbi:ORF273_NG_011631.1	1.0
NG_011631.1	python_raw	ncbi	exact	NG_011631.1:raw:910	NG_011631.1:ncbi:ORF924_NG_011631.1	1.0
NG_011631.1	python_raw	ncbi	exact	NG_011631.1:raw:911	NG_011631.1:ncbi:ORF116_NG_011631.1	1.0
NG_011631.1	python_raw	ncbi	exact	NG_011631.1:raw:912	NG_011631.1:ncbi:ORF1222_NG_011631.1	1.0
NG_011631.1	python_raw	ncbi	exact	NG_011631.1:raw:913	NG_011631.1:ncbi:ORF118_NG_011631.1	1.0
NG_011631.1	python_raw	ncbi	exact	NG_011631.1:raw:914	NG_011631.1:ncbi:ORF132_NG_011631.1	1.0
NG_011631.1	python_raw	ncbi	exact	NG_011631.1:raw:915	NG_011631.1:ncbi:ORF1240_NG_011631.1	1.0
NG_011631.1	python_raw	ncbi	exact	NG_011631.1:raw:916	NG_011631.1:ncbi:ORF675_NG_011631.1	1.0
NG_011631.1	python_raw	ncbi	exact	NG_011631.1:raw:917	NG_011631.1:ncbi:ORF676_NG_011631.1	1.0
NG_011631.1	python_raw	ncbi	exact	NG_011631.1:raw:918	NG_011631.1:ncbi:ORF148_NG_011631.1	1.0
NG_011631.1	python_raw	ncbi	exact	NG_011631.1:raw:919	NG_011631.1:ncbi:ORF1513_NG_011631.1	1.0
NG_011631.1	python_raw	ncbi	exact	NG_011631.1:raw:92	NG_011631.1:ncbi:ORF1384_NG_011631.1	1.0
NG_011631.1	python_raw	ncbi	exact	NG_011631.1:raw:920	NG_011631.1:ncbi:ORF680_NG_011631.1	1.0
NG_011631.1	python_raw	ncbi	exact	NG_011631.1:raw:921	NG_011631.1:ncbi:ORF1540_NG_011631.1	1.0
NG_011631.1	python_raw	ncbi	exact	NG_011631.1:raw:922	NG_011631.1:ncbi:ORF443_NG_011631.1	1.0
NG_011631.1	python_raw	ncbi	exact	NG_011631.1:raw:923	NG_011631.1:ncbi:ORF727_NG_011631.1	1.0
NG_011631.1	python_raw	ncbi	exact	NG_011631.1:raw:924	NG_011631.1:ncbi:ORF1292_NG_011631.1	1.0
NG_011631.1	python_raw	ncbi	exact	NG_011631.1:raw:925	NG_011631.1:ncbi:ORF454_NG_011631.1	1.0
NG_011631.1	python_raw	ncbi	exact	NG_011631.1:raw:926	NG_011631.1:ncbi:ORF1590_NG_011631.1	1.0
NG_011631.1	python_raw	ncbi	exact	NG_011631.1:raw:927	NG_011631.1:ncbi:ORF210_NG_011631.1	1.0
NG_011631.1	python_raw	ncbi	exact	NG_011631.1:raw:928	NG_011631.1:ncbi:ORF475_NG_011631.1	1.0
NG_011631.1	python_raw	ncbi	exact	NG_011631.1:raw:929	NG_011631.1:ncbi:ORF765_NG_011631.1	1.0
NG_011631.1	python_raw	ncbi	exact	NG_011631.1:raw:93	NG_011631.1:ncbi:ORF1141_NG_011631.1	1.0
NG_011631.1	python_raw	ncbi	exact	NG_011631.1:raw:930	NG_011631.1:ncbi:ORF1322_NG_011631.1	1.0
NG_011631.1	python_raw	ncbi	exact	NG_011631.1:raw:931	NG_011631.1:ncbi:ORF1061_NG_011631.1	1.0
NG_011631.1	python_raw	ncbi	exact	NG_011631.1:raw:932	NG_011631.1:ncbi:ORF485_NG_011631.1	1.0
NG_011631.1	python_raw	ncbi	exact	NG_011631.1:raw:933	NG_011631.1:ncbi:ORF234_NG_011631.1	1.0
NG_011631.1	python_raw	ncbi	exact	NG_011631.1:raw:934	NG_011631.1:ncbi:ORF1616_NG_011631.1	1.0
NG_011631.1	python_raw	ncbi	exact	NG_011631.1:raw:935	NG_011631.1:ncbi:ORF255_NG_011631.1	1.0
NG_011631.1	python_raw	ncbi	exact	NG_011631.1:raw:936	NG_011631.1:ncbi:ORF1627_NG_011631.1	1.0
NG_011631.1	python_raw	ncbi	exact	NG_011631.1:raw:937	NG_011631.1:ncbi:ORF1629_NG_011631.1	1.0
NG_011631.1	python_raw	ncbi	exact	NG_011631.1:raw:938	NG_011631.1:ncbi:ORF1633_NG_011631.1	1.0
NG_011631.1	python_raw	ncbi	exact	NG_011631.1:raw:939	NG_011631.1:ncbi:ORF812_NG_011631.1	1.0
NG_011631.1	python_raw	ncbi	exact	NG_011631.1:raw:94	NG_011631.1:ncbi:ORF77_NG_011631.1	1.0
NG_011631.1	python_raw	ncbi	exact	NG_011631.1:raw:940	NG_011631.1:ncbi:ORF545_NG_011631.1	1.0
NG_011631.1	python_raw	ncbi	exact	NG_011631.1:raw:941	NG_011631.1:ncbi:ORF1137_NG_011631.1	1.0
NG_011631.1	python_raw	ncbi	exact	NG_011631.1:raw:942	NG_011631.1:ncbi:ORF29_NG_011631.1	1.0
NG_011631.1	python_raw	ncbi	exact	NG_011631.1:raw:943	NG_011631.1:ncbi:ORF552_NG_011631.1	1.0
NG_011631.1	python_raw	ncbi	exact	NG_011631.1:raw:944	NG_011631.1:ncbi:ORF295_NG_011631.1	1.0
NG_011631.1	python_raw	ncbi	exact	NG_011631.1:raw:945	NG_011631.1:ncbi:ORF299_NG_011631.1	1.0
NG_011631.1	python_raw	ncbi	exact	NG_011631.1:raw:946	NG_011631.1:ncbi:ORF1410_NG_011631.1	1.0
NG_011631.1	python_raw	ncbi	exact	NG_011631.1:raw:947	NG_011631.1:ncbi:ORF577_NG_011631.1	1.0
NG_011631.1	python_raw	ncbi	exact	NG_011631.1:raw:948	NG_011631.1:ncbi:ORF1414_NG_011631.1	1.0
NG_011631.1	python_raw	ncbi	exact	NG_011631.1:raw:949	NG_011631.1:ncbi:ORF62_NG_011631.1	1.0
NG_011631.1	python_raw	ncbi	exact	NG_011631.1:raw:95	NG_011631.1:ncbi:ORF1283_NG_011631.1	1.0
NG_011631.1	python_raw	ncbi	exact	NG_011631.1:raw:950	NG_011631.1:ncbi:ORF68_NG_011631.1	1.0
NG_011631.1	python_raw	ncbi	exact	NG_011631.1:raw:951	NG_011631.1:ncbi:ORF1434_NG_011631.1	1.0
NG_011631.1	python_raw	ncbi	exact	NG_011631.1:raw:952	NG_011631.1:ncbi:ORF610_NG_011631.1	1.0
NG_011631.1	python_raw	ncbi	exact	NG_011631.1:raw:953	NG_011631.1:ncbi:ORF332_NG_011631.1	1.0
NG_011631.1	python_raw	ncbi	exact	NG_011631.1:raw:954	NG_011631.1:ncbi:ORF84_NG_011631.1	1.0
NG_011631.1	python_raw	ncbi	exact	NG_011631.1:raw:955	NG_011631.1:ncbi:ORF338_NG_011631.1	1.0
NG_011631.1	python_raw	ncbi	exact	NG_011631.1:raw:956	NG_011631.1:ncbi:ORF90_NG_011631.1	1.0
NG_011631.1	python_raw	ncbi	exact	NG_011631.1:raw:957	NG_011631.1:ncbi:ORF342_NG_011631.1	1.0
NG_011631.1	python_raw	ncbi	exact	NG_011631.1:raw:958	NG_011631.1:ncbi:ORF908_NG_011631.1	1.0
NG_011631.1	python_raw	ncbi	exact	NG_011631.1:raw:959	NG_011631.1:ncbi:ORF939_NG_011631.1	1.0
NG_011631.1	python_raw	ncbi	exact	NG_011631.1:raw:96	NG_011631.1:ncbi:ORF191_NG_011631.1	1.0
NG_011631.1	python_raw	ncbi	exact	NG_011631.1:raw:960	NG_011631.1:ncbi:ORF123_NG_011631.1	1.0
NG_011631.1	python_raw	ncbi	exact	NG_011631.1:raw:961	NG_011631.1:ncbi:ORF1231_NG_011631.1	1.0
NG_011631.1	python_raw	ncbi	exact	NG_011631.1:raw:962	NG_011631.1:ncbi:ORF1509_NG_011631.1	1.0
NG_011631.1	python_raw	ncbi	exact	NG_011631.1:raw:963	NG_011631.1:ncbi:ORF397_NG_011631.1	1.0
NG_011631.1	python_raw	ncbi	exact	NG_011631.1:raw:964	NG_011631.1:ncbi:ORF158_NG_011631.1	1.0
NG_011631.1	python_raw	ncbi	exact	NG_011631.1:raw:965	NG_011631.1:ncbi:ORF1523_NG_011631.1	1.0
NG_011631.1	python_raw	ncbi	exact	NG_011631.1:raw:966	NG_011631.1:ncbi:ORF1526_NG_011631.1	1.0
NG_011631.1	python_raw	ncbi	exact	NG_011631.1:raw:967	NG_011631.1:ncbi:ORF1264_NG_011631.1	1.0
NG_011631.1	python_raw	ncbi	exact	NG_011631.1:raw:968	NG_011631.1:ncbi:ORF709_NG_011631.1	1.0
NG_011631.1	python_raw	ncbi	exact	NG_011631.1:raw:969	NG_011631.1:ncbi:ORF1274_NG_011631.1	1.0
NG_011631.1	python_raw	ncbi	exact	NG_011631.1:raw:97	NG_011631.1:ncbi:ORF200_NG_011631.1	1.0
NG_011631.1	python_raw	ncbi	exact	NG_011631.1:raw:970	NG_011631.1:ncbi:ORF997_NG_011631.1	1.0
NG_011631.1	python_raw	ncbi	exact	NG_011631.1:raw:971	NG_011631.1:ncbi:ORF1275_NG_011631.1	1.0
NG_011631.1	python_raw	ncbi	exact	NG_011631.1:raw:972	NG_011631.1:ncbi:ORF1546_NG_011631.1	1.0
NG_011631.1	python_raw	ncbi	exact	NG_011631.1:raw:973	NG_011631.1:ncbi:ORF1010_NG_011631.1	1.0
NG_011631.1	python_raw	ncbi	exact	NG_011631.1:raw:974	NG_011631.1:ncbi:ORF728_NG_011631.1	1.0
NG_011631.1	python_raw	ncbi	exact	NG_011631.1:raw:975	NG_011631.1:ncbi:ORF733_NG_011631.1	1.0
NG_011631.1	python_raw	ncbi	exact	NG_011631.1:raw:976	NG_011631.1:ncbi:ORF1024_NG_011631.1	1.0
NG_011631.1	python_raw	ncbi	exact	NG_011631.1:raw:977	NG_011631.1:ncbi:ORF1565_NG_011631.1	1.0
NG_011631.1	python_raw	ncbi	exact	NG_011631.1:raw:978	NG_011631.1:ncbi:ORF453_NG_011631.1	1.0
NG_011631.1	python_raw	ncbi	exact	NG_011631.1:raw:979	NG_011631.1:ncbi:ORF741_NG_011631.1	1.0
NG_011631.1	python_raw	ncbi	exact	NG_011631.1:raw:98	NG_011631.1:ncbi:ORF1183_NG_011631.1	1.0
NG_011631.1	python_raw	ncbi	exact	NG_011631.1:raw:980	NG_011631.1:ncbi:ORF458_NG_011631.1	1.0
NG_011631.1	python_raw	ncbi	exact	NG_011631.1:raw:981	NG_011631.1:ncbi:ORF750_NG_011631.1	1.0
NG_011631.1	python_raw	ncbi	exact	NG_011631.1:raw:982	NG_011631.1:ncbi:ORF462_NG_011631.1	1.0
NG_011631.1	python_raw	ncbi	exact	NG_011631.1:raw:983	NG_011631.1:ncbi:ORF752_NG_011631.1	1.0
NG_011631.1	python_raw	ncbi	exact	NG_011631.1:raw:984	NG_011631.1:ncbi:ORF1041_NG_011631.1	1.0
NG_011631.1	python_raw	ncbi	exact	NG_011631.1:raw:985	NG_011631.1:ncbi:ORF203_NG_011631.1	1.0
NG_011631.1	python_raw	ncbi	exact	NG_011631.1:raw:986	NG_011631.1:ncbi:ORF207_NG_011631.1	1.0
NG_011631.1	python_raw	ncbi	exact	NG_011631.1:raw:987	NG_011631.1:ncbi:ORF1329_NG_011631.1	1.0
NG_011631.1	python_raw	ncbi	exact	NG_011631.1:raw:988	NG_011631.1:ncbi:ORF1065_NG_011631.1	1.0
NG_011631.1	python_raw	ncbi	exact	NG_011631.1:raw:989	NG_011631.1:ncbi:ORF1332_NG_011631.1	1.0
NG_011631.1	python_raw	ncbi	exact	NG_011631.1:raw:99	NG_011631.1:ncbi:ORF333_NG_011631.1	1.0
NG_011631.1	python_raw	ncbi	exact	NG_011631.1:raw:990	NG_011631.1:ncbi:ORF1607_NG_011631.1	1.0
NG_011631.1	python_raw	ncbi	exact	NG_011631.1:raw:991	NG_011631.1:ncbi:ORF490_NG_011631.1	1.0
NG_011631.1	python_raw	ncbi	exact	NG_011631.1:raw:992	NG_011631.1:ncbi:ORF1073_NG_011631.1	1.0
NG_011631.1	python_raw	ncbi	exact	NG_011631.1:raw:993	NG_011631.1:ncbi:ORF237_NG_011631.1	1.0
NG_011631.1	python_raw	ncbi	exact	NG_011631.1:raw:994	NG_011631.1:ncbi:ORF247_NG_011631.1	1.0
NG_011631.1	python_raw	ncbi	exact	NG_011631.1:raw:995	NG_011631.1:ncbi:ORF1085_NG_011631.1	1.0
NG_011631.1	python_raw	ncbi	exact	NG_011631.1:raw:996	NG_011631.1:ncbi:ORF1354_NG_011631.1	1.0
NG_011631.1	python_raw	ncbi	exact	NG_011631.1:raw:997	NG_011631.1:ncbi:ORF1361_NG_011631.1	1.0
NG_011631.1	python_raw	ncbi	exact	NG_011631.1:raw:998	NG_011631.1:ncbi:ORF507_NG_011631.1	1.0
NG_011631.1	python_raw	ncbi	exact	NG_011631.1:raw:999	NG_011631.1:ncbi:ORF808_NG_011631.1	1.0
NG_008181.2	adapter_corrected	ncbi	exact	NG_008181.2:adapter:1	NG_008181.2:ncbi:ORF67_NG_008181.2	1.0
NG_008181.2	adapter_corrected	ncbi	exact	NG_008181.2:adapter:10	NG_008181.2:ncbi:ORF11_NG_008181.2	1.0
NG_008181.2	adapter_corrected	ncbi	exact	NG_008181.2:adapter:11	NG_008181.2:ncbi:ORF2_NG_008181.2	1.0
NG_008181.2	adapter_corrected	ncbi	exact	NG_008181.2:adapter:12	NG_008181.2:ncbi:ORF52_NG_008181.2	1.0
NG_008181.2	adapter_corrected	ncbi	exact	NG_008181.2:adapter:13	NG_008181.2:ncbi:ORF53_NG_008181.2	1.0
NG_008181.2	adapter_corrected	ncbi	exact	NG_008181.2:adapter:14	NG_008181.2:ncbi:ORF21_NG_008181.2	1.0
NG_008181.2	adapter_corrected	ncbi	exact	NG_008181.2:adapter:15	NG_008181.2:ncbi:ORF19_NG_008181.2	1.0
NG_008181.2	adapter_corrected	ncbi	exact	NG_008181.2:adapter:16	NG_008181.2:ncbi:ORF41_NG_008181.2	1.0
NG_008181.2	adapter_corrected	ncbi	exact	NG_008181.2:adapter:17	NG_008181.2:ncbi:ORF47_NG_008181.2	1.0
NG_008181.2	adapter_corrected	ncbi	exact	NG_008181.2:adapter:18	NG_008181.2:ncbi:ORF15_NG_008181.2	1.0
NG_008181.2	adapter_corrected	ncbi	exact	NG_008181.2:adapter:19	NG_008181.2:ncbi:ORF72_NG_008181.2	1.0
NG_008181.2	adapter_corrected	ncbi	exact	NG_008181.2:adapter:2	NG_008181.2:ncbi:ORF27_NG_008181.2	1.0
NG_008181.2	adapter_corrected	ncbi	exact	NG_008181.2:adapter:20	NG_008181.2:ncbi:ORF8_NG_008181.2	1.0
NG_008181.2	adapter_corrected	ncbi	exact	NG_008181.2:adapter:21	NG_008181.2:ncbi:ORF70_NG_008181.2	1.0
NG_008181.2	adapter_corrected	ncbi	exact	NG_008181.2:adapter:22	NG_008181.2:ncbi:ORF44_NG_008181.2	1.0
NG_008181.2	adapter_corrected	ncbi	exact	NG_008181.2:adapter:23	NG_008181.2:ncbi:ORF23_NG_008181.2	1.0
NG_008181.2	adapter_corrected	ncbi	exact	NG_008181.2:adapter:24	NG_008181.2:ncbi:ORF18_NG_008181.2	1.0
NG_008181.2	adapter_corrected	ncbi	exact	NG_008181.2:adapter:25	NG_008181.2:ncbi:ORF33_NG_008181.2	1.0
NG_008181.2	adapter_corrected	ncbi	exact	NG_008181.2:adapter:26	NG_008181.2:ncbi:ORF4_NG_008181.2	1.0
NG_008181.2	adapter_corrected	ncbi	exact	NG_008181.2:adapter:27	NG_008181.2:ncbi:ORF31_NG_008181.2	1.0
NG_008181.2	adapter_corrected	ncbi	exact	NG_008181.2:adapter:28	NG_008181.2:ncbi:ORF42_NG_008181.2	1.0
NG_008181.2	adapter_corrected	ncbi	exact	NG_008181.2:adapter:29	NG_008181.2:ncbi:ORF55_NG_008181.2	1.0
NG_008181.2	adapter_corrected	ncbi	exact	NG_008181.2:adapter:3	NG_008181.2:ncbi:ORF9_NG_008181.2	1.0
NG_008181.2	adapter_corrected	ncbi	exact	NG_008181.2:adapter:30	NG_008181.2:ncbi:ORF77_NG_008181.2	1.0
NG_008181.2	adapter_corrected	ncbi	exact	NG_008181.2:adapter:31	NG_008181.2:ncbi:ORF68_NG_008181.2	1.0
NG_008181.2	adapter_corrected	ncbi	exact	NG_008181.2:adapter:32	NG_008181.2:ncbi:ORF25_NG_008181.2	1.0
NG_008181.2	adapter_corrected	ncbi	exact	NG_008181.2:adapter:33	NG_008181.2:ncbi:ORF17_NG_008181.2	1.0
NG_008181.2	adapter_corrected	ncbi	exact	NG_008181.2:adapter:34	NG_008181.2:ncbi:ORF28_NG_008181.2	1.0
NG_008181.2	adapter_corrected	ncbi	exact	NG_008181.2:adapter:35	NG_008181.2:ncbi:ORF16_NG_008181.2	1.0
NG_008181.2	adapter_corrected	ncbi	exact	NG_008181.2:adapter:36	NG_008181.2:ncbi:ORF36_NG_008181.2	1.0
NG_008181.2	adapter_corrected	ncbi	exact	NG_008181.2:adapter:37	NG_008181.2:ncbi:ORF74_NG_008181.2	1.0
NG_008181.2	adapter_corrected	ncbi	exact	NG_008181.2:adapter:38	NG_008181.2:ncbi:ORF63_NG_008181.2	1.0
NG_008181.2	adapter_corrected	ncbi	exact	NG_008181.2:adapter:39	NG_008181.2:ncbi:ORF6_NG_008181.2	1.0
NG_008181.2	adapter_corrected	ncbi	exact	NG_008181.2:adapter:4	NG_008181.2:ncbi:ORF45_NG_008181.2	1.0
NG_008181.2	adapter_corrected	ncbi	exact	NG_008181.2:adapter:40	NG_008181.2:ncbi:ORF38_NG_008181.2	1.0
NG_008181.2	adapter_corrected	ncbi	exact	NG_008181.2:adapter:41	NG_008181.2:ncbi:ORF24_NG_008181.2	1.0
NG_008181.2	adapter_corrected	ncbi	exact	NG_008181.2:adapter:42	NG_008181.2:ncbi:ORF83_NG_008181.2	1.0
NG_008181.2	adapter_corrected	ncbi	exact	NG_008181.2:adapter:43	NG_008181.2:ncbi:ORF3_NG_008181.2	1.0
NG_008181.2	adapter_corrected	ncbi	exact	NG_008181.2:adapter:44	NG_008181.2:ncbi:ORF54_NG_008181.2	1.0
NG_008181.2	adapter_corrected	ncbi	exact	NG_008181.2:adapter:45	NG_008181.2:ncbi:ORF32_NG_008181.2	1.0
NG_008181.2	adapter_corrected	ncbi	exact	NG_008181.2:adapter:46	NG_008181.2:ncbi:ORF46_NG_008181.2	1.0
NG_008181.2	adapter_corrected	ncbi	exact	NG_008181.2:adapter:47	NG_008181.2:ncbi:ORF20_NG_008181.2	1.0
NG_008181.2	adapter_corrected	ncbi	exact	NG_008181.2:adapter:48	NG_008181.2:ncbi:ORF73_NG_008181.2	1.0
NG_008181.2	adapter_corrected	ncbi	exact	NG_008181.2:adapter:49	NG_008181.2:ncbi:ORF43_NG_008181.2	1.0
NG_008181.2	adapter_corrected	ncbi	exact	NG_008181.2:adapter:5	NG_008181.2:ncbi:ORF56_NG_008181.2	1.0
NG_008181.2	adapter_corrected	ncbi	exact	NG_008181.2:adapter:50	NG_008181.2:ncbi:ORF58_NG_008181.2	1.0
NG_008181.2	adapter_corrected	ncbi	exact	NG_008181.2:adapter:51	NG_008181.2:ncbi:ORF40_NG_008181.2	1.0
NG_008181.2	adapter_corrected	ncbi	exact	NG_008181.2:adapter:52	NG_008181.2:ncbi:ORF26_NG_008181.2	1.0
NG_008181.2	adapter_corrected	ncbi	exact	NG_008181.2:adapter:53	NG_008181.2:ncbi:ORF66_NG_008181.2	1.0
NG_008181.2	adapter_corrected	ncbi	exact	NG_008181.2:adapter:54	NG_008181.2:ncbi:ORF30_NG_008181.2	1.0
NG_008181.2	adapter_corrected	ncbi	exact	NG_008181.2:adapter:55	NG_008181.2:ncbi:ORF48_NG_008181.2	1.0
NG_008181.2	adapter_corrected	ncbi	exact	NG_008181.2:adapter:56	NG_008181.2:ncbi:ORF1_NG_008181.2	1.0
NG_008181.2	adapter_corrected	ncbi	exact	NG_008181.2:adapter:57	NG_008181.2:ncbi:ORF10_NG_008181.2	1.0
NG_008181.2	adapter_corrected	ncbi	exact	NG_008181.2:adapter:58	NG_008181.2:ncbi:ORF29_NG_008181.2	1.0
NG_008181.2	adapter_corrected	ncbi	exact	NG_008181.2:adapter:59	NG_008181.2:ncbi:ORF69_NG_008181.2	1.0
NG_008181.2	adapter_corrected	ncbi	exact	NG_008181.2:adapter:6	NG_008181.2:ncbi:ORF79_NG_008181.2	1.0
NG_008181.2	adapter_corrected	ncbi	exact	NG_008181.2:adapter:60	NG_008181.2:ncbi:ORF76_NG_008181.2	1.0
NG_008181.2	adapter_corrected	ncbi	exact	NG_008181.2:adapter:61	NG_008181.2:ncbi:ORF14_NG_008181.2	1.0
NG_008181.2	adapter_corrected	ncbi	exact	NG_008181.2:adapter:62	NG_008181.2:ncbi:ORF60_NG_008181.2	1.0
NG_008181.2	adapter_corrected	ncbi	exact	NG_008181.2:adapter:63	NG_008181.2:ncbi:ORF84_NG_008181.2	1.0
NG_008181.2	adapter_corrected	ncbi	exact	NG_008181.2:adapter:64	NG_008181.2:ncbi:ORF62_NG_008181.2	1.0
NG_008181.2	adapter_corrected	ncbi	exact	NG_008181.2:adapter:65	NG_008181.2:ncbi:ORF57_NG_008181.2	1.0
NG_008181.2	adapter_corrected	ncbi	exact	NG_008181.2:adapter:66	NG_008181.2:ncbi:ORF22_NG_008181.2	1.0
NG_008181.2	adapter_corrected	ncbi	exact	NG_008181.2:adapter:67	NG_008181.2:ncbi:ORF39_NG_008181.2	1.0
NG_008181.2	adapter_corrected	ncbi	exact	NG_008181.2:adapter:68	NG_008181.2:ncbi:ORF78_NG_008181.2	1.0
NG_008181.2	adapter_corrected	ncbi	exact	NG_008181.2:adapter:69	NG_008181.2:ncbi:ORF7_NG_008181.2	1.0
NG_008181.2	adapter_corrected	ncbi	exact	NG_008181.2:adapter:7	NG_008181.2:ncbi:ORF50_NG_008181.2	1.0
NG_008181.2	adapter_corrected	ncbi	exact	NG_008181.2:adapter:70	NG_008181.2:ncbi:ORF61_NG_008181.2	1.0
NG_008181.2	adapter_corrected	ncbi	exact	NG_008181.2:adapter:71	NG_008181.2:ncbi:ORF64_NG_008181.2	1.0
NG_008181.2	adapter_corrected	ncbi	exact	NG_008181.2:adapter:72	NG_008181.2:ncbi:ORF65_NG_008181.2	1.0
NG_008181.2	adapter_corrected	ncbi	exact	NG_008181.2:adapter:73	NG_008181.2:ncbi:ORF13_NG_008181.2	1.0
NG_008181.2	adapter_corrected	ncbi	exact	NG_008181.2:adapter:74	NG_008181.2:ncbi:ORF59_NG_008181.2	1.0
NG_008181.2	adapter_corrected	ncbi	exact	NG_008181.2:adapter:75	NG_008181.2:ncbi:ORF82_NG_008181.2	1.0
NG_008181.2	adapter_corrected	ncbi	exact	NG_008181.2:adapter:76	NG_008181.2:ncbi:ORF51_NG_008181.2	1.0
NG_008181.2	adapter_corrected	ncbi	exact	NG_008181.2:adapter:77	NG_008181.2:ncbi:ORF37_NG_008181.2	1.0
NG_008181.2	adapter_corrected	ncbi	exact	NG_008181.2:adapter:78	NG_008181.2:ncbi:ORF34_NG_008181.2	1.0
NG_008181.2	adapter_corrected	ncbi	exact	NG_008181.2:adapter:79	NG_008181.2:ncbi:ORF49_NG_008181.2	1.0
NG_008181.2	adapter_corrected	ncbi	exact	NG_008181.2:adapter:8	NG_008181.2:ncbi:ORF5_NG_008181.2	1.0
NG_008181.2	adapter_corrected	ncbi	exact	NG_008181.2:adapter:80	NG_008181.2:ncbi:ORF81_NG_008181.2	1.0
NG_008181.2	adapter_corrected	ncbi	exact	NG_008181.2:adapter:81	NG_008181.2:ncbi:ORF71_NG_008181.2	1.0
NG_008181.2	adapter_corrected	ncbi	exact	NG_008181.2:adapter:82	NG_008181.2:ncbi:ORF35_NG_008181.2	1.0
NG_008181.2	adapter_corrected	ncbi	exact	NG_008181.2:adapter:83	NG_008181.2:ncbi:ORF75_NG_008181.2	1.0
NG_008181.2	adapter_corrected	ncbi	exact	NG_008181.2:adapter:84	NG_008181.2:ncbi:ORF12_NG_008181.2	1.0
NG_008181.2	adapter_corrected	ncbi	exact	NG_008181.2:adapter:9	NG_008181.2:ncbi:ORF80_NG_008181.2	1.0
NG_047027.2	adapter_corrected	ncbi	exact	NG_047027.2:adapter:1	NG_047027.2:ncbi:ORF5_NG_047027.2	1.0
NG_047027.2	adapter_corrected	ncbi	exact	NG_047027.2:adapter:10	NG_047027.2:ncbi:ORF51_NG_047027.2	1.0
NG_047027.2	adapter_corrected	ncbi	exact	NG_047027.2:adapter:11	NG_047027.2:ncbi:ORF33_NG_047027.2	1.0
NG_047027.2	adapter_corrected	ncbi	exact	NG_047027.2:adapter:12	NG_047027.2:ncbi:ORF23_NG_047027.2	1.0
NG_047027.2	adapter_corrected	ncbi	exact	NG_047027.2:adapter:13	NG_047027.2:ncbi:ORF12_NG_047027.2	1.0
NG_047027.2	adapter_corrected	ncbi	exact	NG_047027.2:adapter:14	NG_047027.2:ncbi:ORF8_NG_047027.2	1.0
NG_047027.2	adapter_corrected	ncbi	exact	NG_047027.2:adapter:15	NG_047027.2:ncbi:ORF45_NG_047027.2	1.0
NG_047027.2	adapter_corrected	ncbi	exact	NG_047027.2:adapter:16	NG_047027.2:ncbi:ORF54_NG_047027.2	1.0
NG_047027.2	adapter_corrected	ncbi	exact	NG_047027.2:adapter:17	NG_047027.2:ncbi:ORF35_NG_047027.2	1.0
NG_047027.2	adapter_corrected	ncbi	exact	NG_047027.2:adapter:18	NG_047027.2:ncbi:ORF29_NG_047027.2	1.0
NG_047027.2	adapter_corrected	ncbi	exact	NG_047027.2:adapter:19	NG_047027.2:ncbi:ORF37_NG_047027.2	1.0
NG_047027.2	adapter_corrected	ncbi	exact	NG_047027.2:adapter:2	NG_047027.2:ncbi:ORF43_NG_047027.2	1.0
NG_047027.2	adapter_corrected	ncbi	exact	NG_047027.2:adapter:20	NG_047027.2:ncbi:ORF7_NG_047027.2	1.0
NG_047027.2	adapter_corrected	ncbi	exact	NG_047027.2:adapter:21	NG_047027.2:ncbi:ORF13_NG_047027.2	1.0
NG_047027.2	adapter_corrected	ncbi	exact	NG_047027.2:adapter:22	NG_047027.2:ncbi:ORF15_NG_047027.2	1.0
NG_047027.2	adapter_corrected	ncbi	exact	NG_047027.2:adapter:23	NG_047027.2:ncbi:ORF1_NG_047027.2	1.0
NG_047027.2	adapter_corrected	ncbi	exact	NG_047027.2:adapter:24	NG_047027.2:ncbi:ORF34_NG_047027.2	1.0
NG_047027.2	adapter_corrected	ncbi	exact	NG_047027.2:adapter:25	NG_047027.2:ncbi:ORF10_NG_047027.2	1.0
NG_047027.2	adapter_corrected	ncbi	exact	NG_047027.2:adapter:26	NG_047027.2:ncbi:ORF16_NG_047027.2	1.0
NG_047027.2	adapter_corrected	ncbi	exact	NG_047027.2:adapter:27	NG_047027.2:ncbi:ORF36_NG_047027.2	1.0
NG_047027.2	adapter_corrected	ncbi	exact	NG_047027.2:adapter:28	NG_047027.2:ncbi:ORF46_NG_047027.2	1.0
NG_047027.2	adapter_corrected	ncbi	exact	NG_047027.2:adapter:29	NG_047027.2:ncbi:ORF27_NG_047027.2	1.0
NG_047027.2	adapter_corrected	ncbi	exact	NG_047027.2:adapter:3	NG_047027.2:ncbi:ORF40_NG_047027.2	1.0
NG_047027.2	adapter_corrected	ncbi	exact	NG_047027.2:adapter:30	NG_047027.2:ncbi:ORF31_NG_047027.2	1.0
NG_047027.2	adapter_corrected	ncbi	exact	NG_047027.2:adapter:31	NG_047027.2:ncbi:ORF4_NG_047027.2	1.0
NG_047027.2	adapter_corrected	ncbi	exact	NG_047027.2:adapter:32	NG_047027.2:ncbi:ORF9_NG_047027.2	1.0
NG_047027.2	adapter_corrected	ncbi	exact	NG_047027.2:adapter:33	NG_047027.2:ncbi:ORF32_NG_047027.2	1.0
NG_047027.2	adapter_corrected	ncbi	exact	NG_047027.2:adapter:34	NG_047027.2:ncbi:ORF14_NG_047027.2	1.0
NG_047027.2	adapter_corrected	ncbi	exact	NG_047027.2:adapter:35	NG_047027.2:ncbi:ORF26_NG_047027.2	1.0
NG_047027.2	adapter_corrected	ncbi	exact	NG_047027.2:adapter:36	NG_047027.2:ncbi:ORF41_NG_047027.2	1.0
NG_047027.2	adapter_corrected	ncbi	exact	NG_047027.2:adapter:37	NG_047027.2:ncbi:ORF6_NG_047027.2	1.0
NG_047027.2	adapter_corrected	ncbi	exact	NG_047027.2:adapter:38	NG_047027.2:ncbi:ORF17_NG_047027.2	1.0
NG_047027.2	adapter_corrected	ncbi	exact	NG_047027.2:adapter:39	NG_047027.2:ncbi:ORF49_NG_047027.2	1.0
NG_047027.2	adapter_corrected	ncbi	exact	NG_047027.2:adapter:4	NG_047027.2:ncbi:ORF11_NG_047027.2	1.0
NG_047027.2	adapter_corrected	ncbi	exact	NG_047027.2:adapter:40	NG_047027.2:ncbi:ORF47_NG_047027.2	1.0
NG_047027.2	adapter_corrected	ncbi	exact	NG_047027.2:adapter:41	NG_047027.2:ncbi:ORF28_NG_047027.2	1.0
NG_047027.2	adapter_corrected	ncbi	exact	NG_047027.2:adapter:42	NG_047027.2:ncbi:ORF44_NG_047027.2	1.0
NG_047027.2	adapter_corrected	ncbi	exact	NG_047027.2:adapter:43	NG_047027.2:ncbi:ORF3_NG_047027.2	1.0
NG_047027.2	adapter_corrected	ncbi	exact	NG_047027.2:adapter:44	NG_047027.2:ncbi:ORF21_NG_047027.2	1.0
NG_047027.2	adapter_corrected	ncbi	exact	NG_047027.2:adapter:45	NG_047027.2:ncbi:ORF18_NG_047027.2	1.0
NG_047027.2	adapter_corrected	ncbi	exact	NG_047027.2:adapter:46	NG_047027.2:ncbi:ORF52_NG_047027.2	1.0
NG_047027.2	adapter_corrected	ncbi	exact	NG_047027.2:adapter:47	NG_047027.2:ncbi:ORF2_NG_047027.2	1.0
NG_047027.2	adapter_corrected	ncbi	exact	NG_047027.2:adapter:48	NG_047027.2:ncbi:ORF24_NG_047027.2	1.0
NG_047027.2	adapter_corrected	ncbi	exact	NG_047027.2:adapter:49	NG_047027.2:ncbi:ORF22_NG_047027.2	1.0
NG_047027.2	adapter_corrected	ncbi	exact	NG_047027.2:adapter:5	NG_047027.2:ncbi:ORF38_NG_047027.2	1.0
NG_047027.2	adapter_corrected	ncbi	exact	NG_047027.2:adapter:50	NG_047027.2:ncbi:ORF48_NG_047027.2	1.0
NG_047027.2	adapter_corrected	ncbi	exact	NG_047027.2:adapter:51	NG_047027.2:ncbi:ORF39_NG_047027.2	1.0
NG_047027.2	adapter_corrected	ncbi	exact	NG_047027.2:adapter:52	NG_047027.2:ncbi:ORF20_NG_047027.2	1.0
NG_047027.2	adapter_corrected	ncbi	exact	NG_047027.2:adapter:53	NG_047027.2:ncbi:ORF30_NG_047027.2	1.0
NG_047027.2	adapter_corrected	ncbi	exact	NG_047027.2:adapter:54	NG_047027.2:ncbi:ORF53_NG_047027.2	1.0
NG_047027.2	adapter_corrected	ncbi	exact	NG_047027.2:adapter:55	NG_047027.2:ncbi:ORF25_NG_047027.2	1.0
NG_047027.2	adapter_corrected	ncbi	exact	NG_047027.2:adapter:6	NG_047027.2:ncbi:ORF50_NG_047027.2	1.0
NG_047027.2	adapter_corrected	ncbi	exact	NG_047027.2:adapter:7	NG_047027.2:ncbi:ORF42_NG_047027.2	1.0
NG_047027.2	adapter_corrected	ncbi	exact	NG_047027.2:adapter:8	NG_047027.2:ncbi:ORF19_NG_047027.2	1.0
NG_047027.2	adapter_corrected	ncbi	exact	NG_047027.2:adapter:9	NG_047027.2:ncbi:ORF55_NG_047027.2	1.0
NG_011631.1	adapter_corrected	ncbi	exact	NG_011631.1:adapter:1	NG_011631.1:ncbi:ORF115_NG_011631.1	1.0
NG_011631.1	adapter_corrected	ncbi	exact	NG_011631.1:adapter:10	NG_011631.1:ncbi:ORF113_NG_011631.1	1.0
NG_011631.1	adapter_corrected	ncbi	exact	NG_011631.1:adapter:100	NG_011631.1:ncbi:ORF1195_NG_011631.1	1.0
NG_011631.1	adapter_corrected	ncbi	exact	NG_011631.1:adapter:1000	NG_011631.1:ncbi:ORF509_NG_011631.1	1.0
NG_011631.1	adapter_corrected	ncbi	exact	NG_011631.1:adapter:1001	NG_011631.1:ncbi:ORF1106_NG_011631.1	1.0
NG_011631.1	adapter_corrected	ncbi	exact	NG_011631.1:adapter:1002	NG_011631.1:ncbi:ORF1108_NG_011631.1	1.0
NG_011631.1	adapter_corrected	ncbi	exact	NG_011631.1:adapter:1003	NG_011631.1:ncbi:ORF825_NG_011631.1	1.0
NG_011631.1	adapter_corrected	ncbi	exact	NG_011631.1:adapter:1004	NG_011631.1:ncbi:ORF275_NG_011631.1	1.0
NG_011631.1	adapter_corrected	ncbi	exact	NG_011631.1:adapter:1005	NG_011631.1:ncbi:ORF283_NG_011631.1	1.0
NG_011631.1	adapter_corrected	ncbi	exact	NG_011631.1:adapter:1006	NG_011631.1:ncbi:ORF546_NG_011631.1	1.0
NG_011631.1	adapter_corrected	ncbi	exact	NG_011631.1:adapter:1007	NG_011631.1:ncbi:ORF26_NG_011631.1	1.0
NG_011631.1	adapter_corrected	ncbi	exact	NG_011631.1:adapter:1008	NG_011631.1:ncbi:ORF27_NG_011631.1	1.0
NG_011631.1	adapter_corrected	ncbi	exact	NG_011631.1:adapter:1009	NG_011631.1:ncbi:ORF1139_NG_011631.1	1.0
NG_011631.1	adapter_corrected	ncbi	exact	NG_011631.1:adapter:101	NG_011631.1:ncbi:ORF1234_NG_011631.1	1.0
NG_011631.1	adapter_corrected	ncbi	exact	NG_011631.1:adapter:1010	NG_011631.1:ncbi:ORF1399_NG_011631.1	1.0
NG_011631.1	adapter_corrected	ncbi	exact	NG_011631.1:adapter:1011	NG_011631.1:ncbi:ORF47_NG_011631.1	1.0
NG_011631.1	adapter_corrected	ncbi	exact	NG_011631.1:adapter:1012	NG_011631.1:ncbi:ORF304_NG_011631.1	1.0
NG_011631.1	adapter_corrected	ncbi	exact	NG_011631.1:adapter:1013	NG_011631.1:ncbi:ORF53_NG_011631.1	1.0
NG_011631.1	adapter_corrected	ncbi	exact	NG_011631.1:adapter:1014	NG_011631.1:ncbi:ORF58_NG_011631.1	1.0
NG_011631.1	adapter_corrected	ncbi	exact	NG_011631.1:adapter:1015	NG_011631.1:ncbi:ORF579_NG_011631.1	1.0
NG_011631.1	adapter_corrected	ncbi	exact	NG_011631.1:adapter:1016	NG_011631.1:ncbi:ORF1417_NG_011631.1	1.0
NG_011631.1	adapter_corrected	ncbi	exact	NG_011631.1:adapter:1017	NG_011631.1:ncbi:ORF587_NG_011631.1	1.0
NG_011631.1	adapter_corrected	ncbi	exact	NG_011631.1:adapter:1018	NG_011631.1:ncbi:ORF1430_NG_011631.1	1.0
NG_011631.1	adapter_corrected	ncbi	exact	NG_011631.1:adapter:1019	NG_011631.1:ncbi:ORF1179_NG_011631.1	1.0
NG_011631.1	adapter_corrected	ncbi	exact	NG_011631.1:adapter:102	NG_011631.1:ncbi:ORF987_NG_011631.1	1.0
NG_011631.1	adapter_corrected	ncbi	exact	NG_011631.1:adapter:1020	NG_011631.1:ncbi:ORF1439_NG_011631.1	1.0
NG_011631.1	adapter_corrected	ncbi	exact	NG_011631.1:adapter:1021	NG_011631.1:ncbi:ORF887_NG_011631.1	1.0
NG_011631.1	adapter_corrected	ncbi	exact	NG_011631.1:adapter:1022	NG_011631.1:ncbi:ORF326_NG_011631.1	1.0
NG_011631.1	adapter_corrected	ncbi	exact	NG_011631.1:adapter:1023	NG_011631.1:ncbi:ORF1444_NG_011631.1	1.0
NG_011631.1	adapter_corrected	ncbi	exact	NG_011631.1:adapter:1024	NG_011631.1:ncbi:ORF896_NG_011631.1	1.0
NG_011631.1	adapter_corrected	ncbi	exact	NG_011631.1:adapter:1025	NG_011631.1:ncbi:ORF613_NG_011631.1	1.0
NG_011631.1	adapter_corrected	ncbi	exact	NG_011631.1:adapter:1026	NG_011631.1:ncbi:ORF1449_NG_011631.1	1.0
NG_011631.1	adapter_corrected	ncbi	exact	NG_011631.1:adapter:1027	NG_011631.1:ncbi:ORF1189_NG_011631.1	1.0
NG_011631.1	adapter_corrected	ncbi	exact	NG_011631.1:adapter:1028	NG_011631.1:ncbi:ORF89_NG_011631.1	1.0
NG_011631.1	adapter_corrected	ncbi	exact	NG_011631.1:adapter:1029	NG_011631.1:ncbi:ORF912_NG_011631.1	1.0
NG_011631.1	adapter_corrected	ncbi	exact	NG_011631.1:adapter:103	NG_011631.1:ncbi:ORF1571_NG_011631.1	1.0
NG_011631.1	adapter_corrected	ncbi	exact	NG_011631.1:adapter:1030	NG_011631.1:ncbi:ORF1469_NG_011631.1	1.0
NG_011631.1	adapter_corrected	ncbi	exact	NG_011631.1:adapter:1031	NG_011631.1:ncbi:ORF1204_NG_011631.1	1.0
NG_011631.1	adapter_corrected	ncbi	exact	NG_011631.1:adapter:1032	NG_011631.1:ncbi:ORF1207_NG_011631.1	1.0
NG_011631.1	adapter_corrected	ncbi	exact	NG_011631.1:adapter:1033	NG_011631.1:ncbi:ORF1210_NG_011631.1	1.0
NG_011631.1	adapter_corrected	ncbi	exact	NG_011631.1:adapter:1034	NG_011631.1:ncbi:ORF648_NG_011631.1	1.0
NG_011631.1	adapter_corrected	ncbi	exact	NG_011631.1:adapter:1035	NG_011631.1:ncbi:ORF383_NG_011631.1	1.0
NG_011631.1	adapter_corrected	ncbi	exact	NG_011631.1:adapter:1036	NG_011631.1:ncbi:ORF668_NG_011631.1	1.0
NG_011631.1	adapter_corrected	ncbi	exact	NG_011631.1:adapter:1037	NG_011631.1:ncbi:ORF133_NG_011631.1	1.0
NG_011631.1	adapter_corrected	ncbi	exact	NG_011631.1:adapter:1038	NG_011631.1:ncbi:ORF947_NG_011631.1	1.0
NG_011631.1	adapter_corrected	ncbi	exact	NG_011631.1:adapter:1039	NG_011631.1:ncbi:ORF677_NG_011631.1	1.0
NG_011631.1	adapter_corrected	ncbi	exact	NG_011631.1:adapter:104	NG_011631.1:ncbi:ORF1086_NG_011631.1	1.0
NG_011631.1	adapter_corrected	ncbi	exact	NG_011631.1:adapter:1040	NG_011631.1:ncbi:ORF400_NG_011631.1	1.0
NG_011631.1	adapter_corrected	ncbi	exact	NG_011631.1:adapter:1041	NG_011631.1:ncbi:ORF697_NG_011631.1	1.0
NG_011631.1	adapter_corrected	ncbi	exact	NG_011631.1:adapter:1042	NG_011631.1:ncbi:ORF409_NG_011631.1	1.0
NG_011631.1	adapter_corrected	ncbi	exact	NG_011631.1:adapter:1043	NG_011631.1:ncbi:ORF702_NG_011631.1	1.0
NG_011631.1	adapter_corrected	ncbi	exact	NG_011631.1:adapter:1044	NG_011631.1:ncbi:ORF711_NG_011631.1	1.0
NG_011631.1	adapter_corrected	ncbi	exact	NG_011631.1:adapter:1045	NG_011631.1:ncbi:ORF712_NG_011631.1	1.0
NG_011631.1	adapter_corrected	ncbi	exact	NG_011631.1:adapter:1046	NG_011631.1:ncbi:ORF428_NG_011631.1	1.0
NG_011631.1	adapter_corrected	ncbi	exact	NG_011631.1:adapter:1047	NG_011631.1:ncbi:ORF714_NG_011631.1	1.0
NG_011631.1	adapter_corrected	ncbi	exact	NG_011631.1:adapter:1048	NG_011631.1:ncbi:ORF438_NG_011631.1	1.0
NG_011631.1	adapter_corrected	ncbi	exact	NG_011631.1:adapter:1049	NG_011631.1:ncbi:ORF1008_NG_011631.1	1.0
NG_011631.1	adapter_corrected	ncbi	exact	NG_011631.1:adapter:105	NG_011631.1:ncbi:ORF287_NG_011631.1	1.0
NG_011631.1	adapter_corrected	ncbi	exact	NG_011631.1:adapter:1050	NG_011631.1:ncbi:ORF186_NG_011631.1	1.0
NG_011631.1	adapter_corrected	ncbi	exact	NG_011631.1:adapter:1051	NG_011631.1:ncbi:ORF193_NG_011631.1	1.0
NG_011631.1	adapter_corrected	ncbi	exact	NG_011631.1:adapter:1052	NG_011631.1:ncbi:ORF1033_NG_011631.1	1.0
NG_011631.1	adapter_corrected	ncbi	exact	NG_011631.1:adapter:1053	NG_011631.1:ncbi:ORF745_NG_011631.1	1.0
NG_011631.1	adapter_corrected	ncbi	exact	NG_011631.1:adapter:1054	NG_011631.1:ncbi:ORF461_NG_011631.1	1.0
NG_011631.1	adapter_corrected	ncbi	exact	NG_011631.1:adapter:1055	NG_011631.1:ncbi:ORF755_NG_011631.1	1.0
NG_011631.1	adapter_corrected	ncbi	exact	NG_011631.1:adapter:1056	NG_011631.1:ncbi:ORF468_NG_011631.1	1.0
NG_011631.1	adapter_corrected	ncbi	exact	NG_011631.1:adapter:1057	NG_011631.1:ncbi:ORF759_NG_011631.1	1.0
NG_011631.1	adapter_corrected	ncbi	exact	NG_011631.1:adapter:1058	NG_011631.1:ncbi:ORF469_NG_011631.1	1.0
NG_011631.1	adapter_corrected	ncbi	exact	NG_011631.1:adapter:1059	NG_011631.1:ncbi:ORF760_NG_011631.1	1.0
NG_011631.1	adapter_corrected	ncbi	exact	NG_011631.1:adapter:106	NG_011631.1:ncbi:ORF362_NG_011631.1	1.0
NG_011631.1	adapter_corrected	ncbi	exact	NG_011631.1:adapter:1060	NG_011631.1:ncbi:ORF762_NG_011631.1	1.0
NG_011631.1	adapter_corrected	ncbi	exact	NG_011631.1:adapter:1061	NG_011631.1:ncbi:ORF478_NG_011631.1	1.0
NG_011631.1	adapter_corrected	ncbi	exact	NG_011631.1:adapter:1062	NG_011631.1:ncbi:ORF1059_NG_011631.1	1.0
NG_011631.1	adapter_corrected	ncbi	exact	NG_011631.1:adapter:1063	NG_011631.1:ncbi:ORF480_NG_011631.1	1.0
NG_011631.1	adapter_corrected	ncbi	exact	NG_011631.1:adapter:1064	NG_011631.1:ncbi:ORF779_NG_011631.1	1.0
NG_011631.1	adapter_corrected	ncbi	exact	NG_011631.1:adapter:1065	NG_011631.1:ncbi:ORF242_NG_011631.1	1.0
NG_011631.1	adapter_corrected	ncbi	exact	NG_011631.1:adapter:1066	NG_011631.1:ncbi:ORF1624_NG_011631.1	1.0
NG_011631.1	adapter_corrected	ncbi	exact	NG_011631.1:adapter:1067	NG_011631.1:ncbi:ORF504_NG_011631.1	1.0
NG_011631.1	adapter_corrected	ncbi	exact	NG_011631.1:adapter:1068	NG_011631.1:ncbi:ORF805_NG_011631.1	1.0
NG_011631.1	adapter_corrected	ncbi	exact	NG_011631.1:adapter:1069	NG_011631.1:ncbi:ORF508_NG_011631.1	1.0
NG_011631.1	adapter_corrected	ncbi	exact	NG_011631.1:adapter:107	NG_011631.1:ncbi:ORF171_NG_011631.1	1.0
NG_011631.1	adapter_corrected	ncbi	exact	NG_011631.1:adapter:1070	NG_011631.1:ncbi:ORF1364_NG_011631.1	1.0
NG_011631.1	adapter_corrected	ncbi	exact	NG_011631.1:adapter:1071	NG_011631.1:ncbi:ORF814_NG_011631.1	1.0
NG_011631.1	adapter_corrected	ncbi	exact	NG_011631.1:adapter:1072	NG_011631.1:ncbi:ORF1639_NG_011631.1	1.0
NG_011631.1	adapter_corrected	ncbi	exact	NG_011631.1:adapter:1073	NG_011631.1:ncbi:ORF265_NG_011631.1	1.0
NG_011631.1	adapter_corrected	ncbi	exact	NG_011631.1:adapter:1074	NG_011631.1:ncbi:ORF516_NG_011631.1	1.0
NG_011631.1	adapter_corrected	ncbi	exact	NG_011631.1:adapter:1075	NG_011631.1:ncbi:ORF823_NG_011631.1	1.0
NG_011631.1	adapter_corrected	ncbi	exact	NG_011631.1:adapter:1076	NG_011631.1:ncbi:ORF281_NG_011631.1	1.0
NG_011631.1	adapter_corrected	ncbi	exact	NG_011631.1:adapter:1077	NG_011631.1:ncbi:ORF567_NG_011631.1	1.0
NG_011631.1	adapter_corrected	ncbi	exact	NG_011631.1:adapter:1078	NG_011631.1:ncbi:ORF1404_NG_011631.1	1.0
NG_011631.1	adapter_corrected	ncbi	exact	NG_011631.1:adapter:1079	NG_011631.1:ncbi:ORF49_NG_011631.1	1.0
NG_011631.1	adapter_corrected	ncbi	exact	NG_011631.1:adapter:108	NG_011631.1:ncbi:ORF717_NG_011631.1	1.0
NG_011631.1	adapter_corrected	ncbi	exact	NG_011631.1:adapter:1080	NG_011631.1:ncbi:ORF571_NG_011631.1	1.0
NG_011631.1	adapter_corrected	ncbi	exact	NG_011631.1:adapter:1081	NG_011631.1:ncbi:ORF1423_NG_011631.1	1.0
NG_011631.1	adapter_corrected	ncbi	exact	NG_011631.1:adapter:1082	NG_011631.1:ncbi:ORF1426_NG_011631.1	1.0
NG_011631.1	adapter_corrected	ncbi	exact	NG_011631.1:adapter:1083	NG_011631.1:ncbi:ORF1427_NG_011631.1	1.0
NG_011631.1	adapter_corrected	ncbi	exact	NG_011631.1:adapter:1084	NG_011631.1:ncbi:ORF67_NG_011631.1	1.0
NG_011631.1	adapter_corrected	ncbi	exact	NG_011631.1:adapter:1085	NG_011631.1:ncbi:ORF1175_NG_011631.1	1.0
NG_011631.1	adapter_corrected	ncbi	exact	NG_011631.1:adapter:1086	NG_011631.1:ncbi:ORF1185_NG_011631.1	1.0
NG_011631.1	adapter_corrected	ncbi	exact	NG_011631.1:adapter:1087	NG_011631.1:ncbi:ORF612_NG_011631.1	1.0
NG_011631.1	adapter_corrected	ncbi	exact	NG_011631.1:adapter:1088	NG_011631.1:ncbi:ORF1451_NG_011631.1	1.0
NG_011631.1	adapter_corrected	ncbi	exact	NG_011631.1:adapter:1089	NG_011631.1:ncbi:ORF336_NG_011631.1	1.0
NG_011631.1	adapter_corrected	ncbi	exact	NG_011631.1:adapter:109	NG_011631.1:ncbi:ORF753_NG_011631.1	1.0
NG_011631.1	adapter_corrected	ncbi	exact	NG_011631.1:adapter:1090	NG_011631.1:ncbi:ORF87_NG_011631.1	1.0
NG_011631.1	adapter_corrected	ncbi	exact	NG_011631.1:adapter:1091	NG_011631.1:ncbi:ORF1197_NG_011631.1	1.0
NG_011631.1	adapter_corrected	ncbi	exact	NG_011631.1:adapter:1092	NG_011631.1:ncbi:ORF347_NG_011631.1	1.0
NG_011631.1	adapter_corrected	ncbi	exact	NG_011631.1:adapter:1093	NG_011631.1:ncbi:ORF352_NG_011631.1	1.0
NG_011631.1	adapter_corrected	ncbi	exact	NG_011631.1:adapter:1094	NG_011631.1:ncbi:ORF637_NG_011631.1	1.0
NG_011631.1	adapter_corrected	ncbi	exact	NG_011631.1:adapter:1095	NG_011631.1:ncbi:ORF360_NG_011631.1	1.0
NG_011631.1	adapter_corrected	ncbi	exact	NG_011631.1:adapter:1096	NG_011631.1:ncbi:ORF1479_NG_011631.1	1.0
NG_011631.1	adapter_corrected	ncbi	exact	NG_011631.1:adapter:1097	NG_011631.1:ncbi:ORF932_NG_011631.1	1.0
NG_011631.1	adapter_corrected	ncbi	exact	NG_011631.1:adapter:1098	NG_011631.1:ncbi:ORF381_NG_011631.1	1.0
NG_011631.1	adapter_corrected	ncbi	exact	NG_011631.1:adapter:1099	NG_011631.1:ncbi:ORF1511_NG_011631.1	1.0
NG_011631.1	adapter_corrected	ncbi	exact	NG_011631.1:adapter:11	NG_011631.1:ncbi:ORF512_NG_011631.1	1.0
NG_011631.1	adapter_corrected	ncbi	exact	NG_011631.1:adapter:110	NG_011631.1:ncbi:ORF499_NG_011631.1	1.0
NG_011631.1	adapter_corrected	ncbi	exact	NG_011631.1:adapter:1100	NG_011631.1:ncbi:ORF684_NG_011631.1	1.0
NG_011631.1	adapter_corrected	ncbi	exact	NG_011631.1:adapter:1101	NG_011631.1:ncbi:ORF154_NG_011631.1	1.0
NG_011631.1	adapter_corrected	ncbi	exact	NG_011631.1:adapter:1102	NG_011631.1:ncbi:ORF160_NG_011631.1	1.0
NG_011631.1	adapter_corrected	ncbi	exact	NG_011631.1:adapter:1103	NG_011631.1:ncbi:ORF716_NG_011631.1	1.0
NG_011631.1	adapter_corrected	ncbi	exact	NG_011631.1:adapter:1104	NG_011631.1:ncbi:ORF740_NG_011631.1	1.0
NG_011631.1	adapter_corrected	ncbi	exact	NG_011631.1:adapter:1105	NG_011631.1:ncbi:ORF1301_NG_011631.1	1.0
NG_011631.1	adapter_corrected	ncbi	exact	NG_011631.1:adapter:1106	NG_011631.1:ncbi:ORF1568_NG_011631.1	1.0
NG_011631.1	adapter_corrected	ncbi	exact	NG_011631.1:adapter:1107	NG_011631.1:ncbi:ORF201_NG_011631.1	1.0
NG_011631.1	adapter_corrected	ncbi	exact	NG_011631.1:adapter:1108	NG_011631.1:ncbi:ORF1576_NG_011631.1	1.0
NG_011631.1	adapter_corrected	ncbi	exact	NG_011631.1:adapter:1109	NG_011631.1:ncbi:ORF758_NG_011631.1	1.0
NG_011631.1	adapter_corrected	ncbi	exact	NG_011631.1:adapter:111	NG_011631.1:ncbi:ORF1111_NG_011631.1	1.0
NG_011631.1	adapter_corrected	ncbi	exact	NG_011631.1:adapter:1110	NG_011631.1:ncbi:ORF1588_NG_011631.1	1.0
NG_011631.1	adapter_corrected	ncbi	exact	NG_011631.1:adapter:1111	NG_011631.1:ncbi:ORF761_NG_011631.1	1.0
NG_011631.1	adapter_corrected	ncbi	exact	NG_011631.1:adapter:1112	NG_011631.1:ncbi:ORF477_NG_011631.1	1.0
NG_011631.1	adapter_corrected	ncbi	exact	NG_011631.1:adapter:1113	NG_011631.1:ncbi:ORF1063_NG_011631.1	1.0
NG_011631.1	adapter_corrected	ncbi	exact	NG_011631.1:adapter:1114	NG_011631.1:ncbi:ORF1604_NG_011631.1	1.0
NG_011631.1	adapter_corrected	ncbi	exact	NG_011631.1:adapter:1115	NG_011631.1:ncbi:ORF1606_NG_011631.1	1.0
NG_011631.1	adapter_corrected	ncbi	exact	NG_011631.1:adapter:1116	NG_011631.1:ncbi:ORF784_NG_011631.1	1.0
NG_011631.1	adapter_corrected	ncbi	exact	NG_011631.1:adapter:1117	NG_011631.1:ncbi:ORF495_NG_011631.1	1.0
NG_011631.1	adapter_corrected	ncbi	exact	NG_011631.1:adapter:1118	NG_011631.1:ncbi:ORF248_NG_011631.1	1.0
NG_011631.1	adapter_corrected	ncbi	exact	NG_011631.1:adapter:1119	NG_011631.1:ncbi:ORF1353_NG_011631.1	1.0
NG_011631.1	adapter_corrected	ncbi	exact	NG_011631.1:adapter:112	NG_011631.1:ncbi:ORF73_NG_011631.1	1.0
NG_011631.1	adapter_corrected	ncbi	exact	NG_011631.1:adapter:1120	NG_011631.1:ncbi:ORF1362_NG_011631.1	1.0
NG_011631.1	adapter_corrected	ncbi	exact	NG_011631.1:adapter:1121	NG_011631.1:ncbi:ORF811_NG_011631.1	1.0
NG_011631.1	adapter_corrected	ncbi	exact	NG_011631.1:adapter:1122	NG_011631.1:ncbi:ORF1640_NG_011631.1	1.0
NG_011631.1	adapter_corrected	ncbi	exact	NG_011631.1:adapter:1123	NG_011631.1:ncbi:ORF1104_NG_011631.1	1.0
NG_011631.1	adapter_corrected	ncbi	exact	NG_011631.1:adapter:1124	NG_011631.1:ncbi:ORF12_NG_011631.1	1.0
NG_011631.1	adapter_corrected	ncbi	exact	NG_011631.1:adapter:1125	NG_011631.1:ncbi:ORF531_NG_011631.1	1.0
NG_011631.1	adapter_corrected	ncbi	exact	NG_011631.1:adapter:1126	NG_011631.1:ncbi:ORF277_NG_011631.1	1.0
NG_011631.1	adapter_corrected	ncbi	exact	NG_011631.1:adapter:1127	NG_011631.1:ncbi:ORF1385_NG_011631.1	1.0
NG_011631.1	adapter_corrected	ncbi	exact	NG_011631.1:adapter:1128	NG_011631.1:ncbi:ORF842_NG_011631.1	1.0
NG_011631.1	adapter_corrected	ncbi	exact	NG_011631.1:adapter:1129	NG_011631.1:ncbi:ORF553_NG_011631.1	1.0
NG_011631.1	adapter_corrected	ncbi	exact	NG_011631.1:adapter:113	NG_011631.1:ncbi:ORF626_NG_011631.1	1.0
NG_011631.1	adapter_corrected	ncbi	exact	NG_011631.1:adapter:1130	NG_011631.1:ncbi:ORF1398_NG_011631.1	1.0
NG_011631.1	adapter_corrected	ncbi	exact	NG_011631.1:adapter:1131	NG_011631.1:ncbi:ORF1143_NG_011631.1	1.0
NG_011631.1	adapter_corrected	ncbi	exact	NG_011631.1:adapter:1132	NG_011631.1:ncbi:ORF303_NG_011631.1	1.0
NG_011631.1	adapter_corrected	ncbi	exact	NG_011631.1:adapter:1133	NG_011631.1:ncbi:ORF1167_NG_011631.1	1.0
NG_011631.1	adapter_corrected	ncbi	exact	NG_011631.1:adapter:1134	NG_011631.1:ncbi:ORF317_NG_011631.1	1.0
NG_011631.1	adapter_corrected	ncbi	exact	NG_011631.1:adapter:1135	NG_011631.1:ncbi:ORF1187_NG_011631.1	1.0
NG_011631.1	adapter_corrected	ncbi	exact	NG_011631.1:adapter:1136	NG_011631.1:ncbi:ORF623_NG_011631.1	1.0
NG_011631.1	adapter_corrected	ncbi	exact	NG_011631.1:adapter:1137	NG_011631.1:ncbi:ORF907_NG_011631.1	1.0
NG_011631.1	adapter_corrected	ncbi	exact	NG_011631.1:adapter:1138	NG_011631.1:ncbi:ORF98_NG_011631.1	1.0
NG_011631.1	adapter_corrected	ncbi	exact	NG_011631.1:adapter:1139	NG_011631.1:ncbi:ORF1198_NG_011631.1	1.0
NG_011631.1	adapter_corrected	ncbi	exact	NG_011631.1:adapter:114	NG_011631.1:ncbi:ORF744_NG_011631.1	1.0
NG_011631.1	adapter_corrected	ncbi	exact	NG_011631.1:adapter:1140	NG_011631.1:ncbi:ORF1464_NG_011631.1	1.0
NG_011631.1	adapter_corrected	ncbi	exact	NG_011631.1:adapter:1141	NG_011631.1:ncbi:ORF106_NG_011631.1	1.0
NG_011631.1	adapter_corrected	ncbi	exact	NG_011631.1:adapter:1142	NG_011631.1:ncbi:ORF357_NG_011631.1	1.0
NG_011631.1	adapter_corrected	ncbi	exact	NG_011631.1:adapter:1143	NG_011631.1:ncbi:ORF919_NG_011631.1	1.0
NG_011631.1	adapter_corrected	ncbi	exact	NG_011631.1:adapter:1144	NG_011631.1:ncbi:ORF1206_NG_011631.1	1.0
NG_011631.1	adapter_corrected	ncbi	exact	NG_011631.1:adapter:1145	NG_011631.1:ncbi:ORF111_NG_011631.1	1.0
NG_011631.1	adapter_corrected	ncbi	exact	NG_011631.1:adapter:1146	NG_011631.1:ncbi:ORF1485_NG_011631.1	1.0
NG_011631.1	adapter_corrected	ncbi	exact	NG_011631.1:adapter:1147	NG_011631.1:ncbi:ORF933_NG_011631.1	1.0
NG_011631.1	adapter_corrected	ncbi	exact	NG_011631.1:adapter:1148	NG_011631.1:ncbi:ORF1491_NG_011631.1	1.0
NG_011631.1	adapter_corrected	ncbi	exact	NG_011631.1:adapter:1149	NG_011631.1:ncbi:ORF127_NG_011631.1	1.0
NG_011631.1	adapter_corrected	ncbi	exact	NG_011631.1:adapter:115	NG_011631.1:ncbi:ORF9_NG_011631.1	1.0
NG_011631.1	adapter_corrected	ncbi	exact	NG_011631.1:adapter:1150	NG_011631.1:ncbi:ORF1502_NG_011631.1	1.0
NG_011631.1	adapter_corrected	ncbi	exact	NG_011631.1:adapter:1151	NG_011631.1:ncbi:ORF139_NG_011631.1	1.0
NG_011631.1	adapter_corrected	ncbi	exact	NG_011631.1:adapter:1152	NG_011631.1:ncbi:ORF964_NG_011631.1	1.0
NG_011631.1	adapter_corrected	ncbi	exact	NG_011631.1:adapter:1153	NG_011631.1:ncbi:ORF683_NG_011631.1	1.0
NG_011631.1	adapter_corrected	ncbi	exact	NG_011631.1:adapter:1154	NG_011631.1:ncbi:ORF1518_NG_011631.1	1.0
NG_011631.1	adapter_corrected	ncbi	exact	NG_011631.1:adapter:1155	NG_011631.1:ncbi:ORF404_NG_011631.1	1.0
NG_011631.1	adapter_corrected	ncbi	exact	NG_011631.1:adapter:1156	NG_011631.1:ncbi:ORF405_NG_011631.1	1.0
NG_011631.1	adapter_corrected	ncbi	exact	NG_011631.1:adapter:1157	NG_011631.1:ncbi:ORF1520_NG_011631.1	1.0
NG_011631.1	adapter_corrected	ncbi	exact	NG_011631.1:adapter:1158	NG_011631.1:ncbi:ORF1531_NG_011631.1	1.0
NG_011631.1	adapter_corrected	ncbi	exact	NG_011631.1:adapter:1159	NG_011631.1:ncbi:ORF1532_NG_011631.1	1.0
NG_011631.1	adapter_corrected	ncbi	exact	NG_011631.1:adapter:116	NG_011631.1:ncbi:ORF1233_NG_011631.1	1.0
NG_011631.1	adapter_corrected	ncbi	exact	NG_011631.1:adapter:1160	NG_011631.1:ncbi:ORF433_NG_011631.1	1.0
NG_011631.1	adapter_corrected	ncbi	exact	NG_011631.1:adapter:1161	NG_011631.1:ncbi:ORF1004_NG_011631.1	1.0
NG_011631.1	adapter_corrected	ncbi	exact	NG_011631.1:adapter:1162	NG_011631.1:ncbi:ORF1014_NG_011631.1	1.0
NG_011631.1	adapter_corrected	ncbi	exact	NG_011631.1:adapter:1163	NG_011631.1:ncbi:ORF1016_NG_011631.1	1.0
NG_011631.1	adapter_corrected	ncbi	exact	NG_011631.1:adapter:1164	NG_011631.1:ncbi:ORF731_NG_011631.1	1.0
NG_011631.1	adapter_corrected	ncbi	exact	NG_011631.1:adapter:1165	NG_011631.1:ncbi:ORF735_NG_011631.1	1.0
NG_011631.1	adapter_corrected	ncbi	exact	NG_011631.1:adapter:1166	NG_011631.1:ncbi:ORF1299_NG_011631.1	1.0
NG_011631.1	adapter_corrected	ncbi	exact	NG_011631.1:adapter:1167	NG_011631.1:ncbi:ORF1026_NG_011631.1	1.0
NG_011631.1	adapter_corrected	ncbi	exact	NG_011631.1:adapter:1168	NG_011631.1:ncbi:ORF1302_NG_011631.1	1.0
NG_011631.1	adapter_corrected	ncbi	exact	NG_011631.1:adapter:1169	NG_011631.1:ncbi:ORF1044_NG_011631.1	1.0
NG_011631.1	adapter_corrected	ncbi	exact	NG_011631.1:adapter:117	NG_011631.1:ncbi:ORF245_NG_011631.1	1.0
NG_011631.1	adapter_corrected	ncbi	exact	NG_011631.1:adapter:1170	NG_011631.1:ncbi:ORF470_NG_011631.1	1.0
NG_011631.1	adapter_corrected	ncbi	exact	NG_011631.1:adapter:1171	NG_011631.1:ncbi:ORF1053_NG_011631.1	1.0
NG_011631.1	adapter_corrected	ncbi	exact	NG_011631.1:adapter:1172	NG_011631.1:ncbi:ORF1610_NG_011631.1	1.0
NG_011631.1	adapter_corrected	ncbi	exact	NG_011631.1:adapter:1173	NG_011631.1:ncbi:ORF491_NG_011631.1	1.0
NG_011631.1	adapter_corrected	ncbi	exact	NG_011631.1:adapter:1174	NG_011631.1:ncbi:ORF1340_NG_011631.1	1.0
NG_011631.1	adapter_corrected	ncbi	exact	NG_011631.1:adapter:1175	NG_011631.1:ncbi:ORF787_NG_011631.1	1.0
NG_011631.1	adapter_corrected	ncbi	exact	NG_011631.1:adapter:1176	NG_011631.1:ncbi:ORF249_NG_011631.1	1.0
NG_011631.1	adapter_corrected	ncbi	exact	NG_011631.1:adapter:1177	NG_011631.1:ncbi:ORF1357_NG_011631.1	1.0
NG_011631.1	adapter_corrected	ncbi	exact	NG_011631.1:adapter:1178	NG_011631.1:ncbi:ORF505_NG_011631.1	1.0
NG_011631.1	adapter_corrected	ncbi	exact	NG_011631.1:adapter:1179	NG_011631.1:ncbi:ORF511_NG_011631.1	1.0
NG_011631.1	adapter_corrected	ncbi	exact	NG_011631.1:adapter:118	NG_011631.1:ncbi:ORF1382_NG_011631.1	1.0
NG_011631.1	adapter_corrected	ncbi	exact	NG_011631.1:adapter:1180	NG_011631.1:ncbi:ORF1643_NG_011631.1	1.0
NG_011631.1	adapter_corrected	ncbi	exact	NG_011631.1:adapter:1181	NG_011631.1:ncbi:ORF517_NG_011631.1	1.0
NG_011631.1	adapter_corrected	ncbi	exact	NG_011631.1:adapter:1182	NG_011631.1:ncbi:ORF267_NG_011631.1	1.0
NG_011631.1	adapter_corrected	ncbi	exact	NG_011631.1:adapter:1183	NG_011631.1:ncbi:ORF272_NG_011631.1	1.0
NG_011631.1	adapter_corrected	ncbi	exact	NG_011631.1:adapter:1184	NG_011631.1:ncbi:ORF532_NG_011631.1	1.0
NG_011631.1	adapter_corrected	ncbi	exact	NG_011631.1:adapter:1185	NG_011631.1:ncbi:ORF19_NG_011631.1	1.0
NG_011631.1	adapter_corrected	ncbi	exact	NG_011631.1:adapter:1186	NG_011631.1:ncbi:ORF540_NG_011631.1	1.0
NG_011631.1	adapter_corrected	ncbi	exact	NG_011631.1:adapter:1187	NG_011631.1:ncbi:ORF286_NG_011631.1	1.0
NG_011631.1	adapter_corrected	ncbi	exact	NG_011631.1:adapter:1188	NG_011631.1:ncbi:ORF1134_NG_011631.1	1.0
NG_011631.1	adapter_corrected	ncbi	exact	NG_011631.1:adapter:1189	NG_011631.1:ncbi:ORF288_NG_011631.1	1.0
NG_011631.1	adapter_corrected	ncbi	exact	NG_011631.1:adapter:119	NG_011631.1:ncbi:ORF1467_NG_011631.1	1.0
NG_011631.1	adapter_corrected	ncbi	exact	NG_011631.1:adapter:1190	NG_011631.1:ncbi:ORF294_NG_011631.1	1.0
NG_011631.1	adapter_corrected	ncbi	exact	NG_011631.1:adapter:1191	NG_011631.1:ncbi:ORF856_NG_011631.1	1.0
NG_011631.1	adapter_corrected	ncbi	exact	NG_011631.1:adapter:1192	NG_011631.1:ncbi:ORF302_NG_011631.1	1.0
NG_011631.1	adapter_corrected	ncbi	exact	NG_011631.1:adapter:1193	NG_011631.1:ncbi:ORF859_NG_011631.1	1.0
NG_011631.1	adapter_corrected	ncbi	exact	NG_011631.1:adapter:1194	NG_011631.1:ncbi:ORF572_NG_011631.1	1.0
NG_011631.1	adapter_corrected	ncbi	exact	NG_011631.1:adapter:1195	NG_011631.1:ncbi:ORF870_NG_011631.1	1.0
NG_011631.1	adapter_corrected	ncbi	exact	NG_011631.1:adapter:1196	NG_011631.1:ncbi:ORF588_NG_011631.1	1.0
NG_011631.1	adapter_corrected	ncbi	exact	NG_011631.1:adapter:1197	NG_011631.1:ncbi:ORF70_NG_011631.1	1.0
NG_011631.1	adapter_corrected	ncbi	exact	NG_011631.1:adapter:1198	NG_011631.1:ncbi:ORF1176_NG_011631.1	1.0
NG_011631.1	adapter_corrected	ncbi	exact	NG_011631.1:adapter:1199	NG_011631.1:ncbi:ORF592_NG_011631.1	1.0
NG_011631.1	adapter_corrected	ncbi	exact	NG_011631.1:adapter:12	NG_011631.1:ncbi:ORF1535_NG_011631.1	1.0
NG_011631.1	adapter_corrected	ncbi	exact	NG_011631.1:adapter:120	NG_011631.1:ncbi:ORF212_NG_011631.1	1.0
NG_011631.1	adapter_corrected	ncbi	exact	NG_011631.1:adapter:1200	NG_011631.1:ncbi:ORF598_NG_011631.1	1.0
NG_011631.1	adapter_corrected	ncbi	exact	NG_011631.1:adapter:1201	NG_011631.1:ncbi:ORF1180_NG_011631.1	1.0
NG_011631.1	adapter_corrected	ncbi	exact	NG_011631.1:adapter:1202	NG_011631.1:ncbi:ORF323_NG_011631.1	1.0
NG_011631.1	adapter_corrected	ncbi	exact	NG_011631.1:adapter:1203	NG_011631.1:ncbi:ORF602_NG_011631.1	1.0
NG_011631.1	adapter_corrected	ncbi	exact	NG_011631.1:adapter:1204	NG_011631.1:ncbi:ORF1442_NG_011631.1	1.0
NG_011631.1	adapter_corrected	ncbi	exact	NG_011631.1:adapter:1205	NG_011631.1:ncbi:ORF329_NG_011631.1	1.0
NG_011631.1	adapter_corrected	ncbi	exact	NG_011631.1:adapter:1206	NG_011631.1:ncbi:ORF899_NG_011631.1	1.0
NG_011631.1	adapter_corrected	ncbi	exact	NG_011631.1:adapter:1207	NG_011631.1:ncbi:ORF335_NG_011631.1	1.0
NG_011631.1	adapter_corrected	ncbi	exact	NG_011631.1:adapter:1208	NG_011631.1:ncbi:ORF632_NG_011631.1	1.0
NG_011631.1	adapter_corrected	ncbi	exact	NG_011631.1:adapter:1209	NG_011631.1:ncbi:ORF105_NG_011631.1	1.0
NG_011631.1	adapter_corrected	ncbi	exact	NG_011631.1:adapter:121	NG_011631.1:ncbi:ORF1347_NG_011631.1	1.0
NG_011631.1	adapter_corrected	ncbi	exact	NG_011631.1:adapter:1210	NG_011631.1:ncbi:ORF640_NG_011631.1	1.0
NG_011631.1	adapter_corrected	ncbi	exact	NG_011631.1:adapter:1211	NG_011631.1:ncbi:ORF641_NG_011631.1	1.0
NG_011631.1	adapter_corrected	ncbi	exact	NG_011631.1:adapter:1212	NG_011631.1:ncbi:ORF363_NG_011631.1	1.0
NG_011631.1	adapter_corrected	ncbi	exact	NG_011631.1:adapter:1213	NG_011631.1:ncbi:ORF364_NG_011631.1	1.0
NG_011631.1	adapter_corrected	ncbi	exact	NG_011631.1:adapter:1214	NG_011631.1:ncbi:ORF370_NG_011631.1	1.0
NG_011631.1	adapter_corrected	ncbi	exact	NG_011631.1:adapter:1215	NG_011631.1:ncbi:ORF1484_NG_011631.1	1.0
NG_011631.1	adapter_corrected	ncbi	exact	NG_011631.1:adapter:1216	NG_011631.1:ncbi:ORF653_NG_011631.1	1.0
NG_011631.1	adapter_corrected	ncbi	exact	NG_011631.1:adapter:1217	NG_011631.1:ncbi:ORF1227_NG_011631.1	1.0
NG_011631.1	adapter_corrected	ncbi	exact	NG_011631.1:adapter:1218	NG_011631.1:ncbi:ORF122_NG_011631.1	1.0
NG_011631.1	adapter_corrected	ncbi	exact	NG_011631.1:adapter:1219	NG_011631.1:ncbi:ORF658_NG_011631.1	1.0
NG_011631.1	adapter_corrected	ncbi	exact	NG_011631.1:adapter:122	NG_011631.1:ncbi:ORF1476_NG_011631.1	1.0
NG_011631.1	adapter_corrected	ncbi	exact	NG_011631.1:adapter:1220	NG_011631.1:ncbi:ORF388_NG_011631.1	1.0
NG_011631.1	adapter_corrected	ncbi	exact	NG_011631.1:adapter:1221	NG_011631.1:ncbi:ORF131_NG_011631.1	1.0
NG_011631.1	adapter_corrected	ncbi	exact	NG_011631.1:adapter:1222	NG_011631.1:ncbi:ORF391_NG_011631.1	1.0
NG_011631.1	adapter_corrected	ncbi	exact	NG_011631.1:adapter:1223	NG_011631.1:ncbi:ORF134_NG_011631.1	1.0
NG_011631.1	adapter_corrected	ncbi	exact	NG_011631.1:adapter:1224	NG_011631.1:ncbi:ORF671_NG_011631.1	1.0
NG_011631.1	adapter_corrected	ncbi	exact	NG_011631.1:adapter:1225	NG_011631.1:ncbi:ORF1241_NG_011631.1	1.0
NG_011631.1	adapter_corrected	ncbi	exact	NG_011631.1:adapter:1226	NG_011631.1:ncbi:ORF1246_NG_011631.1	1.0
NG_011631.1	adapter_corrected	ncbi	exact	NG_011631.1:adapter:1227	NG_011631.1:ncbi:ORF969_NG_011631.1	1.0
NG_011631.1	adapter_corrected	ncbi	exact	NG_011631.1:adapter:1228	NG_011631.1:ncbi:ORF155_NG_011631.1	1.0
NG_011631.1	adapter_corrected	ncbi	exact	NG_011631.1:adapter:1229	NG_011631.1:ncbi:ORF157_NG_011631.1	1.0
NG_011631.1	adapter_corrected	ncbi	exact	NG_011631.1:adapter:123	NG_011631.1:ncbi:ORF1270_NG_011631.1	1.0
NG_011631.1	adapter_corrected	ncbi	exact	NG_011631.1:adapter:1230	NG_011631.1:ncbi:ORF1259_NG_011631.1	1.0
NG_011631.1	adapter_corrected	ncbi	exact	NG_011631.1:adapter:1231	NG_011631.1:ncbi:ORF1527_NG_011631.1	1.0
NG_011631.1	adapter_corrected	ncbi	exact	NG_011631.1:adapter:1232	NG_011631.1:ncbi:ORF1528_NG_011631.1	1.0
NG_011631.1	adapter_corrected	ncbi	exact	NG_011631.1:adapter:1233	NG_011631.1:ncbi:ORF981_NG_011631.1	1.0
NG_011631.1	adapter_corrected	ncbi	exact	NG_011631.1:adapter:1234	NG_011631.1:ncbi:ORF984_NG_011631.1	1.0
NG_011631.1	adapter_corrected	ncbi	exact	NG_011631.1:adapter:1235	NG_011631.1:ncbi:ORF413_NG_011631.1	1.0
NG_011631.1	adapter_corrected	ncbi	exact	NG_011631.1:adapter:1236	NG_011631.1:ncbi:ORF1271_NG_011631.1	1.0
NG_011631.1	adapter_corrected	ncbi	exact	NG_011631.1:adapter:1237	NG_011631.1:ncbi:ORF994_NG_011631.1	1.0
NG_011631.1	adapter_corrected	ncbi	exact	NG_011631.1:adapter:1238	NG_011631.1:ncbi:ORF172_NG_011631.1	1.0
NG_011631.1	adapter_corrected	ncbi	exact	NG_011631.1:adapter:1239	NG_011631.1:ncbi:ORF715_NG_011631.1	1.0
NG_011631.1	adapter_corrected	ncbi	exact	NG_011631.1:adapter:124	NG_011631.1:ncbi:ORF179_NG_011631.1	1.0
NG_011631.1	adapter_corrected	ncbi	exact	NG_011631.1:adapter:1240	NG_011631.1:ncbi:ORF444_NG_011631.1	1.0
NG_011631.1	adapter_corrected	ncbi	exact	NG_011631.1:adapter:1241	NG_011631.1:ncbi:ORF1020_NG_011631.1	1.0
NG_011631.1	adapter_corrected	ncbi	exact	NG_011631.1:adapter:1242	NG_011631.1:ncbi:ORF1029_NG_011631.1	1.0
NG_011631.1	adapter_corrected	ncbi	exact	NG_011631.1:adapter:1243	NG_011631.1:ncbi:ORF460_NG_011631.1	1.0
NG_011631.1	adapter_corrected	ncbi	exact	NG_011631.1:adapter:1244	NG_011631.1:ncbi:ORF1310_NG_011631.1	1.0
NG_011631.1	adapter_corrected	ncbi	exact	NG_011631.1:adapter:1245	NG_011631.1:ncbi:ORF1582_NG_011631.1	1.0
NG_011631.1	adapter_corrected	ncbi	exact	NG_011631.1:adapter:1246	NG_011631.1:ncbi:ORF209_NG_011631.1	1.0
NG_011631.1	adapter_corrected	ncbi	exact	NG_011631.1:adapter:1247	NG_011631.1:ncbi:ORF479_NG_011631.1	1.0
NG_011631.1	adapter_corrected	ncbi	exact	NG_011631.1:adapter:1248	NG_011631.1:ncbi:ORF773_NG_011631.1	1.0
NG_011631.1	adapter_corrected	ncbi	exact	NG_011631.1:adapter:1249	NG_011631.1:ncbi:ORF231_NG_011631.1	1.0
NG_011631.1	adapter_corrected	ncbi	exact	NG_011631.1:adapter:125	NG_011631.1:ncbi:ORF442_NG_011631.1	1.0
NG_011631.1	adapter_corrected	ncbi	exact	NG_011631.1:adapter:1250	NG_011631.1:ncbi:ORF497_NG_011631.1	1.0
NG_011631.1	adapter_corrected	ncbi	exact	NG_011631.1:adapter:1251	NG_011631.1:ncbi:ORF243_NG_011631.1	1.0
NG_011631.1	adapter_corrected	ncbi	exact	NG_011631.1:adapter:1252	NG_011631.1:ncbi:ORF1083_NG_011631.1	1.0
NG_011631.1	adapter_corrected	ncbi	exact	NG_011631.1:adapter:1253	NG_011631.1:ncbi:ORF1352_NG_011631.1	1.0
NG_011631.1	adapter_corrected	ncbi	exact	NG_011631.1:adapter:1254	NG_011631.1:ncbi:ORF252_NG_011631.1	1.0
NG_011631.1	adapter_corrected	ncbi	exact	NG_011631.1:adapter:1255	NG_011631.1:ncbi:ORF1363_NG_011631.1	1.0
NG_011631.1	adapter_corrected	ncbi	exact	NG_011631.1:adapter:1256	NG_011631.1:ncbi:ORF1119_NG_011631.1	1.0
NG_011631.1	adapter_corrected	ncbi	exact	NG_011631.1:adapter:1257	NG_011631.1:ncbi:ORF1380_NG_011631.1	1.0
NG_011631.1	adapter_corrected	ncbi	exact	NG_011631.1:adapter:1258	NG_011631.1:ncbi:ORF1126_NG_011631.1	1.0
NG_011631.1	adapter_corrected	ncbi	exact	NG_011631.1:adapter:1259	NG_011631.1:ncbi:ORF1128_NG_011631.1	1.0
NG_011631.1	adapter_corrected	ncbi	exact	NG_011631.1:adapter:126	NG_011631.1:ncbi:ORF211_NG_011631.1	1.0
NG_011631.1	adapter_corrected	ncbi	exact	NG_011631.1:adapter:1260	NG_011631.1:ncbi:ORF1130_NG_011631.1	1.0
NG_011631.1	adapter_corrected	ncbi	exact	NG_011631.1:adapter:1261	NG_011631.1:ncbi:ORF845_NG_011631.1	1.0
NG_011631.1	adapter_corrected	ncbi	exact	NG_011631.1:adapter:1262	NG_011631.1:ncbi:ORF289_NG_011631.1	1.0
NG_011631.1	adapter_corrected	ncbi	exact	NG_011631.1:adapter:1263	NG_011631.1:ncbi:ORF30_NG_011631.1	1.0
NG_011631.1	adapter_corrected	ncbi	exact	NG_011631.1:adapter:1264	NG_011631.1:ncbi:ORF39_NG_011631.1	1.0
NG_011631.1	adapter_corrected	ncbi	exact	NG_011631.1:adapter:1265	NG_011631.1:ncbi:ORF298_NG_011631.1	1.0
NG_011631.1	adapter_corrected	ncbi	exact	NG_011631.1:adapter:1266	NG_011631.1:ncbi:ORF1145_NG_011631.1	1.0
NG_011631.1	adapter_corrected	ncbi	exact	NG_011631.1:adapter:1267	NG_011631.1:ncbi:ORF569_NG_011631.1	1.0
NG_011631.1	adapter_corrected	ncbi	exact	NG_011631.1:adapter:1268	NG_011631.1:ncbi:ORF54_NG_011631.1	1.0
NG_011631.1	adapter_corrected	ncbi	exact	NG_011631.1:adapter:1269	NG_011631.1:ncbi:ORF573_NG_011631.1	1.0
NG_011631.1	adapter_corrected	ncbi	exact	NG_011631.1:adapter:127	NG_011631.1:ncbi:ORF236_NG_011631.1	1.0
NG_011631.1	adapter_corrected	ncbi	exact	NG_011631.1:adapter:1270	NG_011631.1:ncbi:ORF866_NG_011631.1	1.0
NG_011631.1	adapter_corrected	ncbi	exact	NG_011631.1:adapter:1271	NG_011631.1:ncbi:ORF59_NG_011631.1	1.0
NG_011631.1	adapter_corrected	ncbi	exact	NG_011631.1:adapter:1272	NG_011631.1:ncbi:ORF1420_NG_011631.1	1.0
NG_011631.1	adapter_corrected	ncbi	exact	NG_011631.1:adapter:1273	NG_011631.1:ncbi:ORF1168_NG_011631.1	1.0
NG_011631.1	adapter_corrected	ncbi	exact	NG_011631.1:adapter:1274	NG_011631.1:ncbi:ORF1170_NG_011631.1	1.0
NG_011631.1	adapter_corrected	ncbi	exact	NG_011631.1:adapter:1275	NG_011631.1:ncbi:ORF64_NG_011631.1	1.0
NG_011631.1	adapter_corrected	ncbi	exact	NG_011631.1:adapter:1276	NG_011631.1:ncbi:ORF1172_NG_011631.1	1.0
NG_011631.1	adapter_corrected	ncbi	exact	NG_011631.1:adapter:1277	NG_011631.1:ncbi:ORF877_NG_011631.1	1.0
NG_011631.1	adapter_corrected	ncbi	exact	NG_011631.1:adapter:1278	NG_011631.1:ncbi:ORF76_NG_011631.1	1.0
NG_011631.1	adapter_corrected	ncbi	exact	NG_011631.1:adapter:1279	NG_011631.1:ncbi:ORF885_NG_011631.1	1.0
NG_011631.1	adapter_corrected	ncbi	exact	NG_011631.1:adapter:128	NG_011631.1:ncbi:ORF802_NG_011631.1	1.0
NG_011631.1	adapter_corrected	ncbi	exact	NG_011631.1:adapter:1280	NG_011631.1:ncbi:ORF608_NG_011631.1	1.0
NG_011631.1	adapter_corrected	ncbi	exact	NG_011631.1:adapter:1281	NG_011631.1:ncbi:ORF1448_NG_011631.1	1.0
NG_011631.1	adapter_corrected	ncbi	exact	NG_011631.1:adapter:1282	NG_011631.1:ncbi:ORF617_NG_011631.1	1.0
NG_011631.1	adapter_corrected	ncbi	exact	NG_011631.1:adapter:1283	NG_011631.1:ncbi:ORF91_NG_011631.1	1.0
NG_011631.1	adapter_corrected	ncbi	exact	NG_011631.1:adapter:1284	NG_011631.1:ncbi:ORF1213_NG_011631.1	1.0
NG_011631.1	adapter_corrected	ncbi	exact	NG_011631.1:adapter:1285	NG_011631.1:ncbi:ORF372_NG_011631.1	1.0
NG_011631.1	adapter_corrected	ncbi	exact	NG_011631.1:adapter:1286	NG_011631.1:ncbi:ORF925_NG_011631.1	1.0
NG_011631.1	adapter_corrected	ncbi	exact	NG_011631.1:adapter:1287	NG_011631.1:ncbi:ORF1217_NG_011631.1	1.0
NG_011631.1	adapter_corrected	ncbi	exact	NG_011631.1:adapter:1288	NG_011631.1:ncbi:ORF927_NG_011631.1	1.0
NG_011631.1	adapter_corrected	ncbi	exact	NG_011631.1:adapter:1289	NG_011631.1:ncbi:ORF1218_NG_011631.1	1.0
NG_011631.1	adapter_corrected	ncbi	exact	NG_011631.1:adapter:129	NG_011631.1:ncbi:ORF25_NG_011631.1	1.0
NG_011631.1	adapter_corrected	ncbi	exact	NG_011631.1:adapter:1290	NG_011631.1:ncbi:ORF1224_NG_011631.1	1.0
NG_011631.1	adapter_corrected	ncbi	exact	NG_011631.1:adapter:1291	NG_011631.1:ncbi:ORF656_NG_011631.1	1.0
NG_011631.1	adapter_corrected	ncbi	exact	NG_011631.1:adapter:1292	NG_011631.1:ncbi:ORF121_NG_011631.1	1.0
NG_011631.1	adapter_corrected	ncbi	exact	NG_011631.1:adapter:1293	NG_011631.1:ncbi:ORF941_NG_011631.1	1.0
NG_011631.1	adapter_corrected	ncbi	exact	NG_011631.1:adapter:1294	NG_011631.1:ncbi:ORF1499_NG_011631.1	1.0
NG_011631.1	adapter_corrected	ncbi	exact	NG_011631.1:adapter:1295	NG_011631.1:ncbi:ORF395_NG_011631.1	1.0
NG_011631.1	adapter_corrected	ncbi	exact	NG_011631.1:adapter:1296	NG_011631.1:ncbi:ORF138_NG_011631.1	1.0
NG_011631.1	adapter_corrected	ncbi	exact	NG_011631.1:adapter:1297	NG_011631.1:ncbi:ORF681_NG_011631.1	1.0
NG_011631.1	adapter_corrected	ncbi	exact	NG_011631.1:adapter:1298	NG_011631.1:ncbi:ORF963_NG_011631.1	1.0
NG_011631.1	adapter_corrected	ncbi	exact	NG_011631.1:adapter:1299	NG_011631.1:ncbi:ORF1252_NG_011631.1	1.0
NG_011631.1	adapter_corrected	ncbi	exact	NG_011631.1:adapter:13	NG_011631.1:ncbi:ORF525_NG_011631.1	1.0
NG_011631.1	adapter_corrected	ncbi	exact	NG_011631.1:adapter:130	NG_011631.1:ncbi:ORF905_NG_011631.1	1.0
NG_011631.1	adapter_corrected	ncbi	exact	NG_011631.1:adapter:1300	NG_011631.1:ncbi:ORF689_NG_011631.1	1.0
NG_011631.1	adapter_corrected	ncbi	exact	NG_011631.1:adapter:1301	NG_011631.1:ncbi:ORF416_NG_011631.1	1.0
NG_011631.1	adapter_corrected	ncbi	exact	NG_011631.1:adapter:1302	NG_011631.1:ncbi:ORF706_NG_011631.1	1.0
NG_011631.1	adapter_corrected	ncbi	exact	NG_011631.1:adapter:1303	NG_011631.1:ncbi:ORF1544_NG_011631.1	1.0
NG_011631.1	adapter_corrected	ncbi	exact	NG_011631.1:adapter:1304	NG_011631.1:ncbi:ORF432_NG_011631.1	1.0
NG_011631.1	adapter_corrected	ncbi	exact	NG_011631.1:adapter:1305	NG_011631.1:ncbi:ORF723_NG_011631.1	1.0
NG_011631.1	adapter_corrected	ncbi	exact	NG_011631.1:adapter:1306	NG_011631.1:ncbi:ORF1009_NG_011631.1	1.0
NG_011631.1	adapter_corrected	ncbi	exact	NG_011631.1:adapter:1307	NG_011631.1:ncbi:ORF1287_NG_011631.1	1.0
NG_011631.1	adapter_corrected	ncbi	exact	NG_011631.1:adapter:1308	NG_011631.1:ncbi:ORF446_NG_011631.1	1.0
NG_011631.1	adapter_corrected	ncbi	exact	NG_011631.1:adapter:1309	NG_011631.1:ncbi:ORF729_NG_011631.1	1.0
NG_011631.1	adapter_corrected	ncbi	exact	NG_011631.1:adapter:131	NG_011631.1:ncbi:ORF628_NG_011631.1	1.0
NG_011631.1	adapter_corrected	ncbi	exact	NG_011631.1:adapter:1310	NG_011631.1:ncbi:ORF736_NG_011631.1	1.0
NG_011631.1	adapter_corrected	ncbi	exact	NG_011631.1:adapter:1311	NG_011631.1:ncbi:ORF457_NG_011631.1	1.0
NG_011631.1	adapter_corrected	ncbi	exact	NG_011631.1:adapter:1312	NG_011631.1:ncbi:ORF1570_NG_011631.1	1.0
NG_011631.1	adapter_corrected	ncbi	exact	NG_011631.1:adapter:1313	NG_011631.1:ncbi:ORF747_NG_011631.1	1.0
NG_011631.1	adapter_corrected	ncbi	exact	NG_011631.1:adapter:1314	NG_011631.1:ncbi:ORF749_NG_011631.1	1.0
NG_011631.1	adapter_corrected	ncbi	exact	NG_011631.1:adapter:1315	NG_011631.1:ncbi:ORF1043_NG_011631.1	1.0
NG_011631.1	adapter_corrected	ncbi	exact	NG_011631.1:adapter:1316	NG_011631.1:ncbi:ORF1318_NG_011631.1	1.0
NG_011631.1	adapter_corrected	ncbi	exact	NG_011631.1:adapter:1317	NG_011631.1:ncbi:ORF776_NG_011631.1	1.0
NG_011631.1	adapter_corrected	ncbi	exact	NG_011631.1:adapter:1318	NG_011631.1:ncbi:ORF1336_NG_011631.1	1.0
NG_011631.1	adapter_corrected	ncbi	exact	NG_011631.1:adapter:1319	NG_011631.1:ncbi:ORF232_NG_011631.1	1.0
NG_011631.1	adapter_corrected	ncbi	exact	NG_011631.1:adapter:132	NG_011631.1:ncbi:ORF635_NG_011631.1	1.0
NG_011631.1	adapter_corrected	ncbi	exact	NG_011631.1:adapter:1320	NG_011631.1:ncbi:ORF788_NG_011631.1	1.0
NG_011631.1	adapter_corrected	ncbi	exact	NG_011631.1:adapter:1321	NG_011631.1:ncbi:ORF1075_NG_011631.1	1.0
NG_011631.1	adapter_corrected	ncbi	exact	NG_011631.1:adapter:1322	NG_011631.1:ncbi:ORF798_NG_011631.1	1.0
NG_011631.1	adapter_corrected	ncbi	exact	NG_011631.1:adapter:1323	NG_011631.1:ncbi:ORF1092_NG_011631.1	1.0
NG_011631.1	adapter_corrected	ncbi	exact	NG_011631.1:adapter:1324	NG_011631.1:ncbi:ORF800_NG_011631.1	1.0
NG_011631.1	adapter_corrected	ncbi	exact	NG_011631.1:adapter:1325	NG_011631.1:ncbi:ORF1645_NG_011631.1	1.0
NG_011631.1	adapter_corrected	ncbi	exact	NG_011631.1:adapter:1326	NG_011631.1:ncbi:ORF268_NG_011631.1	1.0
NG_011631.1	adapter_corrected	ncbi	exact	NG_011631.1:adapter:1327	NG_011631.1:ncbi:ORF821_NG_011631.1	1.0
NG_011631.1	adapter_corrected	ncbi	exact	NG_011631.1:adapter:1328	NG_011631.1:ncbi:ORF536_NG_011631.1	1.0
NG_011631.1	adapter_corrected	ncbi	exact	NG_011631.1:adapter:1329	NG_011631.1:ncbi:ORF837_NG_011631.1	1.0
NG_011631.1	adapter_corrected	ncbi	exact	NG_011631.1:adapter:133	NG_011631.1:ncbi:ORF377_NG_011631.1	1.0
NG_011631.1	adapter_corrected	ncbi	exact	NG_011631.1:adapter:1330	NG_011631.1:ncbi:ORF1386_NG_011631.1	1.0
NG_011631.1	adapter_corrected	ncbi	exact	NG_011631.1:adapter:1331	NG_011631.1:ncbi:ORF1131_NG_011631.1	1.0
NG_011631.1	adapter_corrected	ncbi	exact	NG_011631.1:adapter:1332	NG_011631.1:ncbi:ORF1132_NG_011631.1	1.0
NG_011631.1	adapter_corrected	ncbi	exact	NG_011631.1:adapter:1333	NG_011631.1:ncbi:ORF1396_NG_011631.1	1.0
NG_011631.1	adapter_corrected	ncbi	exact	NG_011631.1:adapter:1334	NG_011631.1:ncbi:ORF554_NG_011631.1	1.0
NG_011631.1	adapter_corrected	ncbi	exact	NG_011631.1:adapter:1335	NG_011631.1:ncbi:ORF557_NG_011631.1	1.0
NG_011631.1	adapter_corrected	ncbi	exact	NG_011631.1:adapter:1336	NG_011631.1:ncbi:ORF562_NG_011631.1	1.0
NG_011631.1	adapter_corrected	ncbi	exact	NG_011631.1:adapter:1337	NG_011631.1:ncbi:ORF566_NG_011631.1	1.0
NG_011631.1	adapter_corrected	ncbi	exact	NG_011631.1:adapter:1338	NG_011631.1:ncbi:ORF45_NG_011631.1	1.0
NG_011631.1	adapter_corrected	ncbi	exact	NG_011631.1:adapter:1339	NG_011631.1:ncbi:ORF1156_NG_011631.1	1.0
NG_011631.1	adapter_corrected	ncbi	exact	NG_011631.1:adapter:134	NG_011631.1:ncbi:ORF1220_NG_011631.1	1.0
NG_011631.1	adapter_corrected	ncbi	exact	NG_011631.1:adapter:1340	NG_011631.1:ncbi:ORF1169_NG_011631.1	1.0
NG_011631.1	adapter_corrected	ncbi	exact	NG_011631.1:adapter:1341	NG_011631.1:ncbi:ORF313_NG_011631.1	1.0
NG_011631.1	adapter_corrected	ncbi	exact	NG_011631.1:adapter:1342	NG_011631.1:ncbi:ORF593_NG_011631.1	1.0
NG_011631.1	adapter_corrected	ncbi	exact	NG_011631.1:adapter:1343	NG_011631.1:ncbi:ORF74_NG_011631.1	1.0
NG_011631.1	adapter_corrected	ncbi	exact	NG_011631.1:adapter:1344	NG_011631.1:ncbi:ORF327_NG_011631.1	1.0
NG_011631.1	adapter_corrected	ncbi	exact	NG_011631.1:adapter:1345	NG_011631.1:ncbi:ORF605_NG_011631.1	1.0
NG_011631.1	adapter_corrected	ncbi	exact	NG_011631.1:adapter:1346	NG_011631.1:ncbi:ORF1445_NG_011631.1	1.0
NG_011631.1	adapter_corrected	ncbi	exact	NG_011631.1:adapter:1347	NG_011631.1:ncbi:ORF615_NG_011631.1	1.0
NG_011631.1	adapter_corrected	ncbi	exact	NG_011631.1:adapter:1348	NG_011631.1:ncbi:ORF1452_NG_011631.1	1.0
NG_011631.1	adapter_corrected	ncbi	exact	NG_011631.1:adapter:1349	NG_011631.1:ncbi:ORF621_NG_011631.1	1.0
NG_011631.1	adapter_corrected	ncbi	exact	NG_011631.1:adapter:135	NG_011631.1:ncbi:ORF935_NG_011631.1	1.0
NG_011631.1	adapter_corrected	ncbi	exact	NG_011631.1:adapter:1350	NG_011631.1:ncbi:ORF1459_NG_011631.1	1.0
NG_011631.1	adapter_corrected	ncbi	exact	NG_011631.1:adapter:1351	NG_011631.1:ncbi:ORF625_NG_011631.1	1.0
NG_011631.1	adapter_corrected	ncbi	exact	NG_011631.1:adapter:1352	NG_011631.1:ncbi:ORF1460_NG_011631.1	1.0
NG_011631.1	adapter_corrected	ncbi	exact	NG_011631.1:adapter:1353	NG_011631.1:ncbi:ORF343_NG_011631.1	1.0
NG_011631.1	adapter_corrected	ncbi	exact	NG_011631.1:adapter:1354	NG_011631.1:ncbi:ORF96_NG_011631.1	1.0
NG_011631.1	adapter_corrected	ncbi	exact	NG_011631.1:adapter:1355	NG_011631.1:ncbi:ORF1201_NG_011631.1	1.0
NG_011631.1	adapter_corrected	ncbi	exact	NG_011631.1:adapter:1356	NG_011631.1:ncbi:ORF103_NG_011631.1	1.0
NG_011631.1	adapter_corrected	ncbi	exact	NG_011631.1:adapter:1357	NG_011631.1:ncbi:ORF633_NG_011631.1	1.0
NG_011631.1	adapter_corrected	ncbi	exact	NG_011631.1:adapter:1358	NG_011631.1:ncbi:ORF104_NG_011631.1	1.0
NG_011631.1	adapter_corrected	ncbi	exact	NG_011631.1:adapter:1359	NG_011631.1:ncbi:ORF1470_NG_011631.1	1.0
NG_011631.1	adapter_corrected	ncbi	exact	NG_011631.1:adapter:136	NG_011631.1:ncbi:ORF1549_NG_011631.1	1.0
NG_011631.1	adapter_corrected	ncbi	exact	NG_011631.1:adapter:1360	NG_011631.1:ncbi:ORF918_NG_011631.1	1.0
NG_011631.1	adapter_corrected	ncbi	exact	NG_011631.1:adapter:1361	NG_011631.1:ncbi:ORF1474_NG_011631.1	1.0
NG_011631.1	adapter_corrected	ncbi	exact	NG_011631.1:adapter:1362	NG_011631.1:ncbi:ORF921_NG_011631.1	1.0
NG_011631.1	adapter_corrected	ncbi	exact	NG_011631.1:adapter:1363	NG_011631.1:ncbi:ORF923_NG_011631.1	1.0
NG_011631.1	adapter_corrected	ncbi	exact	NG_011631.1:adapter:1364	NG_011631.1:ncbi:ORF1214_NG_011631.1	1.0
NG_011631.1	adapter_corrected	ncbi	exact	NG_011631.1:adapter:1365	NG_011631.1:ncbi:ORF376_NG_011631.1	1.0
NG_011631.1	adapter_corrected	ncbi	exact	NG_011631.1:adapter:1366	NG_011631.1:ncbi:ORF379_NG_011631.1	1.0
NG_011631.1	adapter_corrected	ncbi	exact	NG_011631.1:adapter:1367	NG_011631.1:ncbi:ORF1228_NG_011631.1	1.0
NG_011631.1	adapter_corrected	ncbi	exact	NG_011631.1:adapter:1368	NG_011631.1:ncbi:ORF130_NG_011631.1	1.0
NG_011631.1	adapter_corrected	ncbi	exact	NG_011631.1:adapter:1369	NG_011631.1:ncbi:ORF1238_NG_011631.1	1.0
NG_011631.1	adapter_corrected	ncbi	exact	NG_011631.1:adapter:137	NG_011631.1:ncbi:ORF730_NG_011631.1	1.0
NG_011631.1	adapter_corrected	ncbi	exact	NG_011631.1:adapter:1370	NG_011631.1:ncbi:ORF1507_NG_011631.1	1.0
NG_011631.1	adapter_corrected	ncbi	exact	NG_011631.1:adapter:1371	NG_011631.1:ncbi:ORF950_NG_011631.1	1.0
NG_011631.1	adapter_corrected	ncbi	exact	NG_011631.1:adapter:1372	NG_011631.1:ncbi:ORF1247_NG_011631.1	1.0
NG_011631.1	adapter_corrected	ncbi	exact	NG_011631.1:adapter:1373	NG_011631.1:ncbi:ORF687_NG_011631.1	1.0
NG_011631.1	adapter_corrected	ncbi	exact	NG_011631.1:adapter:1374	NG_011631.1:ncbi:ORF159_NG_011631.1	1.0
NG_011631.1	adapter_corrected	ncbi	exact	NG_011631.1:adapter:1375	NG_011631.1:ncbi:ORF414_NG_011631.1	1.0
NG_011631.1	adapter_corrected	ncbi	exact	NG_011631.1:adapter:1376	NG_011631.1:ncbi:ORF705_NG_011631.1	1.0
NG_011631.1	adapter_corrected	ncbi	exact	NG_011631.1:adapter:1377	NG_011631.1:ncbi:ORF417_NG_011631.1	1.0
NG_011631.1	adapter_corrected	ncbi	exact	NG_011631.1:adapter:1378	NG_011631.1:ncbi:ORF421_NG_011631.1	1.0
NG_011631.1	adapter_corrected	ncbi	exact	NG_011631.1:adapter:1379	NG_011631.1:ncbi:ORF168_NG_011631.1	1.0
NG_011631.1	adapter_corrected	ncbi	exact	NG_011631.1:adapter:138	NG_011631.1:ncbi:ORF1569_NG_011631.1	1.0
NG_011631.1	adapter_corrected	ncbi	exact	NG_011631.1:adapter:1380	NG_011631.1:ncbi:ORF719_NG_011631.1	1.0
NG_011631.1	adapter_corrected	ncbi	exact	NG_011631.1:adapter:1381	NG_011631.1:ncbi:ORF436_NG_011631.1	1.0
NG_011631.1	adapter_corrected	ncbi	exact	NG_011631.1:adapter:1382	NG_011631.1:ncbi:ORF441_NG_011631.1	1.0
NG_011631.1	adapter_corrected	ncbi	exact	NG_011631.1:adapter:1383	NG_011631.1:ncbi:ORF725_NG_011631.1	1.0
NG_011631.1	adapter_corrected	ncbi	exact	NG_011631.1:adapter:1384	NG_011631.1:ncbi:ORF1013_NG_011631.1	1.0
NG_011631.1	adapter_corrected	ncbi	exact	NG_011631.1:adapter:1385	NG_011631.1:ncbi:ORF1021_NG_011631.1	1.0
NG_011631.1	adapter_corrected	ncbi	exact	NG_011631.1:adapter:1386	NG_011631.1:ncbi:ORF1036_NG_011631.1	1.0
NG_011631.1	adapter_corrected	ncbi	exact	NG_011631.1:adapter:1387	NG_011631.1:ncbi:ORF1578_NG_011631.1	1.0
NG_011631.1	adapter_corrected	ncbi	exact	NG_011631.1:adapter:1388	NG_011631.1:ncbi:ORF1583_NG_011631.1	1.0
NG_011631.1	adapter_corrected	ncbi	exact	NG_011631.1:adapter:1389	NG_011631.1:ncbi:ORF1584_NG_011631.1	1.0
NG_011631.1	adapter_corrected	ncbi	exact	NG_011631.1:adapter:139	NG_011631.1:ncbi:ORF1422_NG_011631.1	1.0
NG_011631.1	adapter_corrected	ncbi	exact	NG_011631.1:adapter:1390	NG_011631.1:ncbi:ORF766_NG_011631.1	1.0
NG_011631.1	adapter_corrected	ncbi	exact	NG_011631.1:adapter:1391	NG_011631.1:ncbi:ORF1055_NG_011631.1	1.0
NG_011631.1	adapter_corrected	ncbi	exact	NG_011631.1:adapter:1392	NG_011631.1:ncbi:ORF1057_NG_011631.1	1.0
NG_011631.1	adapter_corrected	ncbi	exact	NG_011631.1:adapter:1393	NG_011631.1:ncbi:ORF1058_NG_011631.1	1.0
NG_011631.1	adapter_corrected	ncbi	exact	NG_011631.1:adapter:1394	NG_011631.1:ncbi:ORF216_NG_011631.1	1.0
NG_011631.1	adapter_corrected	ncbi	exact	NG_011631.1:adapter:1395	NG_011631.1:ncbi:ORF221_NG_011631.1	1.0
NG_011631.1	adapter_corrected	ncbi	exact	NG_011631.1:adapter:1396	NG_011631.1:ncbi:ORF1603_NG_011631.1	1.0
NG_011631.1	adapter_corrected	ncbi	exact	NG_011631.1:adapter:1397	NG_011631.1:ncbi:ORF777_NG_011631.1	1.0
NG_011631.1	adapter_corrected	ncbi	exact	NG_011631.1:adapter:1398	NG_011631.1:ncbi:ORF778_NG_011631.1	1.0
NG_011631.1	adapter_corrected	ncbi	exact	NG_011631.1:adapter:1399	NG_011631.1:ncbi:ORF487_NG_011631.1	1.0
NG_011631.1	adapter_corrected	ncbi	exact	NG_011631.1:adapter:14	NG_011631.1:ncbi:ORF743_NG_011631.1	1.0
NG_011631.1	adapter_corrected	ncbi	exact	NG_011631.1:adapter:140	NG_011631.1:ncbi:ORF584_NG_011631.1	1.0
NG_011631.1	adapter_corrected	ncbi	exact	NG_011631.1:adapter:1400	NG_011631.1:ncbi:ORF1611_NG_011631.1	1.0
NG_011631.1	adapter_corrected	ncbi	exact	NG_011631.1:adapter:1401	NG_011631.1:ncbi:ORF493_NG_011631.1	1.0
NG_011631.1	adapter_corrected	ncbi	exact	NG_011631.1:adapter:1402	NG_011631.1:ncbi:ORF233_NG_011631.1	1.0
NG_011631.1	adapter_corrected	ncbi	exact	NG_011631.1:adapter:1403	NG_011631.1:ncbi:ORF1076_NG_011631.1	1.0
NG_011631.1	adapter_corrected	ncbi	exact	NG_011631.1:adapter:1404	NG_011631.1:ncbi:ORF1079_NG_011631.1	1.0
NG_011631.1	adapter_corrected	ncbi	exact	NG_011631.1:adapter:1405	NG_011631.1:ncbi:ORF241_NG_011631.1	1.0
NG_011631.1	adapter_corrected	ncbi	exact	NG_011631.1:adapter:1406	NG_011631.1:ncbi:ORF1350_NG_011631.1	1.0
NG_011631.1	adapter_corrected	ncbi	exact	NG_011631.1:adapter:1407	NG_011631.1:ncbi:ORF500_NG_011631.1	1.0
NG_011631.1	adapter_corrected	ncbi	exact	NG_011631.1:adapter:1408	NG_011631.1:ncbi:ORF1356_NG_011631.1	1.0
NG_011631.1	adapter_corrected	ncbi	exact	NG_011631.1:adapter:1409	NG_011631.1:ncbi:ORF1638_NG_011631.1	1.0
NG_011631.1	adapter_corrected	ncbi	exact	NG_011631.1:adapter:141	NG_011631.1:ncbi:ORF162_NG_011631.1	1.0
NG_011631.1	adapter_corrected	ncbi	exact	NG_011631.1:adapter:1410	NG_011631.1:ncbi:ORF519_NG_011631.1	1.0
NG_011631.1	adapter_corrected	ncbi	exact	NG_011631.1:adapter:1411	NG_011631.1:ncbi:ORF521_NG_011631.1	1.0
NG_011631.1	adapter_corrected	ncbi	exact	NG_011631.1:adapter:1412	NG_011631.1:ncbi:ORF527_NG_011631.1	1.0
NG_011631.1	adapter_corrected	ncbi	exact	NG_011631.1:adapter:1413	NG_011631.1:ncbi:ORF1374_NG_011631.1	1.0
NG_011631.1	adapter_corrected	ncbi	exact	NG_011631.1:adapter:1414	NG_011631.1:ncbi:ORF16_NG_011631.1	1.0
NG_011631.1	adapter_corrected	ncbi	exact	NG_011631.1:adapter:1415	NG_011631.1:ncbi:ORF535_NG_011631.1	1.0
NG_011631.1	adapter_corrected	ncbi	exact	NG_011631.1:adapter:1416	NG_011631.1:ncbi:ORF1125_NG_011631.1	1.0
NG_011631.1	adapter_corrected	ncbi	exact	NG_011631.1:adapter:1417	NG_011631.1:ncbi:ORF279_NG_011631.1	1.0
NG_011631.1	adapter_corrected	ncbi	exact	NG_011631.1:adapter:1418	NG_011631.1:ncbi:ORF1127_NG_011631.1	1.0
NG_011631.1	adapter_corrected	ncbi	exact	NG_011631.1:adapter:1419	NG_011631.1:ncbi:ORF547_NG_011631.1	1.0
NG_011631.1	adapter_corrected	ncbi	exact	NG_011631.1:adapter:142	NG_011631.1:ncbi:ORF990_NG_011631.1	1.0
NG_011631.1	adapter_corrected	ncbi	exact	NG_011631.1:adapter:1420	NG_011631.1:ncbi:ORF1392_NG_011631.1	1.0
NG_011631.1	adapter_corrected	ncbi	exact	NG_011631.1:adapter:1421	NG_011631.1:ncbi:ORF1397_NG_011631.1	1.0
NG_011631.1	adapter_corrected	ncbi	exact	NG_011631.1:adapter:1422	NG_011631.1:ncbi:ORF853_NG_011631.1	1.0
NG_011631.1	adapter_corrected	ncbi	exact	NG_011631.1:adapter:1423	NG_011631.1:ncbi:ORF568_NG_011631.1	1.0
NG_011631.1	adapter_corrected	ncbi	exact	NG_011631.1:adapter:1424	NG_011631.1:ncbi:ORF1406_NG_011631.1	1.0
NG_011631.1	adapter_corrected	ncbi	exact	NG_011631.1:adapter:1425	NG_011631.1:ncbi:ORF55_NG_011631.1	1.0
NG_011631.1	adapter_corrected	ncbi	exact	NG_011631.1:adapter:1426	NG_011631.1:ncbi:ORF574_NG_011631.1	1.0
NG_011631.1	adapter_corrected	ncbi	exact	NG_011631.1:adapter:1427	NG_011631.1:ncbi:ORF578_NG_011631.1	1.0
NG_011631.1	adapter_corrected	ncbi	exact	NG_011631.1:adapter:1428	NG_011631.1:ncbi:ORF585_NG_011631.1	1.0
NG_011631.1	adapter_corrected	ncbi	exact	NG_011631.1:adapter:1429	NG_011631.1:ncbi:ORF874_NG_011631.1	1.0
NG_011631.1	adapter_corrected	ncbi	exact	NG_011631.1:adapter:143	NG_011631.1:ncbi:ORF783_NG_011631.1	1.0
NG_011631.1	adapter_corrected	ncbi	exact	NG_011631.1:adapter:1430	NG_011631.1:ncbi:ORF71_NG_011631.1	1.0
NG_011631.1	adapter_corrected	ncbi	exact	NG_011631.1:adapter:1431	NG_011631.1:ncbi:ORF878_NG_011631.1	1.0
NG_011631.1	adapter_corrected	ncbi	exact	NG_011631.1:adapter:1432	NG_011631.1:ncbi:ORF883_NG_011631.1	1.0
NG_011631.1	adapter_corrected	ncbi	exact	NG_011631.1:adapter:1433	NG_011631.1:ncbi:ORF78_NG_011631.1	1.0
NG_011631.1	adapter_corrected	ncbi	exact	NG_011631.1:adapter:1434	NG_011631.1:ncbi:ORF1450_NG_011631.1	1.0
NG_011631.1	adapter_corrected	ncbi	exact	NG_011631.1:adapter:1435	NG_011631.1:ncbi:ORF616_NG_011631.1	1.0
NG_011631.1	adapter_corrected	ncbi	exact	NG_011631.1:adapter:1436	NG_011631.1:ncbi:ORF904_NG_011631.1	1.0
NG_011631.1	adapter_corrected	ncbi	exact	NG_011631.1:adapter:1437	NG_011631.1:ncbi:ORF1194_NG_011631.1	1.0
NG_011631.1	adapter_corrected	ncbi	exact	NG_011631.1:adapter:1438	NG_011631.1:ncbi:ORF93_NG_011631.1	1.0
NG_011631.1	adapter_corrected	ncbi	exact	NG_011631.1:adapter:1439	NG_011631.1:ncbi:ORF340_NG_011631.1	1.0
NG_011631.1	adapter_corrected	ncbi	exact	NG_011631.1:adapter:144	NG_011631.1:ncbi:ORF1082_NG_011631.1	1.0
NG_011631.1	adapter_corrected	ncbi	exact	NG_011631.1:adapter:1440	NG_011631.1:ncbi:ORF917_NG_011631.1	1.0
NG_011631.1	adapter_corrected	ncbi	exact	NG_011631.1:adapter:1441	NG_011631.1:ncbi:ORF1215_NG_011631.1	1.0
NG_011631.1	adapter_corrected	ncbi	exact	NG_011631.1:adapter:1442	NG_011631.1:ncbi:ORF649_NG_011631.1	1.0
NG_011631.1	adapter_corrected	ncbi	exact	NG_011631.1:adapter:1443	NG_011631.1:ncbi:ORF655_NG_011631.1	1.0
NG_011631.1	adapter_corrected	ncbi	exact	NG_011631.1:adapter:1444	NG_011631.1:ncbi:ORF384_NG_011631.1	1.0
NG_011631.1	adapter_corrected	ncbi	exact	NG_011631.1:adapter:1445	NG_011631.1:ncbi:ORF666_NG_011631.1	1.0
NG_011631.1	adapter_corrected	ncbi	exact	NG_011631.1:adapter:1446	NG_011631.1:ncbi:ORF1500_NG_011631.1	1.0
NG_011631.1	adapter_corrected	ncbi	exact	NG_011631.1:adapter:1447	NG_011631.1:ncbi:ORF1503_NG_011631.1	1.0
NG_011631.1	adapter_corrected	ncbi	exact	NG_011631.1:adapter:1448	NG_011631.1:ncbi:ORF135_NG_011631.1	1.0
NG_011631.1	adapter_corrected	ncbi	exact	NG_011631.1:adapter:1449	NG_011631.1:ncbi:ORF1505_NG_011631.1	1.0
NG_011631.1	adapter_corrected	ncbi	exact	NG_011631.1:adapter:145	NG_011631.1:ncbi:ORF820_NG_011631.1	1.0
NG_011631.1	adapter_corrected	ncbi	exact	NG_011631.1:adapter:1450	NG_011631.1:ncbi:ORF1506_NG_011631.1	1.0
NG_011631.1	adapter_corrected	ncbi	exact	NG_011631.1:adapter:1451	NG_011631.1:ncbi:ORF678_NG_011631.1	1.0
NG_011631.1	adapter_corrected	ncbi	exact	NG_011631.1:adapter:1452	NG_011631.1:ncbi:ORF150_NG_011631.1	1.0
NG_011631.1	adapter_corrected	ncbi	exact	NG_011631.1:adapter:1453	NG_011631.1:ncbi:ORF1249_NG_011631.1	1.0
NG_011631.1	adapter_corrected	ncbi	exact	NG_011631.1:adapter:1454	NG_011631.1:ncbi:ORF403_NG_011631.1	1.0
NG_011631.1	adapter_corrected	ncbi	exact	NG_011631.1:adapter:1455	NG_011631.1:ncbi:ORF692_NG_011631.1	1.0
NG_011631.1	adapter_corrected	ncbi	exact	NG_011631.1:adapter:1456	NG_011631.1:ncbi:ORF1255_NG_011631.1	1.0
NG_011631.1	adapter_corrected	ncbi	exact	NG_011631.1:adapter:1457	NG_011631.1:ncbi:ORF977_NG_011631.1	1.0
NG_011631.1	adapter_corrected	ncbi	exact	NG_011631.1:adapter:1458	NG_011631.1:ncbi:ORF1529_NG_011631.1	1.0
NG_011631.1	adapter_corrected	ncbi	exact	NG_011631.1:adapter:1459	NG_011631.1:ncbi:ORF991_NG_011631.1	1.0
NG_011631.1	adapter_corrected	ncbi	exact	NG_011631.1:adapter:146	NG_011631.1:ncbi:ORF537_NG_011631.1	1.0
NG_011631.1	adapter_corrected	ncbi	exact	NG_011631.1:adapter:1460	NG_011631.1:ncbi:ORF175_NG_011631.1	1.0
NG_011631.1	adapter_corrected	ncbi	exact	NG_011631.1:adapter:1461	NG_011631.1:ncbi:ORF1551_NG_011631.1	1.0
NG_011631.1	adapter_corrected	ncbi	exact	NG_011631.1:adapter:1462	NG_011631.1:ncbi:ORF194_NG_011631.1	1.0
NG_011631.1	adapter_corrected	ncbi	exact	NG_011631.1:adapter:1463	NG_011631.1:ncbi:ORF195_NG_011631.1	1.0
NG_011631.1	adapter_corrected	ncbi	exact	NG_011631.1:adapter:1464	NG_011631.1:ncbi:ORF767_NG_011631.1	1.0
NG_011631.1	adapter_corrected	ncbi	exact	NG_011631.1:adapter:1465	NG_011631.1:ncbi:ORF770_NG_011631.1	1.0
NG_011631.1	adapter_corrected	ncbi	exact	NG_011631.1:adapter:1466	NG_011631.1:ncbi:ORF1597_NG_011631.1	1.0
NG_011631.1	adapter_corrected	ncbi	exact	NG_011631.1:adapter:1467	NG_011631.1:ncbi:ORF217_NG_011631.1	1.0
NG_011631.1	adapter_corrected	ncbi	exact	NG_011631.1:adapter:1468	NG_011631.1:ncbi:ORF1615_NG_011631.1	1.0
NG_011631.1	adapter_corrected	ncbi	exact	NG_011631.1:adapter:1469	NG_011631.1:ncbi:ORF1074_NG_011631.1	1.0
NG_011631.1	adapter_corrected	ncbi	exact	NG_011631.1:adapter:147	NG_011631.1:ncbi:ORF1129_NG_011631.1	1.0
NG_011631.1	adapter_corrected	ncbi	exact	NG_011631.1:adapter:1470	NG_011631.1:ncbi:ORF1617_NG_011631.1	1.0
NG_011631.1	adapter_corrected	ncbi	exact	NG_011631.1:adapter:1471	NG_011631.1:ncbi:ORF246_NG_011631.1	1.0
NG_011631.1	adapter_corrected	ncbi	exact	NG_011631.1:adapter:1472	NG_011631.1:ncbi:ORF1351_NG_011631.1	1.0
NG_011631.1	adapter_corrected	ncbi	exact	NG_011631.1:adapter:1473	NG_011631.1:ncbi:ORF1626_NG_011631.1	1.0
NG_011631.1	adapter_corrected	ncbi	exact	NG_011631.1:adapter:1474	NG_011631.1:ncbi:ORF1096_NG_011631.1	1.0
NG_011631.1	adapter_corrected	ncbi	exact	NG_011631.1:adapter:1475	NG_011631.1:ncbi:ORF1107_NG_011631.1	1.0
NG_011631.1	adapter_corrected	ncbi	exact	NG_011631.1:adapter:1476	NG_011631.1:ncbi:ORF271_NG_011631.1	1.0
NG_011631.1	adapter_corrected	ncbi	exact	NG_011631.1:adapter:1477	NG_011631.1:ncbi:ORF13_NG_011631.1	1.0
NG_011631.1	adapter_corrected	ncbi	exact	NG_011631.1:adapter:1478	NG_011631.1:ncbi:ORF533_NG_011631.1	1.0
NG_011631.1	adapter_corrected	ncbi	exact	NG_011631.1:adapter:1479	NG_011631.1:ncbi:ORF1377_NG_011631.1	1.0
NG_011631.1	adapter_corrected	ncbi	exact	NG_011631.1:adapter:148	NG_011631.1:ncbi:ORF334_NG_011631.1	1.0
NG_011631.1	adapter_corrected	ncbi	exact	NG_011631.1:adapter:1480	NG_011631.1:ncbi:ORF832_NG_011631.1	1.0
NG_011631.1	adapter_corrected	ncbi	exact	NG_011631.1:adapter:1481	NG_011631.1:ncbi:ORF843_NG_011631.1	1.0
NG_011631.1	adapter_corrected	ncbi	exact	NG_011631.1:adapter:1482	NG_011631.1:ncbi:ORF1391_NG_011631.1	1.0
NG_011631.1	adapter_corrected	ncbi	exact	NG_011631.1:adapter:1483	NG_011631.1:ncbi:ORF551_NG_011631.1	1.0
NG_011631.1	adapter_corrected	ncbi	exact	NG_011631.1:adapter:1484	NG_011631.1:ncbi:ORF38_NG_011631.1	1.0
NG_011631.1	adapter_corrected	ncbi	exact	NG_011631.1:adapter:1485	NG_011631.1:ncbi:ORF1147_NG_011631.1	1.0
NG_011631.1	adapter_corrected	ncbi	exact	NG_011631.1:adapter:1486	NG_011631.1:ncbi:ORF1402_NG_011631.1	1.0
NG_011631.1	adapter_corrected	ncbi	exact	NG_011631.1:adapter:1487	NG_011631.1:ncbi:ORF570_NG_011631.1	1.0
NG_011631.1	adapter_corrected	ncbi	exact	NG_011631.1:adapter:1488	NG_011631.1:ncbi:ORF860_NG_011631.1	1.0
NG_011631.1	adapter_corrected	ncbi	exact	NG_011631.1:adapter:1489	NG_011631.1:ncbi:ORF309_NG_011631.1	1.0
NG_011631.1	adapter_corrected	ncbi	exact	NG_011631.1:adapter:149	NG_011631.1:ncbi:ORF358_NG_011631.1	1.0
NG_011631.1	adapter_corrected	ncbi	exact	NG_011631.1:adapter:1490	NG_011631.1:ncbi:ORF1416_NG_011631.1	1.0
NG_011631.1	adapter_corrected	ncbi	exact	NG_011631.1:adapter:1491	NG_011631.1:ncbi:ORF1163_NG_011631.1	1.0
NG_011631.1	adapter_corrected	ncbi	exact	NG_011631.1:adapter:1492	NG_011631.1:ncbi:ORF1421_NG_011631.1	1.0
NG_011631.1	adapter_corrected	ncbi	exact	NG_011631.1:adapter:1493	NG_011631.1:ncbi:ORF1428_NG_011631.1	1.0
NG_011631.1	adapter_corrected	ncbi	exact	NG_011631.1:adapter:1494	NG_011631.1:ncbi:ORF884_NG_011631.1	1.0
NG_011631.1	adapter_corrected	ncbi	exact	NG_011631.1:adapter:1495	NG_011631.1:ncbi:ORF325_NG_011631.1	1.0
NG_011631.1	adapter_corrected	ncbi	exact	NG_011631.1:adapter:1496	NG_011631.1:ncbi:ORF622_NG_011631.1	1.0
NG_011631.1	adapter_corrected	ncbi	exact	NG_011631.1:adapter:1497	NG_011631.1:ncbi:ORF88_NG_011631.1	1.0
NG_011631.1	adapter_corrected	ncbi	exact	NG_011631.1:adapter:1498	NG_011631.1:ncbi:ORF1463_NG_011631.1	1.0
NG_011631.1	adapter_corrected	ncbi	exact	NG_011631.1:adapter:1499	NG_011631.1:ncbi:ORF97_NG_011631.1	1.0
NG_011631.1	adapter_corrected	ncbi	exact	NG_011631.1:adapter:15	NG_011631.1:ncbi:ORF1103_NG_011631.1	1.0
NG_011631.1	adapter_corrected	ncbi	exact	NG_011631.1:adapter:150	NG_011631.1:ncbi:ORF1022_NG_011631.1	1.0
NG_011631.1	adapter_corrected	ncbi	exact	NG_011631.1:adapter:1500	NG_011631.1:ncbi:ORF350_NG_011631.1	1.0
NG_011631.1	adapter_corrected	ncbi	exact	NG_011631.1:adapter:1501	NG_011631.1:ncbi:ORF1203_NG_011631.1	1.0
NG_011631.1	adapter_corrected	ncbi	exact	NG_011631.1:adapter:1502	NG_011631.1:ncbi:ORF914_NG_011631.1	1.0
NG_011631.1	adapter_corrected	ncbi	exact	NG_011631.1:adapter:1503	NG_011631.1:ncbi:ORF644_NG_011631.1	1.0
NG_011631.1	adapter_corrected	ncbi	exact	NG_011631.1:adapter:1504	NG_011631.1:ncbi:ORF367_NG_011631.1	1.0
NG_011631.1	adapter_corrected	ncbi	exact	NG_011631.1:adapter:1505	NG_011631.1:ncbi:ORF1488_NG_011631.1	1.0
NG_011631.1	adapter_corrected	ncbi	exact	NG_011631.1:adapter:1506	NG_011631.1:ncbi:ORF1489_NG_011631.1	1.0
NG_011631.1	adapter_corrected	ncbi	exact	NG_011631.1:adapter:1507	NG_011631.1:ncbi:ORF1492_NG_011631.1	1.0
NG_011631.1	adapter_corrected	ncbi	exact	NG_011631.1:adapter:1508	NG_011631.1:ncbi:ORF654_NG_011631.1	1.0
NG_011631.1	adapter_corrected	ncbi	exact	NG_011631.1:adapter:1509	NG_011631.1:ncbi:ORF667_NG_011631.1	1.0
NG_011631.1	adapter_corrected	ncbi	exact	NG_011631.1:adapter:151	NG_011631.1:ncbi:ORF1333_NG_011631.1	1.0
NG_011631.1	adapter_corrected	ncbi	exact	NG_011631.1:adapter:1510	NG_011631.1:ncbi:ORF393_NG_011631.1	1.0
NG_011631.1	adapter_corrected	ncbi	exact	NG_011631.1:adapter:1511	NG_011631.1:ncbi:ORF951_NG_011631.1	1.0
NG_011631.1	adapter_corrected	ncbi	exact	NG_011631.1:adapter:1512	NG_011631.1:ncbi:ORF1242_NG_011631.1	1.0
NG_011631.1	adapter_corrected	ncbi	exact	NG_011631.1:adapter:1513	NG_011631.1:ncbi:ORF145_NG_011631.1	1.0
NG_011631.1	adapter_corrected	ncbi	exact	NG_011631.1:adapter:1514	NG_011631.1:ncbi:ORF399_NG_011631.1	1.0
NG_011631.1	adapter_corrected	ncbi	exact	NG_011631.1:adapter:1515	NG_011631.1:ncbi:ORF1514_NG_011631.1	1.0
NG_011631.1	adapter_corrected	ncbi	exact	NG_011631.1:adapter:1516	NG_011631.1:ncbi:ORF1253_NG_011631.1	1.0
NG_011631.1	adapter_corrected	ncbi	exact	NG_011631.1:adapter:1517	NG_011631.1:ncbi:ORF691_NG_011631.1	1.0
NG_011631.1	adapter_corrected	ncbi	exact	NG_011631.1:adapter:1518	NG_011631.1:ncbi:ORF406_NG_011631.1	1.0
NG_011631.1	adapter_corrected	ncbi	exact	NG_011631.1:adapter:1519	NG_011631.1:ncbi:ORF975_NG_011631.1	1.0
NG_011631.1	adapter_corrected	ncbi	exact	NG_011631.1:adapter:152	NG_011631.1:ncbi:ORF1378_NG_011631.1	1.0
NG_011631.1	adapter_corrected	ncbi	exact	NG_011631.1:adapter:1520	NG_011631.1:ncbi:ORF163_NG_011631.1	1.0
NG_011631.1	adapter_corrected	ncbi	exact	NG_011631.1:adapter:1521	NG_011631.1:ncbi:ORF1267_NG_011631.1	1.0
NG_011631.1	adapter_corrected	ncbi	exact	NG_011631.1:adapter:1522	NG_011631.1:ncbi:ORF1547_NG_011631.1	1.0
NG_011631.1	adapter_corrected	ncbi	exact	NG_011631.1:adapter:1523	NG_011631.1:ncbi:ORF1280_NG_011631.1	1.0
NG_011631.1	adapter_corrected	ncbi	exact	NG_011631.1:adapter:1524	NG_011631.1:ncbi:ORF178_NG_011631.1	1.0
NG_011631.1	adapter_corrected	ncbi	exact	NG_011631.1:adapter:1525	NG_011631.1:ncbi:ORF726_NG_011631.1	1.0
NG_011631.1	adapter_corrected	ncbi	exact	NG_011631.1:adapter:1526	NG_011631.1:ncbi:ORF447_NG_011631.1	1.0
NG_011631.1	adapter_corrected	ncbi	exact	NG_011631.1:adapter:1527	NG_011631.1:ncbi:ORF1290_NG_011631.1	1.0
NG_011631.1	adapter_corrected	ncbi	exact	NG_011631.1:adapter:1528	NG_011631.1:ncbi:ORF1561_NG_011631.1	1.0
NG_011631.1	adapter_corrected	ncbi	exact	NG_011631.1:adapter:1529	NG_011631.1:ncbi:ORF734_NG_011631.1	1.0
NG_011631.1	adapter_corrected	ncbi	exact	NG_011631.1:adapter:153	NG_011631.1:ncbi:ORF590_NG_011631.1	1.0
NG_011631.1	adapter_corrected	ncbi	exact	NG_011631.1:adapter:1530	NG_011631.1:ncbi:ORF737_NG_011631.1	1.0
NG_011631.1	adapter_corrected	ncbi	exact	NG_011631.1:adapter:1531	NG_011631.1:ncbi:ORF738_NG_011631.1	1.0
NG_011631.1	adapter_corrected	ncbi	exact	NG_011631.1:adapter:1532	NG_011631.1:ncbi:ORF742_NG_011631.1	1.0
NG_011631.1	adapter_corrected	ncbi	exact	NG_011631.1:adapter:1533	NG_011631.1:ncbi:ORF1572_NG_011631.1	1.0
NG_011631.1	adapter_corrected	ncbi	exact	NG_011631.1:adapter:1534	NG_011631.1:ncbi:ORF1307_NG_011631.1	1.0
NG_011631.1	adapter_corrected	ncbi	exact	NG_011631.1:adapter:1535	NG_011631.1:ncbi:ORF1580_NG_011631.1	1.0
NG_011631.1	adapter_corrected	ncbi	exact	NG_011631.1:adapter:1536	NG_011631.1:ncbi:ORF754_NG_011631.1	1.0
NG_011631.1	adapter_corrected	ncbi	exact	NG_011631.1:adapter:1537	NG_011631.1:ncbi:ORF1314_NG_011631.1	1.0
NG_011631.1	adapter_corrected	ncbi	exact	NG_011631.1:adapter:1538	NG_011631.1:ncbi:ORF1052_NG_011631.1	1.0
NG_011631.1	adapter_corrected	ncbi	exact	NG_011631.1:adapter:1539	NG_011631.1:ncbi:ORF769_NG_011631.1	1.0
NG_011631.1	adapter_corrected	ncbi	exact	NG_011631.1:adapter:154	NG_011631.1:ncbi:ORF331_NG_011631.1	1.0
NG_011631.1	adapter_corrected	ncbi	exact	NG_011631.1:adapter:1540	NG_011631.1:ncbi:ORF218_NG_011631.1	1.0
NG_011631.1	adapter_corrected	ncbi	exact	NG_011631.1:adapter:1541	NG_011631.1:ncbi:ORF1601_NG_011631.1	1.0
NG_011631.1	adapter_corrected	ncbi	exact	NG_011631.1:adapter:1542	NG_011631.1:ncbi:ORF1613_NG_011631.1	1.0
NG_011631.1	adapter_corrected	ncbi	exact	NG_011631.1:adapter:1543	NG_011631.1:ncbi:ORF1342_NG_011631.1	1.0
NG_011631.1	adapter_corrected	ncbi	exact	NG_011631.1:adapter:1544	NG_011631.1:ncbi:ORF793_NG_011631.1	1.0
NG_011631.1	adapter_corrected	ncbi	exact	NG_011631.1:adapter:1545	NG_011631.1:ncbi:ORF254_NG_011631.1	1.0
NG_011631.1	adapter_corrected	ncbi	exact	NG_011631.1:adapter:1546	NG_011631.1:ncbi:ORF503_NG_011631.1	1.0
NG_011631.1	adapter_corrected	ncbi	exact	NG_011631.1:adapter:1547	NG_011631.1:ncbi:ORF1632_NG_011631.1	1.0
NG_011631.1	adapter_corrected	ncbi	exact	NG_011631.1:adapter:1548	NG_011631.1:ncbi:ORF1635_NG_011631.1	1.0
NG_011631.1	adapter_corrected	ncbi	exact	NG_011631.1:adapter:1549	NG_011631.1:ncbi:ORF510_NG_011631.1	1.0
NG_011631.1	adapter_corrected	ncbi	exact	NG_011631.1:adapter:155	NG_011631.1:ncbi:ORF1303_NG_011631.1	1.0
NG_011631.1	adapter_corrected	ncbi	exact	NG_011631.1:adapter:1550	NG_011631.1:ncbi:ORF1101_NG_011631.1	1.0
NG_011631.1	adapter_corrected	ncbi	exact	NG_011631.1:adapter:1551	NG_011631.1:ncbi:ORF1109_NG_011631.1	1.0
NG_011631.1	adapter_corrected	ncbi	exact	NG_011631.1:adapter:1552	NG_011631.1:ncbi:ORF3_NG_011631.1	1.0
NG_011631.1	adapter_corrected	ncbi	exact	NG_011631.1:adapter:1553	NG_011631.1:ncbi:ORF1113_NG_011631.1	1.0
NG_011631.1	adapter_corrected	ncbi	exact	NG_011631.1:adapter:1554	NG_011631.1:ncbi:ORF1117_NG_011631.1	1.0
NG_011631.1	adapter_corrected	ncbi	exact	NG_011631.1:adapter:1555	NG_011631.1:ncbi:ORF831_NG_011631.1	1.0
NG_011631.1	adapter_corrected	ncbi	exact	NG_011631.1:adapter:1556	NG_011631.1:ncbi:ORF1121_NG_011631.1	1.0
NG_011631.1	adapter_corrected	ncbi	exact	NG_011631.1:adapter:1557	NG_011631.1:ncbi:ORF17_NG_011631.1	1.0
NG_011631.1	adapter_corrected	ncbi	exact	NG_011631.1:adapter:1558	NG_011631.1:ncbi:ORF544_NG_011631.1	1.0
NG_011631.1	adapter_corrected	ncbi	exact	NG_011631.1:adapter:1559	NG_011631.1:ncbi:ORF549_NG_011631.1	1.0
NG_011631.1	adapter_corrected	ncbi	exact	NG_011631.1:adapter:156	NG_011631.1:ncbi:ORF1091_NG_011631.1	1.0
NG_011631.1	adapter_corrected	ncbi	exact	NG_011631.1:adapter:1560	NG_011631.1:ncbi:ORF844_NG_011631.1	1.0
NG_011631.1	adapter_corrected	ncbi	exact	NG_011631.1:adapter:1561	NG_011631.1:ncbi:ORF846_NG_011631.1	1.0
NG_011631.1	adapter_corrected	ncbi	exact	NG_011631.1:adapter:1562	NG_011631.1:ncbi:ORF290_NG_011631.1	1.0
NG_011631.1	adapter_corrected	ncbi	exact	NG_011631.1:adapter:1563	NG_011631.1:ncbi:ORF848_NG_011631.1	1.0
NG_011631.1	adapter_corrected	ncbi	exact	NG_011631.1:adapter:1564	NG_011631.1:ncbi:ORF292_NG_011631.1	1.0
NG_011631.1	adapter_corrected	ncbi	exact	NG_011631.1:adapter:1565	NG_011631.1:ncbi:ORF34_NG_011631.1	1.0
NG_011631.1	adapter_corrected	ncbi	exact	NG_011631.1:adapter:1566	NG_011631.1:ncbi:ORF558_NG_011631.1	1.0
NG_011631.1	adapter_corrected	ncbi	exact	NG_011631.1:adapter:1567	NG_011631.1:ncbi:ORF43_NG_011631.1	1.0
NG_011631.1	adapter_corrected	ncbi	exact	NG_011631.1:adapter:1568	NG_011631.1:ncbi:ORF1408_NG_011631.1	1.0
NG_011631.1	adapter_corrected	ncbi	exact	NG_011631.1:adapter:1569	NG_011631.1:ncbi:ORF56_NG_011631.1	1.0
NG_011631.1	adapter_corrected	ncbi	exact	NG_011631.1:adapter:157	NG_011631.1:ncbi:ORF911_NG_011631.1	1.0
NG_011631.1	adapter_corrected	ncbi	exact	NG_011631.1:adapter:1570	NG_011631.1:ncbi:ORF1418_NG_011631.1	1.0
NG_011631.1	adapter_corrected	ncbi	exact	NG_011631.1:adapter:1571	NG_011631.1:ncbi:ORF311_NG_011631.1	1.0
NG_011631.1	adapter_corrected	ncbi	exact	NG_011631.1:adapter:1572	NG_011631.1:ncbi:ORF875_NG_011631.1	1.0
NG_011631.1	adapter_corrected	ncbi	exact	NG_011631.1:adapter:1573	NG_011631.1:ncbi:ORF69_NG_011631.1	1.0
NG_011631.1	adapter_corrected	ncbi	exact	NG_011631.1:adapter:1574	NG_011631.1:ncbi:ORF318_NG_011631.1	1.0
NG_011631.1	adapter_corrected	ncbi	exact	NG_011631.1:adapter:1575	NG_011631.1:ncbi:ORF320_NG_011631.1	1.0
NG_011631.1	adapter_corrected	ncbi	exact	NG_011631.1:adapter:1576	NG_011631.1:ncbi:ORF1181_NG_011631.1	1.0
NG_011631.1	adapter_corrected	ncbi	exact	NG_011631.1:adapter:1577	NG_011631.1:ncbi:ORF80_NG_011631.1	1.0
NG_011631.1	adapter_corrected	ncbi	exact	NG_011631.1:adapter:1578	NG_011631.1:ncbi:ORF330_NG_011631.1	1.0
NG_011631.1	adapter_corrected	ncbi	exact	NG_011631.1:adapter:1579	NG_011631.1:ncbi:ORF339_NG_011631.1	1.0
NG_011631.1	adapter_corrected	ncbi	exact	NG_011631.1:adapter:158	NG_011631.1:ncbi:ORF934_NG_011631.1	1.0
NG_011631.1	adapter_corrected	ncbi	exact	NG_011631.1:adapter:1580	NG_011631.1:ncbi:ORF346_NG_011631.1	1.0
NG_011631.1	adapter_corrected	ncbi	exact	NG_011631.1:adapter:1581	NG_011631.1:ncbi:ORF99_NG_011631.1	1.0
NG_011631.1	adapter_corrected	ncbi	exact	NG_011631.1:adapter:1582	NG_011631.1:ncbi:ORF1199_NG_011631.1	1.0
NG_011631.1	adapter_corrected	ncbi	exact	NG_011631.1:adapter:1583	NG_011631.1:ncbi:ORF916_NG_011631.1	1.0
NG_011631.1	adapter_corrected	ncbi	exact	NG_011631.1:adapter:1584	NG_011631.1:ncbi:ORF1205_NG_011631.1	1.0
NG_011631.1	adapter_corrected	ncbi	exact	NG_011631.1:adapter:1585	NG_011631.1:ncbi:ORF1475_NG_011631.1	1.0
NG_011631.1	adapter_corrected	ncbi	exact	NG_011631.1:adapter:1586	NG_011631.1:ncbi:ORF646_NG_011631.1	1.0
NG_011631.1	adapter_corrected	ncbi	exact	NG_011631.1:adapter:1587	NG_011631.1:ncbi:ORF1480_NG_011631.1	1.0
NG_011631.1	adapter_corrected	ncbi	exact	NG_011631.1:adapter:1588	NG_011631.1:ncbi:ORF119_NG_011631.1	1.0
NG_011631.1	adapter_corrected	ncbi	exact	NG_011631.1:adapter:1589	NG_011631.1:ncbi:ORF1493_NG_011631.1	1.0
NG_011631.1	adapter_corrected	ncbi	exact	NG_011631.1:adapter:159	NG_011631.1:ncbi:ORF181_NG_011631.1	1.0
NG_011631.1	adapter_corrected	ncbi	exact	NG_011631.1:adapter:1590	NG_011631.1:ncbi:ORF659_NG_011631.1	1.0
NG_011631.1	adapter_corrected	ncbi	exact	NG_011631.1:adapter:1591	NG_011631.1:ncbi:ORF125_NG_011631.1	1.0
NG_011631.1	adapter_corrected	ncbi	exact	NG_011631.1:adapter:1592	NG_011631.1:ncbi:ORF944_NG_011631.1	1.0
NG_011631.1	adapter_corrected	ncbi	exact	NG_011631.1:adapter:1593	NG_011631.1:ncbi:ORF1501_NG_011631.1	1.0
NG_011631.1	adapter_corrected	ncbi	exact	NG_011631.1:adapter:1594	NG_011631.1:ncbi:ORF672_NG_011631.1	1.0
NG_011631.1	adapter_corrected	ncbi	exact	NG_011631.1:adapter:1595	NG_011631.1:ncbi:ORF674_NG_011631.1	1.0
NG_011631.1	adapter_corrected	ncbi	exact	NG_011631.1:adapter:1596	NG_011631.1:ncbi:ORF396_NG_011631.1	1.0
NG_011631.1	adapter_corrected	ncbi	exact	NG_011631.1:adapter:1597	NG_011631.1:ncbi:ORF1512_NG_011631.1	1.0
NG_011631.1	adapter_corrected	ncbi	exact	NG_011631.1:adapter:1598	NG_011631.1:ncbi:ORF962_NG_011631.1	1.0
NG_011631.1	adapter_corrected	ncbi	exact	NG_011631.1:adapter:1599	NG_011631.1:ncbi:ORF693_NG_011631.1	1.0
NG_011631.1	adapter_corrected	ncbi	exact	NG_011631.1:adapter:16	NG_011631.1:ncbi:ORF1482_NG_011631.1	1.0
NG_011631.1	adapter_corrected	ncbi	exact	NG_011631.1:adapter:160	NG_011631.1:ncbi:ORF1573_NG_011631.1	1.0
NG_011631.1	adapter_corrected	ncbi	exact	NG_011631.1:adapter:1600	NG_011631.1:ncbi:ORF1256_NG_011631.1	1.0
NG_011631.1	adapter_corrected	ncbi	exact	NG_011631.1:adapter:1601	NG_011631.1:ncbi:ORF698_NG_011631.1	1.0
NG_011631.1	adapter_corrected	ncbi	exact	NG_011631.1:adapter:1602	NG_011631.1:ncbi:ORF1258_NG_011631.1	1.0
NG_011631.1	adapter_corrected	ncbi	exact	NG_011631.1:adapter:1603	NG_011631.1:ncbi:ORF1524_NG_011631.1	1.0
NG_011631.1	adapter_corrected	ncbi	exact	NG_011631.1:adapter:1604	NG_011631.1:ncbi:ORF1262_NG_011631.1	1.0
NG_011631.1	adapter_corrected	ncbi	exact	NG_011631.1:adapter:1605	NG_011631.1:ncbi:ORF170_NG_011631.1	1.0
NG_011631.1	adapter_corrected	ncbi	exact	NG_011631.1:adapter:1606	NG_011631.1:ncbi:ORF173_NG_011631.1	1.0
NG_011631.1	adapter_corrected	ncbi	exact	NG_011631.1:adapter:1607	NG_011631.1:ncbi:ORF1543_NG_011631.1	1.0
NG_011631.1	adapter_corrected	ncbi	exact	NG_011631.1:adapter:1608	NG_011631.1:ncbi:ORF177_NG_011631.1	1.0
NG_011631.1	adapter_corrected	ncbi	exact	NG_011631.1:adapter:1609	NG_011631.1:ncbi:ORF1281_NG_011631.1	1.0
NG_011631.1	adapter_corrected	ncbi	exact	NG_011631.1:adapter:161	NG_011631.1:ncbi:ORF1050_NG_011631.1	1.0
NG_011631.1	adapter_corrected	ncbi	exact	NG_011631.1:adapter:1610	NG_011631.1:ncbi:ORF1282_NG_011631.1	1.0
NG_011631.1	adapter_corrected	ncbi	exact	NG_011631.1:adapter:1611	NG_011631.1:ncbi:ORF1557_NG_011631.1	1.0
NG_011631.1	adapter_corrected	ncbi	exact	NG_011631.1:adapter:1612	NG_011631.1:ncbi:ORF180_NG_011631.1	1.0
NG_011631.1	adapter_corrected	ncbi	exact	NG_011631.1:adapter:1613	NG_011631.1:ncbi:ORF1559_NG_011631.1	1.0
NG_011631.1	adapter_corrected	ncbi	exact	NG_011631.1:adapter:1614	NG_011631.1:ncbi:ORF1289_NG_011631.1	1.0
NG_011631.1	adapter_corrected	ncbi	exact	NG_011631.1:adapter:1615	NG_011631.1:ncbi:ORF450_NG_011631.1	1.0
NG_011631.1	adapter_corrected	ncbi	exact	NG_011631.1:adapter:1616	NG_011631.1:ncbi:ORF1564_NG_011631.1	1.0
NG_011631.1	adapter_corrected	ncbi	exact	NG_011631.1:adapter:1617	NG_011631.1:ncbi:ORF188_NG_011631.1	1.0
NG_011631.1	adapter_corrected	ncbi	exact	NG_011631.1:adapter:1618	NG_011631.1:ncbi:ORF1025_NG_011631.1	1.0
NG_011631.1	adapter_corrected	ncbi	exact	NG_011631.1:adapter:1619	NG_011631.1:ncbi:ORF1300_NG_011631.1	1.0
NG_011631.1	adapter_corrected	ncbi	exact	NG_011631.1:adapter:162	NG_011631.1:ncbi:ORF1344_NG_011631.1	1.0
NG_011631.1	adapter_corrected	ncbi	exact	NG_011631.1:adapter:1620	NG_011631.1:ncbi:ORF196_NG_011631.1	1.0
NG_011631.1	adapter_corrected	ncbi	exact	NG_011631.1:adapter:1621	NG_011631.1:ncbi:ORF459_NG_011631.1	1.0
NG_011631.1	adapter_corrected	ncbi	exact	NG_011631.1:adapter:1622	NG_011631.1:ncbi:ORF751_NG_011631.1	1.0
NG_011631.1	adapter_corrected	ncbi	exact	NG_011631.1:adapter:1623	NG_011631.1:ncbi:ORF1312_NG_011631.1	1.0
NG_011631.1	adapter_corrected	ncbi	exact	NG_011631.1:adapter:1624	NG_011631.1:ncbi:ORF1042_NG_011631.1	1.0
NG_011631.1	adapter_corrected	ncbi	exact	NG_011631.1:adapter:1625	NG_011631.1:ncbi:ORF764_NG_011631.1	1.0
NG_011631.1	adapter_corrected	ncbi	exact	NG_011631.1:adapter:1626	NG_011631.1:ncbi:ORF768_NG_011631.1	1.0
NG_011631.1	adapter_corrected	ncbi	exact	NG_011631.1:adapter:1627	NG_011631.1:ncbi:ORF482_NG_011631.1	1.0
NG_011631.1	adapter_corrected	ncbi	exact	NG_011631.1:adapter:1628	NG_011631.1:ncbi:ORF486_NG_011631.1	1.0
NG_011631.1	adapter_corrected	ncbi	exact	NG_011631.1:adapter:1629	NG_011631.1:ncbi:ORF1070_NG_011631.1	1.0
NG_011631.1	adapter_corrected	ncbi	exact	NG_011631.1:adapter:163	NG_011631.1:ncbi:ORF1625_NG_011631.1	1.0
NG_011631.1	adapter_corrected	ncbi	exact	NG_011631.1:adapter:1630	NG_011631.1:ncbi:ORF1618_NG_011631.1	1.0
NG_011631.1	adapter_corrected	ncbi	exact	NG_011631.1:adapter:1631	NG_011631.1:ncbi:ORF791_NG_011631.1	1.0
NG_011631.1	adapter_corrected	ncbi	exact	NG_011631.1:adapter:1632	NG_011631.1:ncbi:ORF1081_NG_011631.1	1.0
NG_011631.1	adapter_corrected	ncbi	exact	NG_011631.1:adapter:1633	NG_011631.1:ncbi:ORF244_NG_011631.1	1.0
NG_011631.1	adapter_corrected	ncbi	exact	NG_011631.1:adapter:1634	NG_011631.1:ncbi:ORF1620_NG_011631.1	1.0
NG_011631.1	adapter_corrected	ncbi	exact	NG_011631.1:adapter:1635	NG_011631.1:ncbi:ORF796_NG_011631.1	1.0
NG_011631.1	adapter_corrected	ncbi	exact	NG_011631.1:adapter:1636	NG_011631.1:ncbi:ORF1087_NG_011631.1	1.0
NG_011631.1	adapter_corrected	ncbi	exact	NG_011631.1:adapter:1637	NG_011631.1:ncbi:ORF799_NG_011631.1	1.0
NG_011631.1	adapter_corrected	ncbi	exact	NG_011631.1:adapter:1638	NG_011631.1:ncbi:ORF1628_NG_011631.1	1.0
NG_011631.1	adapter_corrected	ncbi	exact	NG_011631.1:adapter:1639	NG_011631.1:ncbi:ORF257_NG_011631.1	1.0
NG_011631.1	adapter_corrected	ncbi	exact	NG_011631.1:adapter:164	NG_011631.1:ncbi:ORF11_NG_011631.1	1.0
NG_011631.1	adapter_corrected	ncbi	exact	NG_011631.1:adapter:1640	NG_011631.1:ncbi:ORF809_NG_011631.1	1.0
NG_011631.1	adapter_corrected	ncbi	exact	NG_011631.1:adapter:1641	NG_011631.1:ncbi:ORF813_NG_011631.1	1.0
NG_011631.1	adapter_corrected	ncbi	exact	NG_011631.1:adapter:1642	NG_011631.1:ncbi:ORF1641_NG_011631.1	1.0
NG_011631.1	adapter_corrected	ncbi	exact	NG_011631.1:adapter:1643	NG_011631.1:ncbi:ORF818_NG_011631.1	1.0
NG_011631.1	adapter_corrected	ncbi	exact	NG_011631.1:adapter:1644	NG_011631.1:ncbi:ORF1105_NG_011631.1	1.0
NG_011631.1	adapter_corrected	ncbi	exact	NG_011631.1:adapter:1645	NG_011631.1:ncbi:ORF1644_NG_011631.1	1.0
NG_011631.1	adapter_corrected	ncbi	exact	NG_011631.1:adapter:165	NG_011631.1:ncbi:ORF280_NG_011631.1	1.0
NG_011631.1	adapter_corrected	ncbi	exact	NG_011631.1:adapter:166	NG_011631.1:ncbi:ORF48_NG_011631.1	1.0
NG_011631.1	adapter_corrected	ncbi	exact	NG_011631.1:adapter:167	NG_011631.1:ncbi:ORF1154_NG_011631.1	1.0
NG_011631.1	adapter_corrected	ncbi	exact	NG_011631.1:adapter:168	NG_011631.1:ncbi:ORF1165_NG_011631.1	1.0
NG_011631.1	adapter_corrected	ncbi	exact	NG_011631.1:adapter:169	NG_011631.1:ncbi:ORF65_NG_011631.1	1.0
NG_011631.1	adapter_corrected	ncbi	exact	NG_011631.1:adapter:17	NG_011631.1:ncbi:ORF1151_NG_011631.1	1.0
NG_011631.1	adapter_corrected	ncbi	exact	NG_011631.1:adapter:170	NG_011631.1:ncbi:ORF1530_NG_011631.1	1.0
NG_011631.1	adapter_corrected	ncbi	exact	NG_011631.1:adapter:171	NG_011631.1:ncbi:ORF1032_NG_011631.1	1.0
NG_011631.1	adapter_corrected	ncbi	exact	NG_011631.1:adapter:172	NG_011631.1:ncbi:ORF757_NG_011631.1	1.0
NG_011631.1	adapter_corrected	ncbi	exact	NG_011631.1:adapter:173	NG_011631.1:ncbi:ORF1317_NG_011631.1	1.0
NG_011631.1	adapter_corrected	ncbi	exact	NG_011631.1:adapter:174	NG_011631.1:ncbi:ORF213_NG_011631.1	1.0
NG_011631.1	adapter_corrected	ncbi	exact	NG_011631.1:adapter:175	NG_011631.1:ncbi:ORF1345_NG_011631.1	1.0
NG_011631.1	adapter_corrected	ncbi	exact	NG_011631.1:adapter:176	NG_011631.1:ncbi:ORF1358_NG_011631.1	1.0
NG_011631.1	adapter_corrected	ncbi	exact	NG_011631.1:adapter:177	NG_011631.1:ncbi:ORF1400_NG_011631.1	1.0
NG_011631.1	adapter_corrected	ncbi	exact	NG_011631.1:adapter:178	NG_011631.1:ncbi:ORF559_NG_011631.1	1.0
NG_011631.1	adapter_corrected	ncbi	exact	NG_011631.1:adapter:179	NG_011631.1:ncbi:ORF1441_NG_011631.1	1.0
NG_011631.1	adapter_corrected	ncbi	exact	NG_011631.1:adapter:18	NG_011631.1:ncbi:ORF1585_NG_011631.1	1.0
NG_011631.1	adapter_corrected	ncbi	exact	NG_011631.1:adapter:180	NG_011631.1:ncbi:ORF639_NG_011631.1	1.0
NG_011631.1	adapter_corrected	ncbi	exact	NG_011631.1:adapter:181	NG_011631.1:ncbi:ORF156_NG_011631.1	1.0
NG_011631.1	adapter_corrected	ncbi	exact	NG_011631.1:adapter:182	NG_011631.1:ncbi:ORF1000_NG_011631.1	1.0
NG_011631.1	adapter_corrected	ncbi	exact	NG_011631.1:adapter:183	NG_011631.1:ncbi:ORF1037_NG_011631.1	1.0
NG_011631.1	adapter_corrected	ncbi	exact	NG_011631.1:adapter:184	NG_011631.1:ncbi:ORF472_NG_011631.1	1.0
NG_011631.1	adapter_corrected	ncbi	exact	NG_011631.1:adapter:185	NG_011631.1:ncbi:ORF1355_NG_011631.1	1.0
NG_011631.1	adapter_corrected	ncbi	exact	NG_011631.1:adapter:186	NG_011631.1:ncbi:ORF1359_NG_011631.1	1.0
NG_011631.1	adapter_corrected	ncbi	exact	NG_011631.1:adapter:187	NG_011631.1:ncbi:ORF1424_NG_011631.1	1.0
NG_011631.1	adapter_corrected	ncbi	exact	NG_011631.1:adapter:188	NG_011631.1:ncbi:ORF886_NG_011631.1	1.0
NG_011631.1	adapter_corrected	ncbi	exact	NG_011631.1:adapter:189	NG_011631.1:ncbi:ORF82_NG_011631.1	1.0
NG_011631.1	adapter_corrected	ncbi	exact	NG_011631.1:adapter:19	NG_011631.1:ncbi:ORF1591_NG_011631.1	1.0
NG_011631.1	adapter_corrected	ncbi	exact	NG_011631.1:adapter:190	NG_011631.1:ncbi:ORF85_NG_011631.1	1.0
NG_011631.1	adapter_corrected	ncbi	exact	NG_011631.1:adapter:191	NG_011631.1:ncbi:ORF348_NG_011631.1	1.0
NG_011631.1	adapter_corrected	ncbi	exact	NG_011631.1:adapter:192	NG_011631.1:ncbi:ORF920_NG_011631.1	1.0
NG_011631.1	adapter_corrected	ncbi	exact	NG_011631.1:adapter:193	NG_011631.1:ncbi:ORF1534_NG_011631.1	1.0
NG_011631.1	adapter_corrected	ncbi	exact	NG_011631.1:adapter:194	NG_011631.1:ncbi:ORF763_NG_011631.1	1.0
NG_011631.1	adapter_corrected	ncbi	exact	NG_011631.1:adapter:195	NG_011631.1:ncbi:ORF1376_NG_011631.1	1.0
NG_011631.1	adapter_corrected	ncbi	exact	NG_011631.1:adapter:196	NG_011631.1:ncbi:ORF556_NG_011631.1	1.0
NG_011631.1	adapter_corrected	ncbi	exact	NG_011631.1:adapter:197	NG_011631.1:ncbi:ORF604_NG_011631.1	1.0
NG_011631.1	adapter_corrected	ncbi	exact	NG_011631.1:adapter:198	NG_011631.1:ncbi:ORF901_NG_011631.1	1.0
NG_011631.1	adapter_corrected	ncbi	exact	NG_011631.1:adapter:199	NG_011631.1:ncbi:ORF1295_NG_011631.1	1.0
NG_011631.1	adapter_corrected	ncbi	exact	NG_011631.1:adapter:2	NG_011631.1:ncbi:ORF456_NG_011631.1	1.0
NG_011631.1	adapter_corrected	ncbi	exact	NG_011631.1:adapter:20	NG_011631.1:ncbi:ORF1330_NG_011631.1	1.0
NG_011631.1	adapter_corrected	ncbi	exact	NG_011631.1:adapter:200	NG_011631.1:ncbi:ORF204_NG_011631.1	1.0
NG_011631.1	adapter_corrected	ncbi	exact	NG_011631.1:adapter:201	NG_011631.1:ncbi:ORF1609_NG_011631.1	1.0
NG_011631.1	adapter_corrected	ncbi	exact	NG_011631.1:adapter:202	NG_011631.1:ncbi:ORF1619_NG_011631.1	1.0
NG_011631.1	adapter_corrected	ncbi	exact	NG_011631.1:adapter:203	NG_011631.1:ncbi:ORF816_NG_011631.1	1.0
NG_011631.1	adapter_corrected	ncbi	exact	NG_011631.1:adapter:204	NG_011631.1:ncbi:ORF36_NG_011631.1	1.0
NG_011631.1	adapter_corrected	ncbi	exact	NG_011631.1:adapter:205	NG_011631.1:ncbi:ORF642_NG_011631.1	1.0
NG_011631.1	adapter_corrected	ncbi	exact	NG_011631.1:adapter:206	NG_011631.1:ncbi:ORF943_NG_011631.1	1.0
NG_011631.1	adapter_corrected	ncbi	exact	NG_011631.1:adapter:207	NG_011631.1:ncbi:ORF786_NG_011631.1	1.0
NG_011631.1	adapter_corrected	ncbi	exact	NG_011631.1:adapter:208	NG_011631.1:ncbi:ORF1630_NG_011631.1	1.0
NG_011631.1	adapter_corrected	ncbi	exact	NG_011631.1:adapter:209	NG_011631.1:ncbi:ORF1367_NG_011631.1	1.0
NG_011631.1	adapter_corrected	ncbi	exact	NG_011631.1:adapter:21	NG_011631.1:ncbi:ORF1454_NG_011631.1	1.0
NG_011631.1	adapter_corrected	ncbi	exact	NG_011631.1:adapter:210	NG_011631.1:ncbi:ORF1112_NG_011631.1	1.0
NG_011631.1	adapter_corrected	ncbi	exact	NG_011631.1:adapter:211	NG_011631.1:ncbi:ORF1116_NG_011631.1	1.0
NG_011631.1	adapter_corrected	ncbi	exact	NG_011631.1:adapter:212	NG_011631.1:ncbi:ORF1389_NG_011631.1	1.0
NG_011631.1	adapter_corrected	ncbi	exact	NG_011631.1:adapter:213	NG_011631.1:ncbi:ORF380_NG_011631.1	1.0
NG_011631.1	adapter_corrected	ncbi	exact	NG_011631.1:adapter:214	NG_011631.1:ncbi:ORF1237_NG_011631.1	1.0
NG_011631.1	adapter_corrected	ncbi	exact	NG_011631.1:adapter:215	NG_011631.1:ncbi:ORF1011_NG_011631.1	1.0
NG_011631.1	adapter_corrected	ncbi	exact	NG_011631.1:adapter:216	NG_011631.1:ncbi:ORF1051_NG_011631.1	1.0
NG_011631.1	adapter_corrected	ncbi	exact	NG_011631.1:adapter:217	NG_011631.1:ncbi:ORF830_NG_011631.1	1.0
NG_011631.1	adapter_corrected	ncbi	exact	NG_011631.1:adapter:218	NG_011631.1:ncbi:ORF560_NG_011631.1	1.0
NG_011631.1	adapter_corrected	ncbi	exact	NG_011631.1:adapter:219	NG_011631.1:ncbi:ORF1407_NG_011631.1	1.0
NG_011631.1	adapter_corrected	ncbi	exact	NG_011631.1:adapter:22	NG_011631.1:ncbi:ORF1067_NG_011631.1	1.0
NG_011631.1	adapter_corrected	ncbi	exact	NG_011631.1:adapter:220	NG_011631.1:ncbi:ORF586_NG_011631.1	1.0
NG_011631.1	adapter_corrected	ncbi	exact	NG_011631.1:adapter:221	NG_011631.1:ncbi:ORF627_NG_011631.1	1.0
NG_011631.1	adapter_corrected	ncbi	exact	NG_011631.1:adapter:222	NG_011631.1:ncbi:ORF349_NG_011631.1	1.0
NG_011631.1	adapter_corrected	ncbi	exact	NG_011631.1:adapter:223	NG_011631.1:ncbi:ORF365_NG_011631.1	1.0
NG_011631.1	adapter_corrected	ncbi	exact	NG_011631.1:adapter:224	NG_011631.1:ncbi:ORF169_NG_011631.1	1.0
NG_011631.1	adapter_corrected	ncbi	exact	NG_011631.1:adapter:225	NG_011631.1:ncbi:ORF1277_NG_011631.1	1.0
NG_011631.1	adapter_corrected	ncbi	exact	NG_011631.1:adapter:226	NG_011631.1:ncbi:ORF1030_NG_011631.1	1.0
NG_011631.1	adapter_corrected	ncbi	exact	NG_011631.1:adapter:227	NG_011631.1:ncbi:ORF225_NG_011631.1	1.0
NG_011631.1	adapter_corrected	ncbi	exact	NG_011631.1:adapter:228	NG_011631.1:ncbi:ORF1077_NG_011631.1	1.0
NG_011631.1	adapter_corrected	ncbi	exact	NG_011631.1:adapter:229	NG_011631.1:ncbi:ORF513_NG_011631.1	1.0
NG_011631.1	adapter_corrected	ncbi	exact	NG_011631.1:adapter:23	NG_011631.1:ncbi:ORF669_NG_011631.1	1.0
NG_011631.1	adapter_corrected	ncbi	exact	NG_011631.1:adapter:230	NG_011631.1:ncbi:ORF269_NG_011631.1	1.0
NG_011631.1	adapter_corrected	ncbi	exact	NG_011631.1:adapter:231	NG_011631.1:ncbi:ORF541_NG_011631.1	1.0
NG_011631.1	adapter_corrected	ncbi	exact	NG_011631.1:adapter:232	NG_011631.1:ncbi:ORF599_NG_011631.1	1.0
NG_011631.1	adapter_corrected	ncbi	exact	NG_011631.1:adapter:233	NG_011631.1:ncbi:ORF922_NG_011631.1	1.0
NG_011631.1	adapter_corrected	ncbi	exact	NG_011631.1:adapter:234	NG_011631.1:ncbi:ORF942_NG_011631.1	1.0
NG_011631.1	adapter_corrected	ncbi	exact	NG_011631.1:adapter:235	NG_011631.1:ncbi:ORF1548_NG_011631.1	1.0
NG_011631.1	adapter_corrected	ncbi	exact	NG_011631.1:adapter:236	NG_011631.1:ncbi:ORF1019_NG_011631.1	1.0
NG_011631.1	adapter_corrected	ncbi	exact	NG_011631.1:adapter:237	NG_011631.1:ncbi:ORF1309_NG_011631.1	1.0
NG_011631.1	adapter_corrected	ncbi	exact	NG_011631.1:adapter:238	NG_011631.1:ncbi:ORF228_NG_011631.1	1.0
NG_011631.1	adapter_corrected	ncbi	exact	NG_011631.1:adapter:239	NG_011631.1:ncbi:ORF229_NG_011631.1	1.0
NG_011631.1	adapter_corrected	ncbi	exact	NG_011631.1:adapter:24	NG_011631.1:ncbi:ORF1308_NG_011631.1	1.0
NG_011631.1	adapter_corrected	ncbi	exact	NG_011631.1:adapter:240	NG_011631.1:ncbi:ORF259_NG_011631.1	1.0
NG_011631.1	adapter_corrected	ncbi	exact	NG_011631.1:adapter:241	NG_011631.1:ncbi:ORF529_NG_011631.1	1.0
NG_011631.1	adapter_corrected	ncbi	exact	NG_011631.1:adapter:242	NG_011631.1:ncbi:ORF21_NG_011631.1	1.0
NG_011631.1	adapter_corrected	ncbi	exact	NG_011631.1:adapter:243	NG_011631.1:ncbi:ORF284_NG_011631.1	1.0
NG_011631.1	adapter_corrected	ncbi	exact	NG_011631.1:adapter:244	NG_011631.1:ncbi:ORF33_NG_011631.1	1.0
NG_011631.1	adapter_corrected	ncbi	exact	NG_011631.1:adapter:245	NG_011631.1:ncbi:ORF1164_NG_011631.1	1.0
NG_011631.1	adapter_corrected	ncbi	exact	NG_011631.1:adapter:246	NG_011631.1:ncbi:ORF1542_NG_011631.1	1.0
NG_011631.1	adapter_corrected	ncbi	exact	NG_011631.1:adapter:247	NG_011631.1:ncbi:ORF1562_NG_011631.1	1.0
NG_011631.1	adapter_corrected	ncbi	exact	NG_011631.1:adapter:248	NG_011631.1:ncbi:ORF780_NG_011631.1	1.0
NG_011631.1	adapter_corrected	ncbi	exact	NG_011631.1:adapter:249	NG_011631.1:ncbi:ORF240_NG_011631.1	1.0
NG_011631.1	adapter_corrected	ncbi	exact	NG_011631.1:adapter:25	NG_011631.1:ncbi:ORF1225_NG_011631.1	1.0
NG_011631.1	adapter_corrected	ncbi	exact	NG_011631.1:adapter:250	NG_011631.1:ncbi:ORF1090_NG_011631.1	1.0
NG_011631.1	adapter_corrected	ncbi	exact	NG_011631.1:adapter:251	NG_011631.1:ncbi:ORF1097_NG_011631.1	1.0
NG_011631.1	adapter_corrected	ncbi	exact	NG_011631.1:adapter:252	NG_011631.1:ncbi:ORF262_NG_011631.1	1.0
NG_011631.1	adapter_corrected	ncbi	exact	NG_011631.1:adapter:253	NG_011631.1:ncbi:ORF523_NG_011631.1	1.0
NG_011631.1	adapter_corrected	ncbi	exact	NG_011631.1:adapter:254	NG_011631.1:ncbi:ORF528_NG_011631.1	1.0
NG_011631.1	adapter_corrected	ncbi	exact	NG_011631.1:adapter:255	NG_011631.1:ncbi:ORF1138_NG_011631.1	1.0
NG_011631.1	adapter_corrected	ncbi	exact	NG_011631.1:adapter:256	NG_011631.1:ncbi:ORF308_NG_011631.1	1.0
NG_011631.1	adapter_corrected	ncbi	exact	NG_011631.1:adapter:257	NG_011631.1:ncbi:ORF596_NG_011631.1	1.0
NG_011631.1	adapter_corrected	ncbi	exact	NG_011631.1:adapter:258	NG_011631.1:ncbi:ORF322_NG_011631.1	1.0
NG_011631.1	adapter_corrected	ncbi	exact	NG_011631.1:adapter:259	NG_011631.1:ncbi:ORF1182_NG_011631.1	1.0
NG_011631.1	adapter_corrected	ncbi	exact	NG_011631.1:adapter:26	NG_011631.1:ncbi:ORF968_NG_011631.1	1.0
NG_011631.1	adapter_corrected	ncbi	exact	NG_011631.1:adapter:260	NG_011631.1:ncbi:ORF1446_NG_011631.1	1.0
NG_011631.1	adapter_corrected	ncbi	exact	NG_011631.1:adapter:261	NG_011631.1:ncbi:ORF361_NG_011631.1	1.0
NG_011631.1	adapter_corrected	ncbi	exact	NG_011631.1:adapter:262	NG_011631.1:ncbi:ORF1481_NG_011631.1	1.0
NG_011631.1	adapter_corrected	ncbi	exact	NG_011631.1:adapter:263	NG_011631.1:ncbi:ORF938_NG_011631.1	1.0
NG_011631.1	adapter_corrected	ncbi	exact	NG_011631.1:adapter:264	NG_011631.1:ncbi:ORF940_NG_011631.1	1.0
NG_011631.1	adapter_corrected	ncbi	exact	NG_011631.1:adapter:265	NG_011631.1:ncbi:ORF124_NG_011631.1	1.0
NG_011631.1	adapter_corrected	ncbi	exact	NG_011631.1:adapter:266	NG_011631.1:ncbi:ORF420_NG_011631.1	1.0
NG_011631.1	adapter_corrected	ncbi	exact	NG_011631.1:adapter:267	NG_011631.1:ncbi:ORF1278_NG_011631.1	1.0
NG_011631.1	adapter_corrected	ncbi	exact	NG_011631.1:adapter:268	NG_011631.1:ncbi:ORF1567_NG_011631.1	1.0
NG_011631.1	adapter_corrected	ncbi	exact	NG_011631.1:adapter:269	NG_011631.1:ncbi:ORF464_NG_011631.1	1.0
NG_011631.1	adapter_corrected	ncbi	exact	NG_011631.1:adapter:27	NG_011631.1:ncbi:ORF673_NG_011631.1	1.0
NG_011631.1	adapter_corrected	ncbi	exact	NG_011631.1:adapter:270	NG_011631.1:ncbi:ORF1046_NG_011631.1	1.0
NG_011631.1	adapter_corrected	ncbi	exact	NG_011631.1:adapter:271	NG_011631.1:ncbi:ORF206_NG_011631.1	1.0
NG_011631.1	adapter_corrected	ncbi	exact	NG_011631.1:adapter:272	NG_011631.1:ncbi:ORF484_NG_011631.1	1.0
NG_011631.1	adapter_corrected	ncbi	exact	NG_011631.1:adapter:273	NG_011631.1:ncbi:ORF239_NG_011631.1	1.0
NG_011631.1	adapter_corrected	ncbi	exact	NG_011631.1:adapter:274	NG_011631.1:ncbi:ORF819_NG_011631.1	1.0
NG_011631.1	adapter_corrected	ncbi	exact	NG_011631.1:adapter:275	NG_011631.1:ncbi:ORF1184_NG_011631.1	1.0
NG_011631.1	adapter_corrected	ncbi	exact	NG_011631.1:adapter:276	NG_011631.1:ncbi:ORF895_NG_011631.1	1.0
NG_011631.1	adapter_corrected	ncbi	exact	NG_011631.1:adapter:277	NG_011631.1:ncbi:ORF630_NG_011631.1	1.0
NG_011631.1	adapter_corrected	ncbi	exact	NG_011631.1:adapter:278	NG_011631.1:ncbi:ORF385_NG_011631.1	1.0
NG_011631.1	adapter_corrected	ncbi	exact	NG_011631.1:adapter:279	NG_011631.1:ncbi:ORF1515_NG_011631.1	1.0
NG_011631.1	adapter_corrected	ncbi	exact	NG_011631.1:adapter:28	NG_011631.1:ncbi:ORF199_NG_011631.1	1.0
NG_011631.1	adapter_corrected	ncbi	exact	NG_011631.1:adapter:280	NG_011631.1:ncbi:ORF1260_NG_011631.1	1.0
NG_011631.1	adapter_corrected	ncbi	exact	NG_011631.1:adapter:281	NG_011631.1:ncbi:ORF1265_NG_011631.1	1.0
NG_011631.1	adapter_corrected	ncbi	exact	NG_011631.1:adapter:282	NG_011631.1:ncbi:ORF166_NG_011631.1	1.0
NG_011631.1	adapter_corrected	ncbi	exact	NG_011631.1:adapter:283	NG_011631.1:ncbi:ORF1003_NG_011631.1	1.0
NG_011631.1	adapter_corrected	ncbi	exact	NG_011631.1:adapter:284	NG_011631.1:ncbi:ORF1293_NG_011631.1	1.0
NG_011631.1	adapter_corrected	ncbi	exact	NG_011631.1:adapter:285	NG_011631.1:ncbi:ORF1028_NG_011631.1	1.0
NG_011631.1	adapter_corrected	ncbi	exact	NG_011631.1:adapter:286	NG_011631.1:ncbi:ORF1313_NG_011631.1	1.0
NG_011631.1	adapter_corrected	ncbi	exact	NG_011631.1:adapter:287	NG_011631.1:ncbi:ORF1595_NG_011631.1	1.0
NG_011631.1	adapter_corrected	ncbi	exact	NG_011631.1:adapter:288	NG_011631.1:ncbi:ORF1335_NG_011631.1	1.0
NG_011631.1	adapter_corrected	ncbi	exact	NG_011631.1:adapter:289	NG_011631.1:ncbi:ORF515_NG_011631.1	1.0
NG_011631.1	adapter_corrected	ncbi	exact	NG_011631.1:adapter:29	NG_011631.1:ncbi:ORF20_NG_011631.1	1.0
NG_011631.1	adapter_corrected	ncbi	exact	NG_011631.1:adapter:290	NG_011631.1:ncbi:ORF817_NG_011631.1	1.0
NG_011631.1	adapter_corrected	ncbi	exact	NG_011631.1:adapter:291	NG_011631.1:ncbi:ORF522_NG_011631.1	1.0
NG_011631.1	adapter_corrected	ncbi	exact	NG_011631.1:adapter:292	NG_011631.1:ncbi:ORF18_NG_011631.1	1.0
NG_011631.1	adapter_corrected	ncbi	exact	NG_011631.1:adapter:293	NG_011631.1:ncbi:ORF839_NG_011631.1	1.0
NG_011631.1	adapter_corrected	ncbi	exact	NG_011631.1:adapter:294	NG_011631.1:ncbi:ORF66_NG_011631.1	1.0
NG_011631.1	adapter_corrected	ncbi	exact	NG_011631.1:adapter:295	NG_011631.1:ncbi:ORF1496_NG_011631.1	1.0
NG_011631.1	adapter_corrected	ncbi	exact	NG_011631.1:adapter:296	NG_011631.1:ncbi:ORF143_NG_011631.1	1.0
NG_011631.1	adapter_corrected	ncbi	exact	NG_011631.1:adapter:297	NG_011631.1:ncbi:ORF161_NG_011631.1	1.0
NG_011631.1	adapter_corrected	ncbi	exact	NG_011631.1:adapter:298	NG_011631.1:ncbi:ORF1311_NG_011631.1	1.0
NG_011631.1	adapter_corrected	ncbi	exact	NG_011631.1:adapter:299	NG_011631.1:ncbi:ORF1593_NG_011631.1	1.0
NG_011631.1	adapter_corrected	ncbi	exact	NG_011631.1:adapter:3	NG_011631.1:ncbi:ORF1276_NG_011631.1	1.0
NG_011631.1	adapter_corrected	ncbi	exact	NG_011631.1:adapter:30	NG_011631.1:ncbi:ORF978_NG_011631.1	1.0
NG_011631.1	adapter_corrected	ncbi	exact	NG_011631.1:adapter:300	NG_011631.1:ncbi:ORF1594_NG_011631.1	1.0
NG_011631.1	adapter_corrected	ncbi	exact	NG_011631.1:adapter:301	NG_011631.1:ncbi:ORF492_NG_011631.1	1.0
NG_011631.1	adapter_corrected	ncbi	exact	NG_011631.1:adapter:302	NG_011631.1:ncbi:ORF263_NG_011631.1	1.0
NG_011631.1	adapter_corrected	ncbi	exact	NG_011631.1:adapter:303	NG_011631.1:ncbi:ORF1381_NG_011631.1	1.0
NG_011631.1	adapter_corrected	ncbi	exact	NG_011631.1:adapter:304	NG_011631.1:ncbi:ORF847_NG_011631.1	1.0
NG_011631.1	adapter_corrected	ncbi	exact	NG_011631.1:adapter:305	NG_011631.1:ncbi:ORF1148_NG_011631.1	1.0
NG_011631.1	adapter_corrected	ncbi	exact	NG_011631.1:adapter:306	NG_011631.1:ncbi:ORF618_NG_011631.1	1.0
NG_011631.1	adapter_corrected	ncbi	exact	NG_011631.1:adapter:307	NG_011631.1:ncbi:ORF620_NG_011631.1	1.0
NG_011631.1	adapter_corrected	ncbi	exact	NG_011631.1:adapter:308	NG_011631.1:ncbi:ORF1462_NG_011631.1	1.0
NG_011631.1	adapter_corrected	ncbi	exact	NG_011631.1:adapter:309	NG_011631.1:ncbi:ORF108_NG_011631.1	1.0
NG_011631.1	adapter_corrected	ncbi	exact	NG_011631.1:adapter:31	NG_011631.1:ncbi:ORF164_NG_011631.1	1.0
NG_011631.1	adapter_corrected	ncbi	exact	NG_011631.1:adapter:310	NG_011631.1:ncbi:ORF390_NG_011631.1	1.0
NG_011631.1	adapter_corrected	ncbi	exact	NG_011631.1:adapter:311	NG_011631.1:ncbi:ORF952_NG_011631.1	1.0
NG_011631.1	adapter_corrected	ncbi	exact	NG_011631.1:adapter:312	NG_011631.1:ncbi:ORF407_NG_011631.1	1.0
NG_011631.1	adapter_corrected	ncbi	exact	NG_011631.1:adapter:313	NG_011631.1:ncbi:ORF1012_NG_011631.1	1.0
NG_011631.1	adapter_corrected	ncbi	exact	NG_011631.1:adapter:314	NG_011631.1:ncbi:ORF220_NG_011631.1	1.0
NG_011631.1	adapter_corrected	ncbi	exact	NG_011631.1:adapter:315	NG_011631.1:ncbi:ORF1634_NG_011631.1	1.0
NG_011631.1	adapter_corrected	ncbi	exact	NG_011631.1:adapter:316	NG_011631.1:ncbi:ORF1123_NG_011631.1	1.0
NG_011631.1	adapter_corrected	ncbi	exact	NG_011631.1:adapter:317	NG_011631.1:ncbi:ORF841_NG_011631.1	1.0
NG_011631.1	adapter_corrected	ncbi	exact	NG_011631.1:adapter:318	NG_011631.1:ncbi:ORF871_NG_011631.1	1.0
NG_011631.1	adapter_corrected	ncbi	exact	NG_011631.1:adapter:319	NG_011631.1:ncbi:ORF1190_NG_011631.1	1.0
NG_011631.1	adapter_corrected	ncbi	exact	NG_011631.1:adapter:32	NG_011631.1:ncbi:ORF1048_NG_011631.1	1.0
NG_011631.1	adapter_corrected	ncbi	exact	NG_011631.1:adapter:320	NG_011631.1:ncbi:ORF971_NG_011631.1	1.0
NG_011631.1	adapter_corrected	ncbi	exact	NG_011631.1:adapter:321	NG_011631.1:ncbi:ORF695_NG_011631.1	1.0
NG_011631.1	adapter_corrected	ncbi	exact	NG_011631.1:adapter:322	NG_011631.1:ncbi:ORF1062_NG_011631.1	1.0
NG_011631.1	adapter_corrected	ncbi	exact	NG_011631.1:adapter:323	NG_011631.1:ncbi:ORF1089_NG_011631.1	1.0
NG_011631.1	adapter_corrected	ncbi	exact	NG_011631.1:adapter:324	NG_011631.1:ncbi:ORF261_NG_011631.1	1.0
NG_011631.1	adapter_corrected	ncbi	exact	NG_011631.1:adapter:325	NG_011631.1:ncbi:ORF840_NG_011631.1	1.0
NG_011631.1	adapter_corrected	ncbi	exact	NG_011631.1:adapter:326	NG_011631.1:ncbi:ORF28_NG_011631.1	1.0
NG_011631.1	adapter_corrected	ncbi	exact	NG_011631.1:adapter:327	NG_011631.1:ncbi:ORF555_NG_011631.1	1.0
NG_011631.1	adapter_corrected	ncbi	exact	NG_011631.1:adapter:328	NG_011631.1:ncbi:ORF1158_NG_011631.1	1.0
NG_011631.1	adapter_corrected	ncbi	exact	NG_011631.1:adapter:329	NG_011631.1:ncbi:ORF355_NG_011631.1	1.0
NG_011631.1	adapter_corrected	ncbi	exact	NG_011631.1:adapter:33	NG_011631.1:ncbi:ORF4_NG_011631.1	1.0
NG_011631.1	adapter_corrected	ncbi	exact	NG_011631.1:adapter:330	NG_011631.1:ncbi:ORF1477_NG_011631.1	1.0
NG_011631.1	adapter_corrected	ncbi	exact	NG_011631.1:adapter:331	NG_011631.1:ncbi:ORF926_NG_011631.1	1.0
NG_011631.1	adapter_corrected	ncbi	exact	NG_011631.1:adapter:332	NG_011631.1:ncbi:ORF956_NG_011631.1	1.0
NG_011631.1	adapter_corrected	ncbi	exact	NG_011631.1:adapter:333	NG_011631.1:ncbi:ORF960_NG_011631.1	1.0
NG_011631.1	adapter_corrected	ncbi	exact	NG_011631.1:adapter:334	NG_011631.1:ncbi:ORF153_NG_011631.1	1.0
NG_011631.1	adapter_corrected	ncbi	exact	NG_011631.1:adapter:335	NG_011631.1:ncbi:ORF1257_NG_011631.1	1.0
NG_011631.1	adapter_corrected	ncbi	exact	NG_011631.1:adapter:336	NG_011631.1:ncbi:ORF427_NG_011631.1	1.0
NG_011631.1	adapter_corrected	ncbi	exact	NG_011631.1:adapter:337	NG_011631.1:ncbi:ORF720_NG_011631.1	1.0
NG_011631.1	adapter_corrected	ncbi	exact	NG_011631.1:adapter:338	NG_011631.1:ncbi:ORF187_NG_011631.1	1.0
NG_011631.1	adapter_corrected	ncbi	exact	NG_011631.1:adapter:339	NG_011631.1:ncbi:ORF466_NG_011631.1	1.0
NG_011631.1	adapter_corrected	ncbi	exact	NG_011631.1:adapter:34	NG_011631.1:ncbi:ORF889_NG_011631.1	1.0
NG_011631.1	adapter_corrected	ncbi	exact	NG_011631.1:adapter:340	NG_011631.1:ncbi:ORF789_NG_011631.1	1.0
NG_011631.1	adapter_corrected	ncbi	exact	NG_011631.1:adapter:341	NG_011631.1:ncbi:ORF1078_NG_011631.1	1.0
NG_011631.1	adapter_corrected	ncbi	exact	NG_011631.1:adapter:342	NG_011631.1:ncbi:ORF794_NG_011631.1	1.0
NG_011631.1	adapter_corrected	ncbi	exact	NG_011631.1:adapter:343	NG_011631.1:ncbi:ORF1623_NG_011631.1	1.0
NG_011631.1	adapter_corrected	ncbi	exact	NG_011631.1:adapter:344	NG_011631.1:ncbi:ORF1371_NG_011631.1	1.0
NG_011631.1	adapter_corrected	ncbi	exact	NG_011631.1:adapter:345	NG_011631.1:ncbi:ORF530_NG_011631.1	1.0
NG_011631.1	adapter_corrected	ncbi	exact	NG_011631.1:adapter:346	NG_011631.1:ncbi:ORF829_NG_011631.1	1.0
NG_011631.1	adapter_corrected	ncbi	exact	NG_011631.1:adapter:347	NG_011631.1:ncbi:ORF591_NG_011631.1	1.0
NG_011631.1	adapter_corrected	ncbi	exact	NG_011631.1:adapter:348	NG_011631.1:ncbi:ORF891_NG_011631.1	1.0
NG_011631.1	adapter_corrected	ncbi	exact	NG_011631.1:adapter:349	NG_011631.1:ncbi:ORF1202_NG_011631.1	1.0
NG_011631.1	adapter_corrected	ncbi	exact	NG_011631.1:adapter:35	NG_011631.1:ncbi:ORF902_NG_011631.1	1.0
NG_011631.1	adapter_corrected	ncbi	exact	NG_011631.1:adapter:350	NG_011631.1:ncbi:ORF359_NG_011631.1	1.0
NG_011631.1	adapter_corrected	ncbi	exact	NG_011631.1:adapter:351	NG_011631.1:ncbi:ORF112_NG_011631.1	1.0
NG_011631.1	adapter_corrected	ncbi	exact	NG_011631.1:adapter:352	NG_011631.1:ncbi:ORF375_NG_011631.1	1.0
NG_011631.1	adapter_corrected	ncbi	exact	NG_011631.1:adapter:353	NG_011631.1:ncbi:ORF1230_NG_011631.1	1.0
NG_011631.1	adapter_corrected	ncbi	exact	NG_011631.1:adapter:354	NG_011631.1:ncbi:ORF129_NG_011631.1	1.0
NG_011631.1	adapter_corrected	ncbi	exact	NG_011631.1:adapter:355	NG_011631.1:ncbi:ORF402_NG_011631.1	1.0
NG_011631.1	adapter_corrected	ncbi	exact	NG_011631.1:adapter:356	NG_011631.1:ncbi:ORF686_NG_011631.1	1.0
NG_011631.1	adapter_corrected	ncbi	exact	NG_011631.1:adapter:357	NG_011631.1:ncbi:ORF699_NG_011631.1	1.0
NG_011631.1	adapter_corrected	ncbi	exact	NG_011631.1:adapter:358	NG_011631.1:ncbi:ORF1539_NG_011631.1	1.0
NG_011631.1	adapter_corrected	ncbi	exact	NG_011631.1:adapter:359	NG_011631.1:ncbi:ORF431_NG_011631.1	1.0
NG_011631.1	adapter_corrected	ncbi	exact	NG_011631.1:adapter:36	NG_011631.1:ncbi:ORF1002_NG_011631.1	1.0
NG_011631.1	adapter_corrected	ncbi	exact	NG_011631.1:adapter:360	NG_011631.1:ncbi:ORF1554_NG_011631.1	1.0
NG_011631.1	adapter_corrected	ncbi	exact	NG_011631.1:adapter:361	NG_011631.1:ncbi:ORF439_NG_011631.1	1.0
NG_011631.1	adapter_corrected	ncbi	exact	NG_011631.1:adapter:362	NG_011631.1:ncbi:ORF440_NG_011631.1	1.0
NG_011631.1	adapter_corrected	ncbi	exact	NG_011631.1:adapter:363	NG_011631.1:ncbi:ORF1023_NG_011631.1	1.0
NG_011631.1	adapter_corrected	ncbi	exact	NG_011631.1:adapter:364	NG_011631.1:ncbi:ORF1566_NG_011631.1	1.0
NG_011631.1	adapter_corrected	ncbi	exact	NG_011631.1:adapter:365	NG_011631.1:ncbi:ORF520_NG_011631.1	1.0
NG_011631.1	adapter_corrected	ncbi	exact	NG_011631.1:adapter:366	NG_011631.1:ncbi:ORF1383_NG_011631.1	1.0
NG_011631.1	adapter_corrected	ncbi	exact	NG_011631.1:adapter:367	NG_011631.1:ncbi:ORF1388_NG_011631.1	1.0
NG_011631.1	adapter_corrected	ncbi	exact	NG_011631.1:adapter:368	NG_011631.1:ncbi:ORF293_NG_011631.1	1.0
NG_011631.1	adapter_corrected	ncbi	exact	NG_011631.1:adapter:369	NG_011631.1:ncbi:ORF319_NG_011631.1	1.0
NG_011631.1	adapter_corrected	ncbi	exact	NG_011631.1:adapter:37	NG_011631.1:ncbi:ORF1007_NG_011631.1	1.0
NG_011631.1	adapter_corrected	ncbi	exact	NG_011631.1:adapter:370	NG_011631.1:ncbi:ORF1473_NG_011631.1	1.0
NG_011631.1	adapter_corrected	ncbi	exact	NG_011631.1:adapter:371	NG_011631.1:ncbi:ORF930_NG_011631.1	1.0
NG_011631.1	adapter_corrected	ncbi	exact	NG_011631.1:adapter:372	NG_011631.1:ncbi:ORF652_NG_011631.1	1.0
NG_011631.1	adapter_corrected	ncbi	exact	NG_011631.1:adapter:373	NG_011631.1:ncbi:ORF937_NG_011631.1	1.0
NG_011631.1	adapter_corrected	ncbi	exact	NG_011631.1:adapter:374	NG_011631.1:ncbi:ORF398_NG_011631.1	1.0
NG_011631.1	adapter_corrected	ncbi	exact	NG_011631.1:adapter:375	NG_011631.1:ncbi:ORF1517_NG_011631.1	1.0
NG_011631.1	adapter_corrected	ncbi	exact	NG_011631.1:adapter:376	NG_011631.1:ncbi:ORF974_NG_011631.1	1.0
NG_011631.1	adapter_corrected	ncbi	exact	NG_011631.1:adapter:377	NG_011631.1:ncbi:ORF979_NG_011631.1	1.0
NG_011631.1	adapter_corrected	ncbi	exact	NG_011631.1:adapter:378	NG_011631.1:ncbi:ORF1001_NG_011631.1	1.0
NG_011631.1	adapter_corrected	ncbi	exact	NG_011631.1:adapter:379	NG_011631.1:ncbi:ORF1555_NG_011631.1	1.0
NG_011631.1	adapter_corrected	ncbi	exact	NG_011631.1:adapter:38	NG_011631.1:ncbi:ORF1366_NG_011631.1	1.0
NG_011631.1	adapter_corrected	ncbi	exact	NG_011631.1:adapter:380	NG_011631.1:ncbi:ORF1069_NG_011631.1	1.0
NG_011631.1	adapter_corrected	ncbi	exact	NG_011631.1:adapter:381	NG_011631.1:ncbi:ORF494_NG_011631.1	1.0
NG_011631.1	adapter_corrected	ncbi	exact	NG_011631.1:adapter:382	NG_011631.1:ncbi:ORF1343_NG_011631.1	1.0
NG_011631.1	adapter_corrected	ncbi	exact	NG_011631.1:adapter:383	NG_011631.1:ncbi:ORF795_NG_011631.1	1.0
NG_011631.1	adapter_corrected	ncbi	exact	NG_011631.1:adapter:384	NG_011631.1:ncbi:ORF1393_NG_011631.1	1.0
NG_011631.1	adapter_corrected	ncbi	exact	NG_011631.1:adapter:385	NG_011631.1:ncbi:ORF301_NG_011631.1	1.0
NG_011631.1	adapter_corrected	ncbi	exact	NG_011631.1:adapter:386	NG_011631.1:ncbi:ORF306_NG_011631.1	1.0
NG_011631.1	adapter_corrected	ncbi	exact	NG_011631.1:adapter:387	NG_011631.1:ncbi:ORF316_NG_011631.1	1.0
NG_011631.1	adapter_corrected	ncbi	exact	NG_011631.1:adapter:388	NG_011631.1:ncbi:ORF1437_NG_011631.1	1.0
NG_011631.1	adapter_corrected	ncbi	exact	NG_011631.1:adapter:389	NG_011631.1:ncbi:ORF606_NG_011631.1	1.0
NG_011631.1	adapter_corrected	ncbi	exact	NG_011631.1:adapter:39	NG_011631.1:ncbi:ORF1324_NG_011631.1	1.0
NG_011631.1	adapter_corrected	ncbi	exact	NG_011631.1:adapter:390	NG_011631.1:ncbi:ORF344_NG_011631.1	1.0
NG_011631.1	adapter_corrected	ncbi	exact	NG_011631.1:adapter:391	NG_011631.1:ncbi:ORF645_NG_011631.1	1.0
NG_011631.1	adapter_corrected	ncbi	exact	NG_011631.1:adapter:392	NG_011631.1:ncbi:ORF1497_NG_011631.1	1.0
NG_011631.1	adapter_corrected	ncbi	exact	NG_011631.1:adapter:393	NG_011631.1:ncbi:ORF949_NG_011631.1	1.0
NG_011631.1	adapter_corrected	ncbi	exact	NG_011631.1:adapter:394	NG_011631.1:ncbi:ORF688_NG_011631.1	1.0
NG_011631.1	adapter_corrected	ncbi	exact	NG_011631.1:adapter:395	NG_011631.1:ncbi:ORF972_NG_011631.1	1.0
NG_011631.1	adapter_corrected	ncbi	exact	NG_011631.1:adapter:396	NG_011631.1:ncbi:ORF1261_NG_011631.1	1.0
NG_011631.1	adapter_corrected	ncbi	exact	NG_011631.1:adapter:397	NG_011631.1:ncbi:ORF426_NG_011631.1	1.0
NG_011631.1	adapter_corrected	ncbi	exact	NG_011631.1:adapter:398	NG_011631.1:ncbi:ORF1304_NG_011631.1	1.0
NG_011631.1	adapter_corrected	ncbi	exact	NG_011631.1:adapter:399	NG_011631.1:ncbi:ORF1305_NG_011631.1	1.0
NG_011631.1	adapter_corrected	ncbi	exact	NG_011631.1:adapter:4	NG_011631.1:ncbi:ORF110_NG_011631.1	1.0
NG_011631.1	adapter_corrected	ncbi	exact	NG_011631.1:adapter:40	NG_011631.1:ncbi:ORF660_NG_011631.1	1.0
NG_011631.1	adapter_corrected	ncbi	exact	NG_011631.1:adapter:400	NG_011631.1:ncbi:ORF756_NG_011631.1	1.0
NG_011631.1	adapter_corrected	ncbi	exact	NG_011631.1:adapter:401	NG_011631.1:ncbi:ORF1360_NG_011631.1	1.0
NG_011631.1	adapter_corrected	ncbi	exact	NG_011631.1:adapter:402	NG_011631.1:ncbi:ORF264_NG_011631.1	1.0
NG_011631.1	adapter_corrected	ncbi	exact	NG_011631.1:adapter:403	NG_011631.1:ncbi:ORF1_NG_011631.1	1.0
NG_011631.1	adapter_corrected	ncbi	exact	NG_011631.1:adapter:404	NG_011631.1:ncbi:ORF2_NG_011631.1	1.0
NG_011631.1	adapter_corrected	ncbi	exact	NG_011631.1:adapter:405	NG_011631.1:ncbi:ORF32_NG_011631.1	1.0
NG_011631.1	adapter_corrected	ncbi	exact	NG_011631.1:adapter:406	NG_011631.1:ncbi:ORF1142_NG_011631.1	1.0
NG_011631.1	adapter_corrected	ncbi	exact	NG_011631.1:adapter:407	NG_011631.1:ncbi:ORF565_NG_011631.1	1.0
NG_011631.1	adapter_corrected	ncbi	exact	NG_011631.1:adapter:408	NG_011631.1:ncbi:ORF1412_NG_011631.1	1.0
NG_011631.1	adapter_corrected	ncbi	exact	NG_011631.1:adapter:409	NG_011631.1:ncbi:ORF60_NG_011631.1	1.0
NG_011631.1	adapter_corrected	ncbi	exact	NG_011631.1:adapter:41	NG_011631.1:ncbi:ORF986_NG_011631.1	1.0
NG_011631.1	adapter_corrected	ncbi	exact	NG_011631.1:adapter:410	NG_011631.1:ncbi:ORF872_NG_011631.1	1.0
NG_011631.1	adapter_corrected	ncbi	exact	NG_011631.1:adapter:411	NG_011631.1:ncbi:ORF72_NG_011631.1	1.0
NG_011631.1	adapter_corrected	ncbi	exact	NG_011631.1:adapter:412	NG_011631.1:ncbi:ORF638_NG_011631.1	1.0
NG_011631.1	adapter_corrected	ncbi	exact	NG_011631.1:adapter:413	NG_011631.1:ncbi:ORF136_NG_011631.1	1.0
NG_011631.1	adapter_corrected	ncbi	exact	NG_011631.1:adapter:414	NG_011631.1:ncbi:ORF700_NG_011631.1	1.0
NG_011631.1	adapter_corrected	ncbi	exact	NG_011631.1:adapter:415	NG_011631.1:ncbi:ORF1266_NG_011631.1	1.0
NG_011631.1	adapter_corrected	ncbi	exact	NG_011631.1:adapter:416	NG_011631.1:ncbi:ORF434_NG_011631.1	1.0
NG_011631.1	adapter_corrected	ncbi	exact	NG_011631.1:adapter:417	NG_011631.1:ncbi:ORF435_NG_011631.1	1.0
NG_011631.1	adapter_corrected	ncbi	exact	NG_011631.1:adapter:418	NG_011631.1:ncbi:ORF722_NG_011631.1	1.0
NG_011631.1	adapter_corrected	ncbi	exact	NG_011631.1:adapter:419	NG_011631.1:ncbi:ORF1035_NG_011631.1	1.0
NG_011631.1	adapter_corrected	ncbi	exact	NG_011631.1:adapter:42	NG_011631.1:ncbi:ORF418_NG_011631.1	1.0
NG_011631.1	adapter_corrected	ncbi	exact	NG_011631.1:adapter:420	NG_011631.1:ncbi:ORF1368_NG_011631.1	1.0
NG_011631.1	adapter_corrected	ncbi	exact	NG_011631.1:adapter:421	NG_011631.1:ncbi:ORF1370_NG_011631.1	1.0
NG_011631.1	adapter_corrected	ncbi	exact	NG_011631.1:adapter:422	NG_011631.1:ncbi:ORF534_NG_011631.1	1.0
NG_011631.1	adapter_corrected	ncbi	exact	NG_011631.1:adapter:423	NG_011631.1:ncbi:ORF1419_NG_011631.1	1.0
NG_011631.1	adapter_corrected	ncbi	exact	NG_011631.1:adapter:424	NG_011631.1:ncbi:ORF1429_NG_011631.1	1.0
NG_011631.1	adapter_corrected	ncbi	exact	NG_011631.1:adapter:425	NG_011631.1:ncbi:ORF880_NG_011631.1	1.0
NG_011631.1	adapter_corrected	ncbi	exact	NG_011631.1:adapter:426	NG_011631.1:ncbi:ORF897_NG_011631.1	1.0
NG_011631.1	adapter_corrected	ncbi	exact	NG_011631.1:adapter:427	NG_011631.1:ncbi:ORF83_NG_011631.1	1.0
NG_011631.1	adapter_corrected	ncbi	exact	NG_011631.1:adapter:428	NG_011631.1:ncbi:ORF337_NG_011631.1	1.0
NG_011631.1	adapter_corrected	ncbi	exact	NG_011631.1:adapter:429	NG_011631.1:ncbi:ORF109_NG_011631.1	1.0
NG_011631.1	adapter_corrected	ncbi	exact	NG_011631.1:adapter:43	NG_011631.1:ncbi:ORF1545_NG_011631.1	1.0
NG_011631.1	adapter_corrected	ncbi	exact	NG_011631.1:adapter:430	NG_011631.1:ncbi:ORF931_NG_011631.1	1.0
NG_011631.1	adapter_corrected	ncbi	exact	NG_011631.1:adapter:431	NG_011631.1:ncbi:ORF144_NG_011631.1	1.0
NG_011631.1	adapter_corrected	ncbi	exact	NG_011631.1:adapter:432	NG_011631.1:ncbi:ORF1251_NG_011631.1	1.0
NG_011631.1	adapter_corrected	ncbi	exact	NG_011631.1:adapter:433	NG_011631.1:ncbi:ORF412_NG_011631.1	1.0
NG_011631.1	adapter_corrected	ncbi	exact	NG_011631.1:adapter:434	NG_011631.1:ncbi:ORF710_NG_011631.1	1.0
NG_011631.1	adapter_corrected	ncbi	exact	NG_011631.1:adapter:435	NG_011631.1:ncbi:ORF998_NG_011631.1	1.0
NG_011631.1	adapter_corrected	ncbi	exact	NG_011631.1:adapter:436	NG_011631.1:ncbi:ORF732_NG_011631.1	1.0
NG_011631.1	adapter_corrected	ncbi	exact	NG_011631.1:adapter:437	NG_011631.1:ncbi:ORF476_NG_011631.1	1.0
NG_011631.1	adapter_corrected	ncbi	exact	NG_011631.1:adapter:438	NG_011631.1:ncbi:ORF1596_NG_011631.1	1.0
NG_011631.1	adapter_corrected	ncbi	exact	NG_011631.1:adapter:439	NG_011631.1:ncbi:ORF1072_NG_011631.1	1.0
NG_011631.1	adapter_corrected	ncbi	exact	NG_011631.1:adapter:44	NG_011631.1:ncbi:ORF945_NG_011631.1	1.0
NG_011631.1	adapter_corrected	ncbi	exact	NG_011631.1:adapter:440	NG_011631.1:ncbi:ORF498_NG_011631.1	1.0
NG_011631.1	adapter_corrected	ncbi	exact	NG_011631.1:adapter:441	NG_011631.1:ncbi:ORF1093_NG_011631.1	1.0
NG_011631.1	adapter_corrected	ncbi	exact	NG_011631.1:adapter:442	NG_011631.1:ncbi:ORF807_NG_011631.1	1.0
NG_011631.1	adapter_corrected	ncbi	exact	NG_011631.1:adapter:443	NG_011631.1:ncbi:ORF815_NG_011631.1	1.0
NG_011631.1	adapter_corrected	ncbi	exact	NG_011631.1:adapter:444	NG_011631.1:ncbi:ORF6_NG_011631.1	1.0
NG_011631.1	adapter_corrected	ncbi	exact	NG_011631.1:adapter:445	NG_011631.1:ncbi:ORF1114_NG_011631.1	1.0
NG_011631.1	adapter_corrected	ncbi	exact	NG_011631.1:adapter:446	NG_011631.1:ncbi:ORF542_NG_011631.1	1.0
NG_011631.1	adapter_corrected	ncbi	exact	NG_011631.1:adapter:447	NG_011631.1:ncbi:ORF1149_NG_011631.1	1.0
NG_011631.1	adapter_corrected	ncbi	exact	NG_011631.1:adapter:448	NG_011631.1:ncbi:ORF868_NG_011631.1	1.0
NG_011631.1	adapter_corrected	ncbi	exact	NG_011631.1:adapter:449	NG_011631.1:ncbi:ORF589_NG_011631.1	1.0
NG_011631.1	adapter_corrected	ncbi	exact	NG_011631.1:adapter:45	NG_011631.1:ncbi:ORF1015_NG_011631.1	1.0
NG_011631.1	adapter_corrected	ncbi	exact	NG_011631.1:adapter:450	NG_011631.1:ncbi:ORF314_NG_011631.1	1.0
NG_011631.1	adapter_corrected	ncbi	exact	NG_011631.1:adapter:451	NG_011631.1:ncbi:ORF1443_NG_011631.1	1.0
NG_011631.1	adapter_corrected	ncbi	exact	NG_011631.1:adapter:452	NG_011631.1:ncbi:ORF1188_NG_011631.1	1.0
NG_011631.1	adapter_corrected	ncbi	exact	NG_011631.1:adapter:453	NG_011631.1:ncbi:ORF619_NG_011631.1	1.0
NG_011631.1	adapter_corrected	ncbi	exact	NG_011631.1:adapter:454	NG_011631.1:ncbi:ORF928_NG_011631.1	1.0
NG_011631.1	adapter_corrected	ncbi	exact	NG_011631.1:adapter:455	NG_011631.1:ncbi:ORF1487_NG_011631.1	1.0
NG_011631.1	adapter_corrected	ncbi	exact	NG_011631.1:adapter:456	NG_011631.1:ncbi:ORF389_NG_011631.1	1.0
NG_011631.1	adapter_corrected	ncbi	exact	NG_011631.1:adapter:457	NG_011631.1:ncbi:ORF141_NG_011631.1	1.0
NG_011631.1	adapter_corrected	ncbi	exact	NG_011631.1:adapter:458	NG_011631.1:ncbi:ORF174_NG_011631.1	1.0
NG_011631.1	adapter_corrected	ncbi	exact	NG_011631.1:adapter:459	NG_011631.1:ncbi:ORF1017_NG_011631.1	1.0
NG_011631.1	adapter_corrected	ncbi	exact	NG_011631.1:adapter:46	NG_011631.1:ncbi:ORF7_NG_011631.1	1.0
NG_011631.1	adapter_corrected	ncbi	exact	NG_011631.1:adapter:460	NG_011631.1:ncbi:ORF1323_NG_011631.1	1.0
NG_011631.1	adapter_corrected	ncbi	exact	NG_011631.1:adapter:461	NG_011631.1:ncbi:ORF1327_NG_011631.1	1.0
NG_011631.1	adapter_corrected	ncbi	exact	NG_011631.1:adapter:462	NG_011631.1:ncbi:ORF824_NG_011631.1	1.0
NG_011631.1	adapter_corrected	ncbi	exact	NG_011631.1:adapter:463	NG_011631.1:ncbi:ORF828_NG_011631.1	1.0
NG_011631.1	adapter_corrected	ncbi	exact	NG_011631.1:adapter:464	NG_011631.1:ncbi:ORF1373_NG_011631.1	1.0
NG_011631.1	adapter_corrected	ncbi	exact	NG_011631.1:adapter:465	NG_011631.1:ncbi:ORF15_NG_011631.1	1.0
NG_011631.1	adapter_corrected	ncbi	exact	NG_011631.1:adapter:466	NG_011631.1:ncbi:ORF285_NG_011631.1	1.0
NG_011631.1	adapter_corrected	ncbi	exact	NG_011631.1:adapter:467	NG_011631.1:ncbi:ORF1133_NG_011631.1	1.0
NG_011631.1	adapter_corrected	ncbi	exact	NG_011631.1:adapter:468	NG_011631.1:ncbi:ORF1394_NG_011631.1	1.0
NG_011631.1	adapter_corrected	ncbi	exact	NG_011631.1:adapter:469	NG_011631.1:ncbi:ORF296_NG_011631.1	1.0
NG_011631.1	adapter_corrected	ncbi	exact	NG_011631.1:adapter:47	NG_011631.1:ncbi:ORF1405_NG_011631.1	1.0
NG_011631.1	adapter_corrected	ncbi	exact	NG_011631.1:adapter:470	NG_011631.1:ncbi:ORF1157_NG_011631.1	1.0
NG_011631.1	adapter_corrected	ncbi	exact	NG_011631.1:adapter:471	NG_011631.1:ncbi:ORF1411_NG_011631.1	1.0
NG_011631.1	adapter_corrected	ncbi	exact	NG_011631.1:adapter:472	NG_011631.1:ncbi:ORF1432_NG_011631.1	1.0
NG_011631.1	adapter_corrected	ncbi	exact	NG_011631.1:adapter:473	NG_011631.1:ncbi:ORF1178_NG_011631.1	1.0
NG_011631.1	adapter_corrected	ncbi	exact	NG_011631.1:adapter:474	NG_011631.1:ncbi:ORF1438_NG_011631.1	1.0
NG_011631.1	adapter_corrected	ncbi	exact	NG_011631.1:adapter:475	NG_011631.1:ncbi:ORF913_NG_011631.1	1.0
NG_011631.1	adapter_corrected	ncbi	exact	NG_011631.1:adapter:476	NG_011631.1:ncbi:ORF1212_NG_011631.1	1.0
NG_011631.1	adapter_corrected	ncbi	exact	NG_011631.1:adapter:477	NG_011631.1:ncbi:ORF647_NG_011631.1	1.0
NG_011631.1	adapter_corrected	ncbi	exact	NG_011631.1:adapter:478	NG_011631.1:ncbi:ORF929_NG_011631.1	1.0
NG_011631.1	adapter_corrected	ncbi	exact	NG_011631.1:adapter:479	NG_011631.1:ncbi:ORF682_NG_011631.1	1.0
NG_011631.1	adapter_corrected	ncbi	exact	NG_011631.1:adapter:48	NG_011631.1:ncbi:ORF803_NG_011631.1	1.0
NG_011631.1	adapter_corrected	ncbi	exact	NG_011631.1:adapter:480	NG_011631.1:ncbi:ORF1248_NG_011631.1	1.0
NG_011631.1	adapter_corrected	ncbi	exact	NG_011631.1:adapter:481	NG_011631.1:ncbi:ORF1522_NG_011631.1	1.0
NG_011631.1	adapter_corrected	ncbi	exact	NG_011631.1:adapter:482	NG_011631.1:ncbi:ORF411_NG_011631.1	1.0
NG_011631.1	adapter_corrected	ncbi	exact	NG_011631.1:adapter:483	NG_011631.1:ncbi:ORF983_NG_011631.1	1.0
NG_011631.1	adapter_corrected	ncbi	exact	NG_011631.1:adapter:484	NG_011631.1:ncbi:ORF415_NG_011631.1	1.0
NG_011631.1	adapter_corrected	ncbi	exact	NG_011631.1:adapter:485	NG_011631.1:ncbi:ORF995_NG_011631.1	1.0
NG_011631.1	adapter_corrected	ncbi	exact	NG_011631.1:adapter:486	NG_011631.1:ncbi:ORF1538_NG_011631.1	1.0
NG_011631.1	adapter_corrected	ncbi	exact	NG_011631.1:adapter:487	NG_011631.1:ncbi:ORF425_NG_011631.1	1.0
NG_011631.1	adapter_corrected	ncbi	exact	NG_011631.1:adapter:488	NG_011631.1:ncbi:ORF449_NG_011631.1	1.0
NG_011631.1	adapter_corrected	ncbi	exact	NG_011631.1:adapter:489	NG_011631.1:ncbi:ORF1306_NG_011631.1	1.0
NG_011631.1	adapter_corrected	ncbi	exact	NG_011631.1:adapter:49	NG_011631.1:ncbi:ORF1472_NG_011631.1	1.0
NG_011631.1	adapter_corrected	ncbi	exact	NG_011631.1:adapter:490	NG_011631.1:ncbi:ORF1579_NG_011631.1	1.0
NG_011631.1	adapter_corrected	ncbi	exact	NG_011631.1:adapter:491	NG_011631.1:ncbi:ORF1047_NG_011631.1	1.0
NG_011631.1	adapter_corrected	ncbi	exact	NG_011631.1:adapter:492	NG_011631.1:ncbi:ORF1331_NG_011631.1	1.0
NG_011631.1	adapter_corrected	ncbi	exact	NG_011631.1:adapter:493	NG_011631.1:ncbi:ORF1631_NG_011631.1	1.0
NG_011631.1	adapter_corrected	ncbi	exact	NG_011631.1:adapter:494	NG_011631.1:ncbi:ORF1099_NG_011631.1	1.0
NG_011631.1	adapter_corrected	ncbi	exact	NG_011631.1:adapter:495	NG_011631.1:ncbi:ORF1372_NG_011631.1	1.0
NG_011631.1	adapter_corrected	ncbi	exact	NG_011631.1:adapter:496	NG_011631.1:ncbi:ORF1124_NG_011631.1	1.0
NG_011631.1	adapter_corrected	ncbi	exact	NG_011631.1:adapter:497	NG_011631.1:ncbi:ORF548_NG_011631.1	1.0
NG_011631.1	adapter_corrected	ncbi	exact	NG_011631.1:adapter:498	NG_011631.1:ncbi:ORF291_NG_011631.1	1.0
NG_011631.1	adapter_corrected	ncbi	exact	NG_011631.1:adapter:499	NG_011631.1:ncbi:ORF855_NG_011631.1	1.0
NG_011631.1	adapter_corrected	ncbi	exact	NG_011631.1:adapter:5	NG_011631.1:ncbi:ORF8_NG_011631.1	1.0
NG_011631.1	adapter_corrected	ncbi	exact	NG_011631.1:adapter:50	NG_011631.1:ncbi:ORF785_NG_011631.1	1.0
NG_011631.1	adapter_corrected	ncbi	exact	NG_011631.1:adapter:500	NG_011631.1:ncbi:ORF1144_NG_011631.1	1.0
NG_011631.1	adapter_corrected	ncbi	exact	NG_011631.1:adapter:501	NG_011631.1:ncbi:ORF863_NG_011631.1	1.0
NG_011631.1	adapter_corrected	ncbi	exact	NG_011631.1:adapter:502	NG_011631.1:ncbi:ORF576_NG_011631.1	1.0
NG_011631.1	adapter_corrected	ncbi	exact	NG_011631.1:adapter:503	NG_011631.1:ncbi:ORF1174_NG_011631.1	1.0
NG_011631.1	adapter_corrected	ncbi	exact	NG_011631.1:adapter:504	NG_011631.1:ncbi:ORF1192_NG_011631.1	1.0
NG_011631.1	adapter_corrected	ncbi	exact	NG_011631.1:adapter:505	NG_011631.1:ncbi:ORF1466_NG_011631.1	1.0
NG_011631.1	adapter_corrected	ncbi	exact	NG_011631.1:adapter:506	NG_011631.1:ncbi:ORF1216_NG_011631.1	1.0
NG_011631.1	adapter_corrected	ncbi	exact	NG_011631.1:adapter:507	NG_011631.1:ncbi:ORF392_NG_011631.1	1.0
NG_011631.1	adapter_corrected	ncbi	exact	NG_011631.1:adapter:508	NG_011631.1:ncbi:ORF1508_NG_011631.1	1.0
NG_011631.1	adapter_corrected	ncbi	exact	NG_011631.1:adapter:509	NG_011631.1:ncbi:ORF957_NG_011631.1	1.0
NG_011631.1	adapter_corrected	ncbi	exact	NG_011631.1:adapter:51	NG_011631.1:ncbi:ORF1196_NG_011631.1	1.0
NG_011631.1	adapter_corrected	ncbi	exact	NG_011631.1:adapter:510	NG_011631.1:ncbi:ORF151_NG_011631.1	1.0
NG_011631.1	adapter_corrected	ncbi	exact	NG_011631.1:adapter:511	NG_011631.1:ncbi:ORF165_NG_011631.1	1.0
NG_011631.1	adapter_corrected	ncbi	exact	NG_011631.1:adapter:512	NG_011631.1:ncbi:ORF707_NG_011631.1	1.0
NG_011631.1	adapter_corrected	ncbi	exact	NG_011631.1:adapter:513	NG_011631.1:ncbi:ORF422_NG_011631.1	1.0
NG_011631.1	adapter_corrected	ncbi	exact	NG_011631.1:adapter:514	NG_011631.1:ncbi:ORF1550_NG_011631.1	1.0
NG_011631.1	adapter_corrected	ncbi	exact	NG_011631.1:adapter:515	NG_011631.1:ncbi:ORF721_NG_011631.1	1.0
NG_011631.1	adapter_corrected	ncbi	exact	NG_011631.1:adapter:516	NG_011631.1:ncbi:ORF1552_NG_011631.1	1.0
NG_011631.1	adapter_corrected	ncbi	exact	NG_011631.1:adapter:517	NG_011631.1:ncbi:ORF1288_NG_011631.1	1.0
NG_011631.1	adapter_corrected	ncbi	exact	NG_011631.1:adapter:518	NG_011631.1:ncbi:ORF1031_NG_011631.1	1.0
NG_011631.1	adapter_corrected	ncbi	exact	NG_011631.1:adapter:519	NG_011631.1:ncbi:ORF1587_NG_011631.1	1.0
NG_011631.1	adapter_corrected	ncbi	exact	NG_011631.1:adapter:52	NG_011631.1:ncbi:ORF1056_NG_011631.1	1.0
NG_011631.1	adapter_corrected	ncbi	exact	NG_011631.1:adapter:520	NG_011631.1:ncbi:ORF488_NG_011631.1	1.0
NG_011631.1	adapter_corrected	ncbi	exact	NG_011631.1:adapter:521	NG_011631.1:ncbi:ORF1088_NG_011631.1	1.0
NG_011631.1	adapter_corrected	ncbi	exact	NG_011631.1:adapter:522	NG_011631.1:ncbi:ORF253_NG_011631.1	1.0
NG_011631.1	adapter_corrected	ncbi	exact	NG_011631.1:adapter:523	NG_011631.1:ncbi:ORF518_NG_011631.1	1.0
NG_011631.1	adapter_corrected	ncbi	exact	NG_011631.1:adapter:524	NG_011631.1:ncbi:ORF526_NG_011631.1	1.0
NG_011631.1	adapter_corrected	ncbi	exact	NG_011631.1:adapter:525	NG_011631.1:ncbi:ORF827_NG_011631.1	1.0
NG_011631.1	adapter_corrected	ncbi	exact	NG_011631.1:adapter:526	NG_011631.1:ncbi:ORF282_NG_011631.1	1.0
NG_011631.1	adapter_corrected	ncbi	exact	NG_011631.1:adapter:527	NG_011631.1:ncbi:ORF40_NG_011631.1	1.0
NG_011631.1	adapter_corrected	ncbi	exact	NG_011631.1:adapter:528	NG_011631.1:ncbi:ORF300_NG_011631.1	1.0
NG_011631.1	adapter_corrected	ncbi	exact	NG_011631.1:adapter:529	NG_011631.1:ncbi:ORF858_NG_011631.1	1.0
NG_011631.1	adapter_corrected	ncbi	exact	NG_011631.1:adapter:53	NG_011631.1:ncbi:ORF1191_NG_011631.1	1.0
NG_011631.1	adapter_corrected	ncbi	exact	NG_011631.1:adapter:530	NG_011631.1:ncbi:ORF1153_NG_011631.1	1.0
NG_011631.1	adapter_corrected	ncbi	exact	NG_011631.1:adapter:531	NG_011631.1:ncbi:ORF1155_NG_011631.1	1.0
NG_011631.1	adapter_corrected	ncbi	exact	NG_011631.1:adapter:532	NG_011631.1:ncbi:ORF1458_NG_011631.1	1.0
NG_011631.1	adapter_corrected	ncbi	exact	NG_011631.1:adapter:533	NG_011631.1:ncbi:ORF909_NG_011631.1	1.0
NG_011631.1	adapter_corrected	ncbi	exact	NG_011631.1:adapter:534	NG_011631.1:ncbi:ORF354_NG_011631.1	1.0
NG_011631.1	adapter_corrected	ncbi	exact	NG_011631.1:adapter:535	NG_011631.1:ncbi:ORF366_NG_011631.1	1.0
NG_011631.1	adapter_corrected	ncbi	exact	NG_011631.1:adapter:536	NG_011631.1:ncbi:ORF661_NG_011631.1	1.0
NG_011631.1	adapter_corrected	ncbi	exact	NG_011631.1:adapter:537	NG_011631.1:ncbi:ORF665_NG_011631.1	1.0
NG_011631.1	adapter_corrected	ncbi	exact	NG_011631.1:adapter:538	NG_011631.1:ncbi:ORF955_NG_011631.1	1.0
NG_011631.1	adapter_corrected	ncbi	exact	NG_011631.1:adapter:539	NG_011631.1:ncbi:ORF1254_NG_011631.1	1.0
NG_011631.1	adapter_corrected	ncbi	exact	NG_011631.1:adapter:54	NG_011631.1:ncbi:ORF371_NG_011631.1	1.0
NG_011631.1	adapter_corrected	ncbi	exact	NG_011631.1:adapter:540	NG_011631.1:ncbi:ORF1525_NG_011631.1	1.0
NG_011631.1	adapter_corrected	ncbi	exact	NG_011631.1:adapter:541	NG_011631.1:ncbi:ORF701_NG_011631.1	1.0
NG_011631.1	adapter_corrected	ncbi	exact	NG_011631.1:adapter:542	NG_011631.1:ncbi:ORF1273_NG_011631.1	1.0
NG_011631.1	adapter_corrected	ncbi	exact	NG_011631.1:adapter:543	NG_011631.1:ncbi:ORF184_NG_011631.1	1.0
NG_011631.1	adapter_corrected	ncbi	exact	NG_011631.1:adapter:544	NG_011631.1:ncbi:ORF1040_NG_011631.1	1.0
NG_011631.1	adapter_corrected	ncbi	exact	NG_011631.1:adapter:545	NG_011631.1:ncbi:ORF465_NG_011631.1	1.0
NG_011631.1	adapter_corrected	ncbi	exact	NG_011631.1:adapter:546	NG_011631.1:ncbi:ORF1320_NG_011631.1	1.0
NG_011631.1	adapter_corrected	ncbi	exact	NG_011631.1:adapter:547	NG_011631.1:ncbi:ORF1060_NG_011631.1	1.0
NG_011631.1	adapter_corrected	ncbi	exact	NG_011631.1:adapter:548	NG_011631.1:ncbi:ORF214_NG_011631.1	1.0
NG_011631.1	adapter_corrected	ncbi	exact	NG_011631.1:adapter:549	NG_011631.1:ncbi:ORF1598_NG_011631.1	1.0
NG_011631.1	adapter_corrected	ncbi	exact	NG_011631.1:adapter:55	NG_011631.1:ncbi:ORF373_NG_011631.1	1.0
NG_011631.1	adapter_corrected	ncbi	exact	NG_011631.1:adapter:550	NG_011631.1:ncbi:ORF775_NG_011631.1	1.0
NG_011631.1	adapter_corrected	ncbi	exact	NG_011631.1:adapter:551	NG_011631.1:ncbi:ORF230_NG_011631.1	1.0
NG_011631.1	adapter_corrected	ncbi	exact	NG_011631.1:adapter:552	NG_011631.1:ncbi:ORF256_NG_011631.1	1.0
NG_011631.1	adapter_corrected	ncbi	exact	NG_011631.1:adapter:553	NG_011631.1:ncbi:ORF1094_NG_011631.1	1.0
NG_011631.1	adapter_corrected	ncbi	exact	NG_011631.1:adapter:554	NG_011631.1:ncbi:ORF1095_NG_011631.1	1.0
NG_011631.1	adapter_corrected	ncbi	exact	NG_011631.1:adapter:555	NG_011631.1:ncbi:ORF1365_NG_011631.1	1.0
NG_011631.1	adapter_corrected	ncbi	exact	NG_011631.1:adapter:556	NG_011631.1:ncbi:ORF1115_NG_011631.1	1.0
NG_011631.1	adapter_corrected	ncbi	exact	NG_011631.1:adapter:557	NG_011631.1:ncbi:ORF1118_NG_011631.1	1.0
NG_011631.1	adapter_corrected	ncbi	exact	NG_011631.1:adapter:558	NG_011631.1:ncbi:ORF276_NG_011631.1	1.0
NG_011631.1	adapter_corrected	ncbi	exact	NG_011631.1:adapter:559	NG_011631.1:ncbi:ORF31_NG_011631.1	1.0
NG_011631.1	adapter_corrected	ncbi	exact	NG_011631.1:adapter:56	NG_011631.1:ncbi:ORF685_NG_011631.1	1.0
NG_011631.1	adapter_corrected	ncbi	exact	NG_011631.1:adapter:560	NG_011631.1:ncbi:ORF561_NG_011631.1	1.0
NG_011631.1	adapter_corrected	ncbi	exact	NG_011631.1:adapter:561	NG_011631.1:ncbi:ORF861_NG_011631.1	1.0
NG_011631.1	adapter_corrected	ncbi	exact	NG_011631.1:adapter:562	NG_011631.1:ncbi:ORF1413_NG_011631.1	1.0
NG_011631.1	adapter_corrected	ncbi	exact	NG_011631.1:adapter:563	NG_011631.1:ncbi:ORF580_NG_011631.1	1.0
NG_011631.1	adapter_corrected	ncbi	exact	NG_011631.1:adapter:564	NG_011631.1:ncbi:ORF75_NG_011631.1	1.0
NG_011631.1	adapter_corrected	ncbi	exact	NG_011631.1:adapter:565	NG_011631.1:ncbi:ORF882_NG_011631.1	1.0
NG_011631.1	adapter_corrected	ncbi	exact	NG_011631.1:adapter:566	NG_011631.1:ncbi:ORF888_NG_011631.1	1.0
NG_011631.1	adapter_corrected	ncbi	exact	NG_011631.1:adapter:567	NG_011631.1:ncbi:ORF890_NG_011631.1	1.0
NG_011631.1	adapter_corrected	ncbi	exact	NG_011631.1:adapter:568	NG_011631.1:ncbi:ORF79_NG_011631.1	1.0
NG_011631.1	adapter_corrected	ncbi	exact	NG_011631.1:adapter:569	NG_011631.1:ncbi:ORF614_NG_011631.1	1.0
NG_011631.1	adapter_corrected	ncbi	exact	NG_011631.1:adapter:57	NG_011631.1:ncbi:ORF1612_NG_011631.1	1.0
NG_011631.1	adapter_corrected	ncbi	exact	NG_011631.1:adapter:570	NG_011631.1:ncbi:ORF629_NG_011631.1	1.0
NG_011631.1	adapter_corrected	ncbi	exact	NG_011631.1:adapter:571	NG_011631.1:ncbi:ORF101_NG_011631.1	1.0
NG_011631.1	adapter_corrected	ncbi	exact	NG_011631.1:adapter:572	NG_011631.1:ncbi:ORF353_NG_011631.1	1.0
NG_011631.1	adapter_corrected	ncbi	exact	NG_011631.1:adapter:573	NG_011631.1:ncbi:ORF915_NG_011631.1	1.0
NG_011631.1	adapter_corrected	ncbi	exact	NG_011631.1:adapter:574	NG_011631.1:ncbi:ORF643_NG_011631.1	1.0
NG_011631.1	adapter_corrected	ncbi	exact	NG_011631.1:adapter:575	NG_011631.1:ncbi:ORF1209_NG_011631.1	1.0
NG_011631.1	adapter_corrected	ncbi	exact	NG_011631.1:adapter:576	NG_011631.1:ncbi:ORF1221_NG_011631.1	1.0
NG_011631.1	adapter_corrected	ncbi	exact	NG_011631.1:adapter:577	NG_011631.1:ncbi:ORF663_NG_011631.1	1.0
NG_011631.1	adapter_corrected	ncbi	exact	NG_011631.1:adapter:578	NG_011631.1:ncbi:ORF1235_NG_011631.1	1.0
NG_011631.1	adapter_corrected	ncbi	exact	NG_011631.1:adapter:579	NG_011631.1:ncbi:ORF137_NG_011631.1	1.0
NG_011631.1	adapter_corrected	ncbi	exact	NG_011631.1:adapter:58	NG_011631.1:ncbi:ORF1637_NG_011631.1	1.0
NG_011631.1	adapter_corrected	ncbi	exact	NG_011631.1:adapter:580	NG_011631.1:ncbi:ORF958_NG_011631.1	1.0
NG_011631.1	adapter_corrected	ncbi	exact	NG_011631.1:adapter:581	NG_011631.1:ncbi:ORF149_NG_011631.1	1.0
NG_011631.1	adapter_corrected	ncbi	exact	NG_011631.1:adapter:582	NG_011631.1:ncbi:ORF1519_NG_011631.1	1.0
NG_011631.1	adapter_corrected	ncbi	exact	NG_011631.1:adapter:583	NG_011631.1:ncbi:ORF980_NG_011631.1	1.0
NG_011631.1	adapter_corrected	ncbi	exact	NG_011631.1:adapter:584	NG_011631.1:ncbi:ORF988_NG_011631.1	1.0
NG_011631.1	adapter_corrected	ncbi	exact	NG_011631.1:adapter:585	NG_011631.1:ncbi:ORF1279_NG_011631.1	1.0
NG_011631.1	adapter_corrected	ncbi	exact	NG_011631.1:adapter:586	NG_011631.1:ncbi:ORF724_NG_011631.1	1.0
NG_011631.1	adapter_corrected	ncbi	exact	NG_011631.1:adapter:587	NG_011631.1:ncbi:ORF189_NG_011631.1	1.0
NG_011631.1	adapter_corrected	ncbi	exact	NG_011631.1:adapter:588	NG_011631.1:ncbi:ORF190_NG_011631.1	1.0
NG_011631.1	adapter_corrected	ncbi	exact	NG_011631.1:adapter:589	NG_011631.1:ncbi:ORF1034_NG_011631.1	1.0
NG_011631.1	adapter_corrected	ncbi	exact	NG_011631.1:adapter:59	NG_011631.1:ncbi:ORF51_NG_011631.1	1.0
NG_011631.1	adapter_corrected	ncbi	exact	NG_011631.1:adapter:590	NG_011631.1:ncbi:ORF1581_NG_011631.1	1.0
NG_011631.1	adapter_corrected	ncbi	exact	NG_011631.1:adapter:591	NG_011631.1:ncbi:ORF1316_NG_011631.1	1.0
NG_011631.1	adapter_corrected	ncbi	exact	NG_011631.1:adapter:592	NG_011631.1:ncbi:ORF208_NG_011631.1	1.0
NG_011631.1	adapter_corrected	ncbi	exact	NG_011631.1:adapter:593	NG_011631.1:ncbi:ORF1600_NG_011631.1	1.0
NG_011631.1	adapter_corrected	ncbi	exact	NG_011631.1:adapter:594	NG_011631.1:ncbi:ORF222_NG_011631.1	1.0
NG_011631.1	adapter_corrected	ncbi	exact	NG_011631.1:adapter:595	NG_011631.1:ncbi:ORF790_NG_011631.1	1.0
NG_011631.1	adapter_corrected	ncbi	exact	NG_011631.1:adapter:596	NG_011631.1:ncbi:ORF250_NG_011631.1	1.0
NG_011631.1	adapter_corrected	ncbi	exact	NG_011631.1:adapter:597	NG_011631.1:ncbi:ORF826_NG_011631.1	1.0
NG_011631.1	adapter_corrected	ncbi	exact	NG_011631.1:adapter:598	NG_011631.1:ncbi:ORF1379_NG_011631.1	1.0
NG_011631.1	adapter_corrected	ncbi	exact	NG_011631.1:adapter:599	NG_011631.1:ncbi:ORF42_NG_011631.1	1.0
NG_011631.1	adapter_corrected	ncbi	exact	NG_011631.1:adapter:6	NG_011631.1:ncbi:ORF117_NG_011631.1	1.0
NG_011631.1	adapter_corrected	ncbi	exact	NG_011631.1:adapter:60	NG_011631.1:ncbi:ORF1346_NG_011631.1	1.0
NG_011631.1	adapter_corrected	ncbi	exact	NG_011631.1:adapter:600	NG_011631.1:ncbi:ORF862_NG_011631.1	1.0
NG_011631.1	adapter_corrected	ncbi	exact	NG_011631.1:adapter:601	NG_011631.1:ncbi:ORF1166_NG_011631.1	1.0
NG_011631.1	adapter_corrected	ncbi	exact	NG_011631.1:adapter:602	NG_011631.1:ncbi:ORF61_NG_011631.1	1.0
NG_011631.1	adapter_corrected	ncbi	exact	NG_011631.1:adapter:603	NG_011631.1:ncbi:ORF873_NG_011631.1	1.0
NG_011631.1	adapter_corrected	ncbi	exact	NG_011631.1:adapter:604	NG_011631.1:ncbi:ORF597_NG_011631.1	1.0
NG_011631.1	adapter_corrected	ncbi	exact	NG_011631.1:adapter:605	NG_011631.1:ncbi:ORF892_NG_011631.1	1.0
NG_011631.1	adapter_corrected	ncbi	exact	NG_011631.1:adapter:606	NG_011631.1:ncbi:ORF894_NG_011631.1	1.0
NG_011631.1	adapter_corrected	ncbi	exact	NG_011631.1:adapter:607	NG_011631.1:ncbi:ORF607_NG_011631.1	1.0
NG_011631.1	adapter_corrected	ncbi	exact	NG_011631.1:adapter:608	NG_011631.1:ncbi:ORF95_NG_011631.1	1.0
NG_011631.1	adapter_corrected	ncbi	exact	NG_011631.1:adapter:609	NG_011631.1:ncbi:ORF1483_NG_011631.1	1.0
NG_011631.1	adapter_corrected	ncbi	exact	NG_011631.1:adapter:61	NG_011631.1:ncbi:ORF543_NG_011631.1	1.0
NG_011631.1	adapter_corrected	ncbi	exact	NG_011631.1:adapter:610	NG_011631.1:ncbi:ORF1244_NG_011631.1	1.0
NG_011631.1	adapter_corrected	ncbi	exact	NG_011631.1:adapter:611	NG_011631.1:ncbi:ORF679_NG_011631.1	1.0
NG_011631.1	adapter_corrected	ncbi	exact	NG_011631.1:adapter:612	NG_011631.1:ncbi:ORF976_NG_011631.1	1.0
NG_011631.1	adapter_corrected	ncbi	exact	NG_011631.1:adapter:613	NG_011631.1:ncbi:ORF410_NG_011631.1	1.0
NG_011631.1	adapter_corrected	ncbi	exact	NG_011631.1:adapter:614	NG_011631.1:ncbi:ORF993_NG_011631.1	1.0
NG_011631.1	adapter_corrected	ncbi	exact	NG_011631.1:adapter:615	NG_011631.1:ncbi:ORF1006_NG_011631.1	1.0
NG_011631.1	adapter_corrected	ncbi	exact	NG_011631.1:adapter:616	NG_011631.1:ncbi:ORF437_NG_011631.1	1.0
NG_011631.1	adapter_corrected	ncbi	exact	NG_011631.1:adapter:617	NG_011631.1:ncbi:ORF1018_NG_011631.1	1.0
NG_011631.1	adapter_corrected	ncbi	exact	NG_011631.1:adapter:618	NG_011631.1:ncbi:ORF1027_NG_011631.1	1.0
NG_011631.1	adapter_corrected	ncbi	exact	NG_011631.1:adapter:619	NG_011631.1:ncbi:ORF1574_NG_011631.1	1.0
NG_011631.1	adapter_corrected	ncbi	exact	NG_011631.1:adapter:62	NG_011631.1:ncbi:ORF662_NG_011631.1	1.0
NG_011631.1	adapter_corrected	ncbi	exact	NG_011631.1:adapter:620	NG_011631.1:ncbi:ORF1577_NG_011631.1	1.0
NG_011631.1	adapter_corrected	ncbi	exact	NG_011631.1:adapter:621	NG_011631.1:ncbi:ORF463_NG_011631.1	1.0
NG_011631.1	adapter_corrected	ncbi	exact	NG_011631.1:adapter:622	NG_011631.1:ncbi:ORF1045_NG_011631.1	1.0
NG_011631.1	adapter_corrected	ncbi	exact	NG_011631.1:adapter:623	NG_011631.1:ncbi:ORF1315_NG_011631.1	1.0
NG_011631.1	adapter_corrected	ncbi	exact	NG_011631.1:adapter:624	NG_011631.1:ncbi:ORF467_NG_011631.1	1.0
NG_011631.1	adapter_corrected	ncbi	exact	NG_011631.1:adapter:625	NG_011631.1:ncbi:ORF1325_NG_011631.1	1.0
NG_011631.1	adapter_corrected	ncbi	exact	NG_011631.1:adapter:626	NG_011631.1:ncbi:ORF774_NG_011631.1	1.0
NG_011631.1	adapter_corrected	ncbi	exact	NG_011631.1:adapter:627	NG_011631.1:ncbi:ORF1334_NG_011631.1	1.0
NG_011631.1	adapter_corrected	ncbi	exact	NG_011631.1:adapter:628	NG_011631.1:ncbi:ORF1341_NG_011631.1	1.0
NG_011631.1	adapter_corrected	ncbi	exact	NG_011631.1:adapter:629	NG_011631.1:ncbi:ORF1071_NG_011631.1	1.0
NG_011631.1	adapter_corrected	ncbi	exact	NG_011631.1:adapter:63	NG_011631.1:ncbi:ORF1100_NG_011631.1	1.0
NG_011631.1	adapter_corrected	ncbi	exact	NG_011631.1:adapter:630	NG_011631.1:ncbi:ORF1349_NG_011631.1	1.0
NG_011631.1	adapter_corrected	ncbi	exact	NG_011631.1:adapter:631	NG_011631.1:ncbi:ORF260_NG_011631.1	1.0
NG_011631.1	adapter_corrected	ncbi	exact	NG_011631.1:adapter:632	NG_011631.1:ncbi:ORF822_NG_011631.1	1.0
NG_011631.1	adapter_corrected	ncbi	exact	NG_011631.1:adapter:633	NG_011631.1:ncbi:ORF524_NG_011631.1	1.0
NG_011631.1	adapter_corrected	ncbi	exact	NG_011631.1:adapter:634	NG_011631.1:ncbi:ORF833_NG_011631.1	1.0
NG_011631.1	adapter_corrected	ncbi	exact	NG_011631.1:adapter:635	NG_011631.1:ncbi:ORF1146_NG_011631.1	1.0
NG_011631.1	adapter_corrected	ncbi	exact	NG_011631.1:adapter:636	NG_011631.1:ncbi:ORF52_NG_011631.1	1.0
NG_011631.1	adapter_corrected	ncbi	exact	NG_011631.1:adapter:637	NG_011631.1:ncbi:ORF575_NG_011631.1	1.0
NG_011631.1	adapter_corrected	ncbi	exact	NG_011631.1:adapter:638	NG_011631.1:ncbi:ORF1160_NG_011631.1	1.0
NG_011631.1	adapter_corrected	ncbi	exact	NG_011631.1:adapter:639	NG_011631.1:ncbi:ORF1415_NG_011631.1	1.0
NG_011631.1	adapter_corrected	ncbi	exact	NG_011631.1:adapter:64	NG_011631.1:ncbi:ORF835_NG_011631.1	1.0
NG_011631.1	adapter_corrected	ncbi	exact	NG_011631.1:adapter:640	NG_011631.1:ncbi:ORF879_NG_011631.1	1.0
NG_011631.1	adapter_corrected	ncbi	exact	NG_011631.1:adapter:641	NG_011631.1:ncbi:ORF893_NG_011631.1	1.0
NG_011631.1	adapter_corrected	ncbi	exact	NG_011631.1:adapter:642	NG_011631.1:ncbi:ORF903_NG_011631.1	1.0
NG_011631.1	adapter_corrected	ncbi	exact	NG_011631.1:adapter:643	NG_011631.1:ncbi:ORF1455_NG_011631.1	1.0
NG_011631.1	adapter_corrected	ncbi	exact	NG_011631.1:adapter:644	NG_011631.1:ncbi:ORF374_NG_011631.1	1.0
NG_011631.1	adapter_corrected	ncbi	exact	NG_011631.1:adapter:645	NG_011631.1:ncbi:ORF1219_NG_011631.1	1.0
NG_011631.1	adapter_corrected	ncbi	exact	NG_011631.1:adapter:646	NG_011631.1:ncbi:ORF1490_NG_011631.1	1.0
NG_011631.1	adapter_corrected	ncbi	exact	NG_011631.1:adapter:647	NG_011631.1:ncbi:ORF1232_NG_011631.1	1.0
NG_011631.1	adapter_corrected	ncbi	exact	NG_011631.1:adapter:648	NG_011631.1:ncbi:ORF1498_NG_011631.1	1.0
NG_011631.1	adapter_corrected	ncbi	exact	NG_011631.1:adapter:649	NG_011631.1:ncbi:ORF394_NG_011631.1	1.0
NG_011631.1	adapter_corrected	ncbi	exact	NG_011631.1:adapter:65	NG_011631.1:ncbi:ORF1177_NG_011631.1	1.0
NG_011631.1	adapter_corrected	ncbi	exact	NG_011631.1:adapter:650	NG_011631.1:ncbi:ORF954_NG_011631.1	1.0
NG_011631.1	adapter_corrected	ncbi	exact	NG_011631.1:adapter:651	NG_011631.1:ncbi:ORF696_NG_011631.1	1.0
NG_011631.1	adapter_corrected	ncbi	exact	NG_011631.1:adapter:652	NG_011631.1:ncbi:ORF1521_NG_011631.1	1.0
NG_011631.1	adapter_corrected	ncbi	exact	NG_011631.1:adapter:653	NG_011631.1:ncbi:ORF1533_NG_011631.1	1.0
NG_011631.1	adapter_corrected	ncbi	exact	NG_011631.1:adapter:654	NG_011631.1:ncbi:ORF423_NG_011631.1	1.0
NG_011631.1	adapter_corrected	ncbi	exact	NG_011631.1:adapter:655	NG_011631.1:ncbi:ORF1286_NG_011631.1	1.0
NG_011631.1	adapter_corrected	ncbi	exact	NG_011631.1:adapter:656	NG_011631.1:ncbi:ORF1297_NG_011631.1	1.0
NG_011631.1	adapter_corrected	ncbi	exact	NG_011631.1:adapter:657	NG_011631.1:ncbi:ORF197_NG_011631.1	1.0
NG_011631.1	adapter_corrected	ncbi	exact	NG_011631.1:adapter:658	NG_011631.1:ncbi:ORF481_NG_011631.1	1.0
NG_011631.1	adapter_corrected	ncbi	exact	NG_011631.1:adapter:659	NG_011631.1:ncbi:ORF1068_NG_011631.1	1.0
NG_011631.1	adapter_corrected	ncbi	exact	NG_011631.1:adapter:66	NG_011631.1:ncbi:ORF792_NG_011631.1	1.0
NG_011631.1	adapter_corrected	ncbi	exact	NG_011631.1:adapter:660	NG_011631.1:ncbi:ORF238_NG_011631.1	1.0
NG_011631.1	adapter_corrected	ncbi	exact	NG_011631.1:adapter:661	NG_011631.1:ncbi:ORF1621_NG_011631.1	1.0
NG_011631.1	adapter_corrected	ncbi	exact	NG_011631.1:adapter:662	NG_011631.1:ncbi:ORF506_NG_011631.1	1.0
NG_011631.1	adapter_corrected	ncbi	exact	NG_011631.1:adapter:663	NG_011631.1:ncbi:ORF851_NG_011631.1	1.0
NG_011631.1	adapter_corrected	ncbi	exact	NG_011631.1:adapter:664	NG_011631.1:ncbi:ORF857_NG_011631.1	1.0
NG_011631.1	adapter_corrected	ncbi	exact	NG_011631.1:adapter:665	NG_011631.1:ncbi:ORF1152_NG_011631.1	1.0
NG_011631.1	adapter_corrected	ncbi	exact	NG_011631.1:adapter:666	NG_011631.1:ncbi:ORF1159_NG_011631.1	1.0
NG_011631.1	adapter_corrected	ncbi	exact	NG_011631.1:adapter:667	NG_011631.1:ncbi:ORF867_NG_011631.1	1.0
NG_011631.1	adapter_corrected	ncbi	exact	NG_011631.1:adapter:668	NG_011631.1:ncbi:ORF1162_NG_011631.1	1.0
NG_011631.1	adapter_corrected	ncbi	exact	NG_011631.1:adapter:669	NG_011631.1:ncbi:ORF581_NG_011631.1	1.0
NG_011631.1	adapter_corrected	ncbi	exact	NG_011631.1:adapter:67	NG_011631.1:ncbi:ORF140_NG_011631.1	1.0
NG_011631.1	adapter_corrected	ncbi	exact	NG_011631.1:adapter:670	NG_011631.1:ncbi:ORF582_NG_011631.1	1.0
NG_011631.1	adapter_corrected	ncbi	exact	NG_011631.1:adapter:671	NG_011631.1:ncbi:ORF1193_NG_011631.1	1.0
NG_011631.1	adapter_corrected	ncbi	exact	NG_011631.1:adapter:672	NG_011631.1:ncbi:ORF1200_NG_011631.1	1.0
NG_011631.1	adapter_corrected	ncbi	exact	NG_011631.1:adapter:673	NG_011631.1:ncbi:ORF369_NG_011631.1	1.0
NG_011631.1	adapter_corrected	ncbi	exact	NG_011631.1:adapter:674	NG_011631.1:ncbi:ORF657_NG_011631.1	1.0
NG_011631.1	adapter_corrected	ncbi	exact	NG_011631.1:adapter:675	NG_011631.1:ncbi:ORF1226_NG_011631.1	1.0
NG_011631.1	adapter_corrected	ncbi	exact	NG_011631.1:adapter:676	NG_011631.1:ncbi:ORF128_NG_011631.1	1.0
NG_011631.1	adapter_corrected	ncbi	exact	NG_011631.1:adapter:677	NG_011631.1:ncbi:ORF670_NG_011631.1	1.0
NG_011631.1	adapter_corrected	ncbi	exact	NG_011631.1:adapter:678	NG_011631.1:ncbi:ORF948_NG_011631.1	1.0
NG_011631.1	adapter_corrected	ncbi	exact	NG_011631.1:adapter:679	NG_011631.1:ncbi:ORF142_NG_011631.1	1.0
NG_011631.1	adapter_corrected	ncbi	exact	NG_011631.1:adapter:68	NG_011631.1:ncbi:ORF1516_NG_011631.1	1.0
NG_011631.1	adapter_corrected	ncbi	exact	NG_011631.1:adapter:680	NG_011631.1:ncbi:ORF1250_NG_011631.1	1.0
NG_011631.1	adapter_corrected	ncbi	exact	NG_011631.1:adapter:681	NG_011631.1:ncbi:ORF690_NG_011631.1	1.0
NG_011631.1	adapter_corrected	ncbi	exact	NG_011631.1:adapter:682	NG_011631.1:ncbi:ORF694_NG_011631.1	1.0
NG_011631.1	adapter_corrected	ncbi	exact	NG_011631.1:adapter:683	NG_011631.1:ncbi:ORF408_NG_011631.1	1.0
NG_011631.1	adapter_corrected	ncbi	exact	NG_011631.1:adapter:684	NG_011631.1:ncbi:ORF985_NG_011631.1	1.0
NG_011631.1	adapter_corrected	ncbi	exact	NG_011631.1:adapter:685	NG_011631.1:ncbi:ORF704_NG_011631.1	1.0
NG_011631.1	adapter_corrected	ncbi	exact	NG_011631.1:adapter:686	NG_011631.1:ncbi:ORF992_NG_011631.1	1.0
NG_011631.1	adapter_corrected	ncbi	exact	NG_011631.1:adapter:687	NG_011631.1:ncbi:ORF167_NG_011631.1	1.0
NG_011631.1	adapter_corrected	ncbi	exact	NG_011631.1:adapter:688	NG_011631.1:ncbi:ORF713_NG_011631.1	1.0
NG_011631.1	adapter_corrected	ncbi	exact	NG_011631.1:adapter:689	NG_011631.1:ncbi:ORF1558_NG_011631.1	1.0
NG_011631.1	adapter_corrected	ncbi	exact	NG_011631.1:adapter:69	NG_011631.1:ncbi:ORF1211_NG_011631.1	1.0
NG_011631.1	adapter_corrected	ncbi	exact	NG_011631.1:adapter:690	NG_011631.1:ncbi:ORF1560_NG_011631.1	1.0
NG_011631.1	adapter_corrected	ncbi	exact	NG_011631.1:adapter:691	NG_011631.1:ncbi:ORF1298_NG_011631.1	1.0
NG_011631.1	adapter_corrected	ncbi	exact	NG_011631.1:adapter:692	NG_011631.1:ncbi:ORF1563_NG_011631.1	1.0
NG_011631.1	adapter_corrected	ncbi	exact	NG_011631.1:adapter:693	NG_011631.1:ncbi:ORF1038_NG_011631.1	1.0
NG_011631.1	adapter_corrected	ncbi	exact	NG_011631.1:adapter:694	NG_011631.1:ncbi:ORF205_NG_011631.1	1.0
NG_011631.1	adapter_corrected	ncbi	exact	NG_011631.1:adapter:695	NG_011631.1:ncbi:ORF1319_NG_011631.1	1.0
NG_011631.1	adapter_corrected	ncbi	exact	NG_011631.1:adapter:696	NG_011631.1:ncbi:ORF473_NG_011631.1	1.0
NG_011631.1	adapter_corrected	ncbi	exact	NG_011631.1:adapter:697	NG_011631.1:ncbi:ORF483_NG_011631.1	1.0
NG_011631.1	adapter_corrected	ncbi	exact	NG_011631.1:adapter:698	NG_011631.1:ncbi:ORF1064_NG_011631.1	1.0
NG_011631.1	adapter_corrected	ncbi	exact	NG_011631.1:adapter:699	NG_011631.1:ncbi:ORF781_NG_011631.1	1.0
NG_011631.1	adapter_corrected	ncbi	exact	NG_011631.1:adapter:7	NG_011631.1:ncbi:ORF651_NG_011631.1	1.0
NG_011631.1	adapter_corrected	ncbi	exact	NG_011631.1:adapter:70	NG_011631.1:ncbi:ORF953_NG_011631.1	1.0
NG_011631.1	adapter_corrected	ncbi	exact	NG_011631.1:adapter:700	NG_011631.1:ncbi:ORF782_NG_011631.1	1.0
NG_011631.1	adapter_corrected	ncbi	exact	NG_011631.1:adapter:701	NG_011631.1:ncbi:ORF1614_NG_011631.1	1.0
NG_011631.1	adapter_corrected	ncbi	exact	NG_011631.1:adapter:702	NG_011631.1:ncbi:ORF496_NG_011631.1	1.0
NG_011631.1	adapter_corrected	ncbi	exact	NG_011631.1:adapter:703	NG_011631.1:ncbi:ORF1622_NG_011631.1	1.0
NG_011631.1	adapter_corrected	ncbi	exact	NG_011631.1:adapter:704	NG_011631.1:ncbi:ORF502_NG_011631.1	1.0
NG_011631.1	adapter_corrected	ncbi	exact	NG_011631.1:adapter:705	NG_011631.1:ncbi:ORF806_NG_011631.1	1.0
NG_011631.1	adapter_corrected	ncbi	exact	NG_011631.1:adapter:706	NG_011631.1:ncbi:ORF838_NG_011631.1	1.0
NG_011631.1	adapter_corrected	ncbi	exact	NG_011631.1:adapter:707	NG_011631.1:ncbi:ORF24_NG_011631.1	1.0
NG_011631.1	adapter_corrected	ncbi	exact	NG_011631.1:adapter:708	NG_011631.1:ncbi:ORF1135_NG_011631.1	1.0
NG_011631.1	adapter_corrected	ncbi	exact	NG_011631.1:adapter:709	NG_011631.1:ncbi:ORF550_NG_011631.1	1.0
NG_011631.1	adapter_corrected	ncbi	exact	NG_011631.1:adapter:71	NG_011631.1:ncbi:ORF176_NG_011631.1	1.0
NG_011631.1	adapter_corrected	ncbi	exact	NG_011631.1:adapter:710	NG_011631.1:ncbi:ORF1395_NG_011631.1	1.0
NG_011631.1	adapter_corrected	ncbi	exact	NG_011631.1:adapter:711	NG_011631.1:ncbi:ORF297_NG_011631.1	1.0
NG_011631.1	adapter_corrected	ncbi	exact	NG_011631.1:adapter:712	NG_011631.1:ncbi:ORF1161_NG_011631.1	1.0
NG_011631.1	adapter_corrected	ncbi	exact	NG_011631.1:adapter:713	NG_011631.1:ncbi:ORF869_NG_011631.1	1.0
NG_011631.1	adapter_corrected	ncbi	exact	NG_011631.1:adapter:714	NG_011631.1:ncbi:ORF312_NG_011631.1	1.0
NG_011631.1	adapter_corrected	ncbi	exact	NG_011631.1:adapter:715	NG_011631.1:ncbi:ORF315_NG_011631.1	1.0
NG_011631.1	adapter_corrected	ncbi	exact	NG_011631.1:adapter:716	NG_011631.1:ncbi:ORF881_NG_011631.1	1.0
NG_011631.1	adapter_corrected	ncbi	exact	NG_011631.1:adapter:717	NG_011631.1:ncbi:ORF321_NG_011631.1	1.0
NG_011631.1	adapter_corrected	ncbi	exact	NG_011631.1:adapter:718	NG_011631.1:ncbi:ORF906_NG_011631.1	1.0
NG_011631.1	adapter_corrected	ncbi	exact	NG_011631.1:adapter:719	NG_011631.1:ncbi:ORF1461_NG_011631.1	1.0
NG_011631.1	adapter_corrected	ncbi	exact	NG_011631.1:adapter:72	NG_011631.1:ncbi:ORF1339_NG_011631.1	1.0
NG_011631.1	adapter_corrected	ncbi	exact	NG_011631.1:adapter:720	NG_011631.1:ncbi:ORF102_NG_011631.1	1.0
NG_011631.1	adapter_corrected	ncbi	exact	NG_011631.1:adapter:721	NG_011631.1:ncbi:ORF1478_NG_011631.1	1.0
NG_011631.1	adapter_corrected	ncbi	exact	NG_011631.1:adapter:722	NG_011631.1:ncbi:ORF387_NG_011631.1	1.0
NG_011631.1	adapter_corrected	ncbi	exact	NG_011631.1:adapter:723	NG_011631.1:ncbi:ORF982_NG_011631.1	1.0
NG_011631.1	adapter_corrected	ncbi	exact	NG_011631.1:adapter:724	NG_011631.1:ncbi:ORF989_NG_011631.1	1.0
NG_011631.1	adapter_corrected	ncbi	exact	NG_011631.1:adapter:725	NG_011631.1:ncbi:ORF1272_NG_011631.1	1.0
NG_011631.1	adapter_corrected	ncbi	exact	NG_011631.1:adapter:726	NG_011631.1:ncbi:ORF424_NG_011631.1	1.0
NG_011631.1	adapter_corrected	ncbi	exact	NG_011631.1:adapter:727	NG_011631.1:ncbi:ORF718_NG_011631.1	1.0
NG_011631.1	adapter_corrected	ncbi	exact	NG_011631.1:adapter:728	NG_011631.1:ncbi:ORF1284_NG_011631.1	1.0
NG_011631.1	adapter_corrected	ncbi	exact	NG_011631.1:adapter:729	NG_011631.1:ncbi:ORF474_NG_011631.1	1.0
NG_011631.1	adapter_corrected	ncbi	exact	NG_011631.1:adapter:73	NG_011631.1:ncbi:ORF126_NG_011631.1	1.0
NG_011631.1	adapter_corrected	ncbi	exact	NG_011631.1:adapter:730	NG_011631.1:ncbi:ORF226_NG_011631.1	1.0
NG_011631.1	adapter_corrected	ncbi	exact	NG_011631.1:adapter:731	NG_011631.1:ncbi:ORF1348_NG_011631.1	1.0
NG_011631.1	adapter_corrected	ncbi	exact	NG_011631.1:adapter:732	NG_011631.1:ncbi:ORF1098_NG_011631.1	1.0
NG_011631.1	adapter_corrected	ncbi	exact	NG_011631.1:adapter:733	NG_011631.1:ncbi:ORF810_NG_011631.1	1.0
NG_011631.1	adapter_corrected	ncbi	exact	NG_011631.1:adapter:734	NG_011631.1:ncbi:ORF274_NG_011631.1	1.0
NG_011631.1	adapter_corrected	ncbi	exact	NG_011631.1:adapter:735	NG_011631.1:ncbi:ORF1122_NG_011631.1	1.0
NG_011631.1	adapter_corrected	ncbi	exact	NG_011631.1:adapter:736	NG_011631.1:ncbi:ORF22_NG_011631.1	1.0
NG_011631.1	adapter_corrected	ncbi	exact	NG_011631.1:adapter:737	NG_011631.1:ncbi:ORF849_NG_011631.1	1.0
NG_011631.1	adapter_corrected	ncbi	exact	NG_011631.1:adapter:738	NG_011631.1:ncbi:ORF1401_NG_011631.1	1.0
NG_011631.1	adapter_corrected	ncbi	exact	NG_011631.1:adapter:739	NG_011631.1:ncbi:ORF1150_NG_011631.1	1.0
NG_011631.1	adapter_corrected	ncbi	exact	NG_011631.1:adapter:74	NG_011631.1:ncbi:ORF147_NG_011631.1	1.0
NG_011631.1	adapter_corrected	ncbi	exact	NG_011631.1:adapter:740	NG_011631.1:ncbi:ORF876_NG_011631.1	1.0
NG_011631.1	adapter_corrected	ncbi	exact	NG_011631.1:adapter:741	NG_011631.1:ncbi:ORF1431_NG_011631.1	1.0
NG_011631.1	adapter_corrected	ncbi	exact	NG_011631.1:adapter:742	NG_011631.1:ncbi:ORF1435_NG_011631.1	1.0
NG_011631.1	adapter_corrected	ncbi	exact	NG_011631.1:adapter:743	NG_011631.1:ncbi:ORF328_NG_011631.1	1.0
NG_011631.1	adapter_corrected	ncbi	exact	NG_011631.1:adapter:744	NG_011631.1:ncbi:ORF898_NG_011631.1	1.0
NG_011631.1	adapter_corrected	ncbi	exact	NG_011631.1:adapter:745	NG_011631.1:ncbi:ORF94_NG_011631.1	1.0
NG_011631.1	adapter_corrected	ncbi	exact	NG_011631.1:adapter:746	NG_011631.1:ncbi:ORF1465_NG_011631.1	1.0
NG_011631.1	adapter_corrected	ncbi	exact	NG_011631.1:adapter:747	NG_011631.1:ncbi:ORF631_NG_011631.1	1.0
NG_011631.1	adapter_corrected	ncbi	exact	NG_011631.1:adapter:748	NG_011631.1:ncbi:ORF1468_NG_011631.1	1.0
NG_011631.1	adapter_corrected	ncbi	exact	NG_011631.1:adapter:749	NG_011631.1:ncbi:ORF1208_NG_011631.1	1.0
NG_011631.1	adapter_corrected	ncbi	exact	NG_011631.1:adapter:75	NG_011631.1:ncbi:ORF1245_NG_011631.1	1.0
NG_011631.1	adapter_corrected	ncbi	exact	NG_011631.1:adapter:750	NG_011631.1:ncbi:ORF1229_NG_011631.1	1.0
NG_011631.1	adapter_corrected	ncbi	exact	NG_011631.1:adapter:751	NG_011631.1:ncbi:ORF961_NG_011631.1	1.0
NG_011631.1	adapter_corrected	ncbi	exact	NG_011631.1:adapter:752	NG_011631.1:ncbi:ORF967_NG_011631.1	1.0
NG_011631.1	adapter_corrected	ncbi	exact	NG_011631.1:adapter:753	NG_011631.1:ncbi:ORF1263_NG_011631.1	1.0
NG_011631.1	adapter_corrected	ncbi	exact	NG_011631.1:adapter:754	NG_011631.1:ncbi:ORF1541_NG_011631.1	1.0
NG_011631.1	adapter_corrected	ncbi	exact	NG_011631.1:adapter:755	NG_011631.1:ncbi:ORF445_NG_011631.1	1.0
NG_011631.1	adapter_corrected	ncbi	exact	NG_011631.1:adapter:756	NG_011631.1:ncbi:ORF1291_NG_011631.1	1.0
NG_011631.1	adapter_corrected	ncbi	exact	NG_011631.1:adapter:757	NG_011631.1:ncbi:ORF185_NG_011631.1	1.0
NG_011631.1	adapter_corrected	ncbi	exact	NG_011631.1:adapter:758	NG_011631.1:ncbi:ORF1575_NG_011631.1	1.0
NG_011631.1	adapter_corrected	ncbi	exact	NG_011631.1:adapter:759	NG_011631.1:ncbi:ORF1321_NG_011631.1	1.0
NG_011631.1	adapter_corrected	ncbi	exact	NG_011631.1:adapter:76	NG_011631.1:ncbi:ORF1269_NG_011631.1	1.0
NG_011631.1	adapter_corrected	ncbi	exact	NG_011631.1:adapter:760	NG_011631.1:ncbi:ORF219_NG_011631.1	1.0
NG_011631.1	adapter_corrected	ncbi	exact	NG_011631.1:adapter:761	NG_011631.1:ncbi:ORF1602_NG_011631.1	1.0
NG_011631.1	adapter_corrected	ncbi	exact	NG_011631.1:adapter:762	NG_011631.1:ncbi:ORF258_NG_011631.1	1.0
NG_011631.1	adapter_corrected	ncbi	exact	NG_011631.1:adapter:763	NG_011631.1:ncbi:ORF5_NG_011631.1	1.0
NG_011631.1	adapter_corrected	ncbi	exact	NG_011631.1:adapter:764	NG_011631.1:ncbi:ORF10_NG_011631.1	1.0
NG_011631.1	adapter_corrected	ncbi	exact	NG_011631.1:adapter:765	NG_011631.1:ncbi:ORF1136_NG_011631.1	1.0
NG_011631.1	adapter_corrected	ncbi	exact	NG_011631.1:adapter:766	NG_011631.1:ncbi:ORF41_NG_011631.1	1.0
NG_011631.1	adapter_corrected	ncbi	exact	NG_011631.1:adapter:767	NG_011631.1:ncbi:ORF564_NG_011631.1	1.0
NG_011631.1	adapter_corrected	ncbi	exact	NG_011631.1:adapter:768	NG_011631.1:ncbi:ORF46_NG_011631.1	1.0
NG_011631.1	adapter_corrected	ncbi	exact	NG_011631.1:adapter:769	NG_011631.1:ncbi:ORF50_NG_011631.1	1.0
NG_011631.1	adapter_corrected	ncbi	exact	NG_011631.1:adapter:77	NG_011631.1:ncbi:ORF1102_NG_011631.1	1.0
NG_011631.1	adapter_corrected	ncbi	exact	NG_011631.1:adapter:770	NG_011631.1:ncbi:ORF307_NG_011631.1	1.0
NG_011631.1	adapter_corrected	ncbi	exact	NG_011631.1:adapter:771	NG_011631.1:ncbi:ORF865_NG_011631.1	1.0
NG_011631.1	adapter_corrected	ncbi	exact	NG_011631.1:adapter:772	NG_011631.1:ncbi:ORF57_NG_011631.1	1.0
NG_011631.1	adapter_corrected	ncbi	exact	NG_011631.1:adapter:773	NG_011631.1:ncbi:ORF310_NG_011631.1	1.0
NG_011631.1	adapter_corrected	ncbi	exact	NG_011631.1:adapter:774	NG_011631.1:ncbi:ORF1436_NG_011631.1	1.0
NG_011631.1	adapter_corrected	ncbi	exact	NG_011631.1:adapter:775	NG_011631.1:ncbi:ORF600_NG_011631.1	1.0
NG_011631.1	adapter_corrected	ncbi	exact	NG_011631.1:adapter:776	NG_011631.1:ncbi:ORF603_NG_011631.1	1.0
NG_011631.1	adapter_corrected	ncbi	exact	NG_011631.1:adapter:777	NG_011631.1:ncbi:ORF611_NG_011631.1	1.0
NG_011631.1	adapter_corrected	ncbi	exact	NG_011631.1:adapter:778	NG_011631.1:ncbi:ORF1457_NG_011631.1	1.0
NG_011631.1	adapter_corrected	ncbi	exact	NG_011631.1:adapter:779	NG_011631.1:ncbi:ORF356_NG_011631.1	1.0
NG_011631.1	adapter_corrected	ncbi	exact	NG_011631.1:adapter:78	NG_011631.1:ncbi:ORF1005_NG_011631.1	1.0
NG_011631.1	adapter_corrected	ncbi	exact	NG_011631.1:adapter:780	NG_011631.1:ncbi:ORF1486_NG_011631.1	1.0
NG_011631.1	adapter_corrected	ncbi	exact	NG_011631.1:adapter:781	NG_011631.1:ncbi:ORF936_NG_011631.1	1.0
NG_011631.1	adapter_corrected	ncbi	exact	NG_011631.1:adapter:782	NG_011631.1:ncbi:ORF120_NG_011631.1	1.0
NG_011631.1	adapter_corrected	ncbi	exact	NG_011631.1:adapter:783	NG_011631.1:ncbi:ORF1495_NG_011631.1	1.0
NG_011631.1	adapter_corrected	ncbi	exact	NG_011631.1:adapter:784	NG_011631.1:ncbi:ORF1504_NG_011631.1	1.0
NG_011631.1	adapter_corrected	ncbi	exact	NG_011631.1:adapter:785	NG_011631.1:ncbi:ORF1243_NG_011631.1	1.0
NG_011631.1	adapter_corrected	ncbi	exact	NG_011631.1:adapter:786	NG_011631.1:ncbi:ORF401_NG_011631.1	1.0
NG_011631.1	adapter_corrected	ncbi	exact	NG_011631.1:adapter:787	NG_011631.1:ncbi:ORF703_NG_011631.1	1.0
NG_011631.1	adapter_corrected	ncbi	exact	NG_011631.1:adapter:788	NG_011631.1:ncbi:ORF999_NG_011631.1	1.0
NG_011631.1	adapter_corrected	ncbi	exact	NG_011631.1:adapter:789	NG_011631.1:ncbi:ORF430_NG_011631.1	1.0
NG_011631.1	adapter_corrected	ncbi	exact	NG_011631.1:adapter:79	NG_011631.1:ncbi:ORF1049_NG_011631.1	1.0
NG_011631.1	adapter_corrected	ncbi	exact	NG_011631.1:adapter:790	NG_011631.1:ncbi:ORF1556_NG_011631.1	1.0
NG_011631.1	adapter_corrected	ncbi	exact	NG_011631.1:adapter:791	NG_011631.1:ncbi:ORF183_NG_011631.1	1.0
NG_011631.1	adapter_corrected	ncbi	exact	NG_011631.1:adapter:792	NG_011631.1:ncbi:ORF1294_NG_011631.1	1.0
NG_011631.1	adapter_corrected	ncbi	exact	NG_011631.1:adapter:793	NG_011631.1:ncbi:ORF451_NG_011631.1	1.0
NG_011631.1	adapter_corrected	ncbi	exact	NG_011631.1:adapter:794	NG_011631.1:ncbi:ORF739_NG_011631.1	1.0
NG_011631.1	adapter_corrected	ncbi	exact	NG_011631.1:adapter:795	NG_011631.1:ncbi:ORF198_NG_011631.1	1.0
NG_011631.1	adapter_corrected	ncbi	exact	NG_011631.1:adapter:796	NG_011631.1:ncbi:ORF1039_NG_011631.1	1.0
NG_011631.1	adapter_corrected	ncbi	exact	NG_011631.1:adapter:797	NG_011631.1:ncbi:ORF1586_NG_011631.1	1.0
NG_011631.1	adapter_corrected	ncbi	exact	NG_011631.1:adapter:798	NG_011631.1:ncbi:ORF1054_NG_011631.1	1.0
NG_011631.1	adapter_corrected	ncbi	exact	NG_011631.1:adapter:799	NG_011631.1:ncbi:ORF1605_NG_011631.1	1.0
NG_011631.1	adapter_corrected	ncbi	exact	NG_011631.1:adapter:8	NG_011631.1:ncbi:ORF664_NG_011631.1	1.0
NG_011631.1	adapter_corrected	ncbi	exact	NG_011631.1:adapter:80	NG_011631.1:ncbi:ORF595_NG_011631.1	1.0
NG_011631.1	adapter_corrected	ncbi	exact	NG_011631.1:adapter:800	NG_011631.1:ncbi:ORF224_NG_011631.1	1.0
NG_011631.1	adapter_corrected	ncbi	exact	NG_011631.1:adapter:801	NG_011631.1:ncbi:ORF489_NG_011631.1	1.0
NG_011631.1	adapter_corrected	ncbi	exact	NG_011631.1:adapter:802	NG_011631.1:ncbi:ORF227_NG_011631.1	1.0
NG_011631.1	adapter_corrected	ncbi	exact	NG_011631.1:adapter:803	NG_011631.1:ncbi:ORF251_NG_011631.1	1.0
NG_011631.1	adapter_corrected	ncbi	exact	NG_011631.1:adapter:804	NG_011631.1:ncbi:ORF501_NG_011631.1	1.0
NG_011631.1	adapter_corrected	ncbi	exact	NG_011631.1:adapter:805	NG_011631.1:ncbi:ORF801_NG_011631.1	1.0
NG_011631.1	adapter_corrected	ncbi	exact	NG_011631.1:adapter:806	NG_011631.1:ncbi:ORF1636_NG_011631.1	1.0
NG_011631.1	adapter_corrected	ncbi	exact	NG_011631.1:adapter:807	NG_011631.1:ncbi:ORF1642_NG_011631.1	1.0
NG_011631.1	adapter_corrected	ncbi	exact	NG_011631.1:adapter:808	NG_011631.1:ncbi:ORF14_NG_011631.1	1.0
NG_011631.1	adapter_corrected	ncbi	exact	NG_011631.1:adapter:809	NG_011631.1:ncbi:ORF538_NG_011631.1	1.0
NG_011631.1	adapter_corrected	ncbi	exact	NG_011631.1:adapter:81	NG_011631.1:ncbi:ORF341_NG_011631.1	1.0
NG_011631.1	adapter_corrected	ncbi	exact	NG_011631.1:adapter:810	NG_011631.1:ncbi:ORF23_NG_011631.1	1.0
NG_011631.1	adapter_corrected	ncbi	exact	NG_011631.1:adapter:811	NG_011631.1:ncbi:ORF850_NG_011631.1	1.0
NG_011631.1	adapter_corrected	ncbi	exact	NG_011631.1:adapter:812	NG_011631.1:ncbi:ORF37_NG_011631.1	1.0
NG_011631.1	adapter_corrected	ncbi	exact	NG_011631.1:adapter:813	NG_011631.1:ncbi:ORF594_NG_011631.1	1.0
NG_011631.1	adapter_corrected	ncbi	exact	NG_011631.1:adapter:814	NG_011631.1:ncbi:ORF1433_NG_011631.1	1.0
NG_011631.1	adapter_corrected	ncbi	exact	NG_011631.1:adapter:815	NG_011631.1:ncbi:ORF1440_NG_011631.1	1.0
NG_011631.1	adapter_corrected	ncbi	exact	NG_011631.1:adapter:816	NG_011631.1:ncbi:ORF900_NG_011631.1	1.0
NG_011631.1	adapter_corrected	ncbi	exact	NG_011631.1:adapter:817	NG_011631.1:ncbi:ORF86_NG_011631.1	1.0
NG_011631.1	adapter_corrected	ncbi	exact	NG_011631.1:adapter:818	NG_011631.1:ncbi:ORF345_NG_011631.1	1.0
NG_011631.1	adapter_corrected	ncbi	exact	NG_011631.1:adapter:819	NG_011631.1:ncbi:ORF910_NG_011631.1	1.0
NG_011631.1	adapter_corrected	ncbi	exact	NG_011631.1:adapter:82	NG_011631.1:ncbi:ORF650_NG_011631.1	1.0
NG_011631.1	adapter_corrected	ncbi	exact	NG_011631.1:adapter:820	NG_011631.1:ncbi:ORF107_NG_011631.1	1.0
NG_011631.1	adapter_corrected	ncbi	exact	NG_011631.1:adapter:821	NG_011631.1:ncbi:ORF368_NG_011631.1	1.0
NG_011631.1	adapter_corrected	ncbi	exact	NG_011631.1:adapter:822	NG_011631.1:ncbi:ORF378_NG_011631.1	1.0
NG_011631.1	adapter_corrected	ncbi	exact	NG_011631.1:adapter:823	NG_011631.1:ncbi:ORF1223_NG_011631.1	1.0
NG_011631.1	adapter_corrected	ncbi	exact	NG_011631.1:adapter:824	NG_011631.1:ncbi:ORF1236_NG_011631.1	1.0
NG_011631.1	adapter_corrected	ncbi	exact	NG_011631.1:adapter:825	NG_011631.1:ncbi:ORF946_NG_011631.1	1.0
NG_011631.1	adapter_corrected	ncbi	exact	NG_011631.1:adapter:826	NG_011631.1:ncbi:ORF146_NG_011631.1	1.0
NG_011631.1	adapter_corrected	ncbi	exact	NG_011631.1:adapter:827	NG_011631.1:ncbi:ORF152_NG_011631.1	1.0
NG_011631.1	adapter_corrected	ncbi	exact	NG_011631.1:adapter:828	NG_011631.1:ncbi:ORF970_NG_011631.1	1.0
NG_011631.1	adapter_corrected	ncbi	exact	NG_011631.1:adapter:829	NG_011631.1:ncbi:ORF973_NG_011631.1	1.0
NG_011631.1	adapter_corrected	ncbi	exact	NG_011631.1:adapter:83	NG_011631.1:ncbi:ORF1239_NG_011631.1	1.0
NG_011631.1	adapter_corrected	ncbi	exact	NG_011631.1:adapter:830	NG_011631.1:ncbi:ORF419_NG_011631.1	1.0
NG_011631.1	adapter_corrected	ncbi	exact	NG_011631.1:adapter:831	NG_011631.1:ncbi:ORF1536_NG_011631.1	1.0
NG_011631.1	adapter_corrected	ncbi	exact	NG_011631.1:adapter:832	NG_011631.1:ncbi:ORF1553_NG_011631.1	1.0
NG_011631.1	adapter_corrected	ncbi	exact	NG_011631.1:adapter:833	NG_011631.1:ncbi:ORF1285_NG_011631.1	1.0
NG_011631.1	adapter_corrected	ncbi	exact	NG_011631.1:adapter:834	NG_011631.1:ncbi:ORF452_NG_011631.1	1.0
NG_011631.1	adapter_corrected	ncbi	exact	NG_011631.1:adapter:835	NG_011631.1:ncbi:ORF746_NG_011631.1	1.0
NG_011631.1	adapter_corrected	ncbi	exact	NG_011631.1:adapter:836	NG_011631.1:ncbi:ORF202_NG_011631.1	1.0
NG_011631.1	adapter_corrected	ncbi	exact	NG_011631.1:adapter:837	NG_011631.1:ncbi:ORF771_NG_011631.1	1.0
NG_011631.1	adapter_corrected	ncbi	exact	NG_011631.1:adapter:838	NG_011631.1:ncbi:ORF772_NG_011631.1	1.0
NG_011631.1	adapter_corrected	ncbi	exact	NG_011631.1:adapter:839	NG_011631.1:ncbi:ORF1326_NG_011631.1	1.0
NG_011631.1	adapter_corrected	ncbi	exact	NG_011631.1:adapter:84	NG_011631.1:ncbi:ORF797_NG_011631.1	1.0
NG_011631.1	adapter_corrected	ncbi	exact	NG_011631.1:adapter:840	NG_011631.1:ncbi:ORF223_NG_011631.1	1.0
NG_011631.1	adapter_corrected	ncbi	exact	NG_011631.1:adapter:841	NG_011631.1:ncbi:ORF1608_NG_011631.1	1.0
NG_011631.1	adapter_corrected	ncbi	exact	NG_011631.1:adapter:842	NG_011631.1:ncbi:ORF1338_NG_011631.1	1.0
NG_011631.1	adapter_corrected	ncbi	exact	NG_011631.1:adapter:843	NG_011631.1:ncbi:ORF235_NG_011631.1	1.0
NG_011631.1	adapter_corrected	ncbi	exact	NG_011631.1:adapter:844	NG_011631.1:ncbi:ORF1080_NG_011631.1	1.0
NG_011631.1	adapter_corrected	ncbi	exact	NG_011631.1:adapter:845	NG_011631.1:ncbi:ORF1084_NG_011631.1	1.0
NG_011631.1	adapter_corrected	ncbi	exact	NG_011631.1:adapter:846	NG_011631.1:ncbi:ORF514_NG_011631.1	1.0
NG_011631.1	adapter_corrected	ncbi	exact	NG_011631.1:adapter:847	NG_011631.1:ncbi:ORF266_NG_011631.1	1.0
NG_011631.1	adapter_corrected	ncbi	exact	NG_011631.1:adapter:848	NG_011631.1:ncbi:ORF1120_NG_011631.1	1.0
NG_011631.1	adapter_corrected	ncbi	exact	NG_011631.1:adapter:849	NG_011631.1:ncbi:ORF834_NG_011631.1	1.0
NG_011631.1	adapter_corrected	ncbi	exact	NG_011631.1:adapter:85	NG_011631.1:ncbi:ORF965_NG_011631.1	1.0
NG_011631.1	adapter_corrected	ncbi	exact	NG_011631.1:adapter:850	NG_011631.1:ncbi:ORF278_NG_011631.1	1.0
NG_011631.1	adapter_corrected	ncbi	exact	NG_011631.1:adapter:851	NG_011631.1:ncbi:ORF1390_NG_011631.1	1.0
NG_011631.1	adapter_corrected	ncbi	exact	NG_011631.1:adapter:852	NG_011631.1:ncbi:ORF852_NG_011631.1	1.0
NG_011631.1	adapter_corrected	ncbi	exact	NG_011631.1:adapter:853	NG_011631.1:ncbi:ORF35_NG_011631.1	1.0
NG_011631.1	adapter_corrected	ncbi	exact	NG_011631.1:adapter:854	NG_011631.1:ncbi:ORF854_NG_011631.1	1.0
NG_011631.1	adapter_corrected	ncbi	exact	NG_011631.1:adapter:855	NG_011631.1:ncbi:ORF305_NG_011631.1	1.0
NG_011631.1	adapter_corrected	ncbi	exact	NG_011631.1:adapter:856	NG_011631.1:ncbi:ORF864_NG_011631.1	1.0
NG_011631.1	adapter_corrected	ncbi	exact	NG_011631.1:adapter:857	NG_011631.1:ncbi:ORF583_NG_011631.1	1.0
NG_011631.1	adapter_corrected	ncbi	exact	NG_011631.1:adapter:858	NG_011631.1:ncbi:ORF63_NG_011631.1	1.0
NG_011631.1	adapter_corrected	ncbi	exact	NG_011631.1:adapter:859	NG_011631.1:ncbi:ORF1173_NG_011631.1	1.0
NG_011631.1	adapter_corrected	ncbi	exact	NG_011631.1:adapter:86	NG_011631.1:ncbi:ORF966_NG_011631.1	1.0
NG_011631.1	adapter_corrected	ncbi	exact	NG_011631.1:adapter:860	NG_011631.1:ncbi:ORF601_NG_011631.1	1.0
NG_011631.1	adapter_corrected	ncbi	exact	NG_011631.1:adapter:861	NG_011631.1:ncbi:ORF609_NG_011631.1	1.0
NG_011631.1	adapter_corrected	ncbi	exact	NG_011631.1:adapter:862	NG_011631.1:ncbi:ORF1456_NG_011631.1	1.0
NG_011631.1	adapter_corrected	ncbi	exact	NG_011631.1:adapter:863	NG_011631.1:ncbi:ORF634_NG_011631.1	1.0
NG_011631.1	adapter_corrected	ncbi	exact	NG_011631.1:adapter:864	NG_011631.1:ncbi:ORF1471_NG_011631.1	1.0
NG_011631.1	adapter_corrected	ncbi	exact	NG_011631.1:adapter:865	NG_011631.1:ncbi:ORF636_NG_011631.1	1.0
NG_011631.1	adapter_corrected	ncbi	exact	NG_011631.1:adapter:866	NG_011631.1:ncbi:ORF114_NG_011631.1	1.0
NG_011631.1	adapter_corrected	ncbi	exact	NG_011631.1:adapter:867	NG_011631.1:ncbi:ORF382_NG_011631.1	1.0
NG_011631.1	adapter_corrected	ncbi	exact	NG_011631.1:adapter:868	NG_011631.1:ncbi:ORF1494_NG_011631.1	1.0
NG_011631.1	adapter_corrected	ncbi	exact	NG_011631.1:adapter:869	NG_011631.1:ncbi:ORF386_NG_011631.1	1.0
NG_011631.1	adapter_corrected	ncbi	exact	NG_011631.1:adapter:87	NG_011631.1:ncbi:ORF836_NG_011631.1	1.0
NG_011631.1	adapter_corrected	ncbi	exact	NG_011631.1:adapter:870	NG_011631.1:ncbi:ORF1510_NG_011631.1	1.0
NG_011631.1	adapter_corrected	ncbi	exact	NG_011631.1:adapter:871	NG_011631.1:ncbi:ORF959_NG_011631.1	1.0
NG_011631.1	adapter_corrected	ncbi	exact	NG_011631.1:adapter:872	NG_011631.1:ncbi:ORF1268_NG_011631.1	1.0
NG_011631.1	adapter_corrected	ncbi	exact	NG_011631.1:adapter:873	NG_011631.1:ncbi:ORF996_NG_011631.1	1.0
NG_011631.1	adapter_corrected	ncbi	exact	NG_011631.1:adapter:874	NG_011631.1:ncbi:ORF1537_NG_011631.1	1.0
NG_011631.1	adapter_corrected	ncbi	exact	NG_011631.1:adapter:875	NG_011631.1:ncbi:ORF429_NG_011631.1	1.0
NG_011631.1	adapter_corrected	ncbi	exact	NG_011631.1:adapter:876	NG_011631.1:ncbi:ORF182_NG_011631.1	1.0
NG_011631.1	adapter_corrected	ncbi	exact	NG_011631.1:adapter:877	NG_011631.1:ncbi:ORF448_NG_011631.1	1.0
NG_011631.1	adapter_corrected	ncbi	exact	NG_011631.1:adapter:878	NG_011631.1:ncbi:ORF1296_NG_011631.1	1.0
NG_011631.1	adapter_corrected	ncbi	exact	NG_011631.1:adapter:879	NG_011631.1:ncbi:ORF455_NG_011631.1	1.0
NG_011631.1	adapter_corrected	ncbi	exact	NG_011631.1:adapter:88	NG_011631.1:ncbi:ORF1387_NG_011631.1	1.0
NG_011631.1	adapter_corrected	ncbi	exact	NG_011631.1:adapter:880	NG_011631.1:ncbi:ORF192_NG_011631.1	1.0
NG_011631.1	adapter_corrected	ncbi	exact	NG_011631.1:adapter:881	NG_011631.1:ncbi:ORF748_NG_011631.1	1.0
NG_011631.1	adapter_corrected	ncbi	exact	NG_011631.1:adapter:882	NG_011631.1:ncbi:ORF1589_NG_011631.1	1.0
NG_011631.1	adapter_corrected	ncbi	exact	NG_011631.1:adapter:883	NG_011631.1:ncbi:ORF471_NG_011631.1	1.0
NG_011631.1	adapter_corrected	ncbi	exact	NG_011631.1:adapter:884	NG_011631.1:ncbi:ORF1592_NG_011631.1	1.0
NG_011631.1	adapter_corrected	ncbi	exact	NG_011631.1:adapter:885	NG_011631.1:ncbi:ORF215_NG_011631.1	1.0
NG_011631.1	adapter_corrected	ncbi	exact	NG_011631.1:adapter:886	NG_011631.1:ncbi:ORF1599_NG_011631.1	1.0
NG_011631.1	adapter_corrected	ncbi	exact	NG_011631.1:adapter:887	NG_011631.1:ncbi:ORF1328_NG_011631.1	1.0
NG_011631.1	adapter_corrected	ncbi	exact	NG_011631.1:adapter:888	NG_011631.1:ncbi:ORF804_NG_011631.1	1.0
NG_011631.1	adapter_corrected	ncbi	exact	NG_011631.1:adapter:889	NG_011631.1:ncbi:ORF1369_NG_011631.1	1.0
NG_011631.1	adapter_corrected	ncbi	exact	NG_011631.1:adapter:89	NG_011631.1:ncbi:ORF1066_NG_011631.1	1.0
NG_011631.1	adapter_corrected	ncbi	exact	NG_011631.1:adapter:890	NG_011631.1:ncbi:ORF1110_NG_011631.1	1.0
NG_011631.1	adapter_corrected	ncbi	exact	NG_011631.1:adapter:891	NG_011631.1:ncbi:ORF270_NG_011631.1	1.0
NG_011631.1	adapter_corrected	ncbi	exact	NG_011631.1:adapter:892	NG_011631.1:ncbi:ORF1375_NG_011631.1	1.0
NG_011631.1	adapter_corrected	ncbi	exact	NG_011631.1:adapter:893	NG_011631.1:ncbi:ORF539_NG_011631.1	1.0
NG_011631.1	adapter_corrected	ncbi	exact	NG_011631.1:adapter:894	NG_011631.1:ncbi:ORF1140_NG_011631.1	1.0
NG_011631.1	adapter_corrected	ncbi	exact	NG_011631.1:adapter:895	NG_011631.1:ncbi:ORF563_NG_011631.1	1.0
NG_011631.1	adapter_corrected	ncbi	exact	NG_011631.1:adapter:896	NG_011631.1:ncbi:ORF44_NG_011631.1	1.0
NG_011631.1	adapter_corrected	ncbi	exact	NG_011631.1:adapter:897	NG_011631.1:ncbi:ORF1403_NG_011631.1	1.0
NG_011631.1	adapter_corrected	ncbi	exact	NG_011631.1:adapter:898	NG_011631.1:ncbi:ORF1409_NG_011631.1	1.0
NG_011631.1	adapter_corrected	ncbi	exact	NG_011631.1:adapter:899	NG_011631.1:ncbi:ORF1425_NG_011631.1	1.0
NG_011631.1	adapter_corrected	ncbi	exact	NG_011631.1:adapter:9	NG_011631.1:ncbi:ORF708_NG_011631.1	1.0
NG_011631.1	adapter_corrected	ncbi	exact	NG_011631.1:adapter:90	NG_011631.1:ncbi:ORF1337_NG_011631.1	1.0
NG_011631.1	adapter_corrected	ncbi	exact	NG_011631.1:adapter:900	NG_011631.1:ncbi:ORF1171_NG_011631.1	1.0
NG_011631.1	adapter_corrected	ncbi	exact	NG_011631.1:adapter:901	NG_011631.1:ncbi:ORF324_NG_011631.1	1.0
NG_011631.1	adapter_corrected	ncbi	exact	NG_011631.1:adapter:902	NG_011631.1:ncbi:ORF1186_NG_011631.1	1.0
NG_011631.1	adapter_corrected	ncbi	exact	NG_011631.1:adapter:903	NG_011631.1:ncbi:ORF81_NG_011631.1	1.0
NG_011631.1	adapter_corrected	ncbi	exact	NG_011631.1:adapter:904	NG_011631.1:ncbi:ORF1447_NG_011631.1	1.0
NG_011631.1	adapter_corrected	ncbi	exact	NG_011631.1:adapter:905	NG_011631.1:ncbi:ORF1453_NG_011631.1	1.0
NG_011631.1	adapter_corrected	ncbi	exact	NG_011631.1:adapter:906	NG_011631.1:ncbi:ORF624_NG_011631.1	1.0
NG_011631.1	adapter_corrected	ncbi	exact	NG_011631.1:adapter:907	NG_011631.1:ncbi:ORF92_NG_011631.1	1.0
NG_011631.1	adapter_corrected	ncbi	exact	NG_011631.1:adapter:908	NG_011631.1:ncbi:ORF100_NG_011631.1	1.0
NG_011631.1	adapter_corrected	ncbi	exact	NG_011631.1:adapter:909	NG_011631.1:ncbi:ORF351_NG_011631.1	1.0
NG_011631.1	adapter_corrected	ncbi	exact	NG_011631.1:adapter:91	NG_011631.1:ncbi:ORF273_NG_011631.1	1.0
NG_011631.1	adapter_corrected	ncbi	exact	NG_011631.1:adapter:910	NG_011631.1:ncbi:ORF924_NG_011631.1	1.0
NG_011631.1	adapter_corrected	ncbi	exact	NG_011631.1:adapter:911	NG_011631.1:ncbi:ORF116_NG_011631.1	1.0
NG_011631.1	adapter_corrected	ncbi	exact	NG_011631.1:adapter:912	NG_011631.1:ncbi:ORF1222_NG_011631.1	1.0
NG_011631.1	adapter_corrected	ncbi	exact	NG_011631.1:adapter:913	NG_011631.1:ncbi:ORF118_NG_011631.1	1.0
NG_011631.1	adapter_corrected	ncbi	exact	NG_011631.1:adapter:914	NG_011631.1:ncbi:ORF132_NG_011631.1	1.0
NG_011631.1	adapter_corrected	ncbi	exact	NG_011631.1:adapter:915	NG_011631.1:ncbi:ORF1240_NG_011631.1	1.0
NG_011631.1	adapter_corrected	ncbi	exact	NG_011631.1:adapter:916	NG_011631.1:ncbi:ORF675_NG_011631.1	1.0
NG_011631.1	adapter_corrected	ncbi	exact	NG_011631.1:adapter:917	NG_011631.1:ncbi:ORF676_NG_011631.1	1.0
NG_011631.1	adapter_corrected	ncbi	exact	NG_011631.1:adapter:918	NG_011631.1:ncbi:ORF148_NG_011631.1	1.0
NG_011631.1	adapter_corrected	ncbi	exact	NG_011631.1:adapter:919	NG_011631.1:ncbi:ORF1513_NG_011631.1	1.0
NG_011631.1	adapter_corrected	ncbi	exact	NG_011631.1:adapter:92	NG_011631.1:ncbi:ORF1384_NG_011631.1	1.0
NG_011631.1	adapter_corrected	ncbi	exact	NG_011631.1:adapter:920	NG_011631.1:ncbi:ORF680_NG_011631.1	1.0
NG_011631.1	adapter_corrected	ncbi	exact	NG_011631.1:adapter:921	NG_011631.1:ncbi:ORF1540_NG_011631.1	1.0
NG_011631.1	adapter_corrected	ncbi	exact	NG_011631.1:adapter:922	NG_011631.1:ncbi:ORF443_NG_011631.1	1.0
NG_011631.1	adapter_corrected	ncbi	exact	NG_011631.1:adapter:923	NG_011631.1:ncbi:ORF727_NG_011631.1	1.0
NG_011631.1	adapter_corrected	ncbi	exact	NG_011631.1:adapter:924	NG_011631.1:ncbi:ORF1292_NG_011631.1	1.0
NG_011631.1	adapter_corrected	ncbi	exact	NG_011631.1:adapter:925	NG_011631.1:ncbi:ORF454_NG_011631.1	1.0
NG_011631.1	adapter_corrected	ncbi	exact	NG_011631.1:adapter:926	NG_011631.1:ncbi:ORF1590_NG_011631.1	1.0
NG_011631.1	adapter_corrected	ncbi	exact	NG_011631.1:adapter:927	NG_011631.1:ncbi:ORF210_NG_011631.1	1.0
NG_011631.1	adapter_corrected	ncbi	exact	NG_011631.1:adapter:928	NG_011631.1:ncbi:ORF475_NG_011631.1	1.0
NG_011631.1	adapter_corrected	ncbi	exact	NG_011631.1:adapter:929	NG_011631.1:ncbi:ORF765_NG_011631.1	1.0
NG_011631.1	adapter_corrected	ncbi	exact	NG_011631.1:adapter:93	NG_011631.1:ncbi:ORF1141_NG_011631.1	1.0
NG_011631.1	adapter_corrected	ncbi	exact	NG_011631.1:adapter:930	NG_011631.1:ncbi:ORF1322_NG_011631.1	1.0
NG_011631.1	adapter_corrected	ncbi	exact	NG_011631.1:adapter:931	NG_011631.1:ncbi:ORF1061_NG_011631.1	1.0
NG_011631.1	adapter_corrected	ncbi	exact	NG_011631.1:adapter:932	NG_011631.1:ncbi:ORF485_NG_011631.1	1.0
NG_011631.1	adapter_corrected	ncbi	exact	NG_011631.1:adapter:933	NG_011631.1:ncbi:ORF234_NG_011631.1	1.0
NG_011631.1	adapter_corrected	ncbi	exact	NG_011631.1:adapter:934	NG_011631.1:ncbi:ORF1616_NG_011631.1	1.0
NG_011631.1	adapter_corrected	ncbi	exact	NG_011631.1:adapter:935	NG_011631.1:ncbi:ORF255_NG_011631.1	1.0
NG_011631.1	adapter_corrected	ncbi	exact	NG_011631.1:adapter:936	NG_011631.1:ncbi:ORF1627_NG_011631.1	1.0
NG_011631.1	adapter_corrected	ncbi	exact	NG_011631.1:adapter:937	NG_011631.1:ncbi:ORF1629_NG_011631.1	1.0
NG_011631.1	adapter_corrected	ncbi	exact	NG_011631.1:adapter:938	NG_011631.1:ncbi:ORF1633_NG_011631.1	1.0
NG_011631.1	adapter_corrected	ncbi	exact	NG_011631.1:adapter:939	NG_011631.1:ncbi:ORF812_NG_011631.1	1.0
NG_011631.1	adapter_corrected	ncbi	exact	NG_011631.1:adapter:94	NG_011631.1:ncbi:ORF77_NG_011631.1	1.0
NG_011631.1	adapter_corrected	ncbi	exact	NG_011631.1:adapter:940	NG_011631.1:ncbi:ORF545_NG_011631.1	1.0
NG_011631.1	adapter_corrected	ncbi	exact	NG_011631.1:adapter:941	NG_011631.1:ncbi:ORF1137_NG_011631.1	1.0
NG_011631.1	adapter_corrected	ncbi	exact	NG_011631.1:adapter:942	NG_011631.1:ncbi:ORF29_NG_011631.1	1.0
NG_011631.1	adapter_corrected	ncbi	exact	NG_011631.1:adapter:943	NG_011631.1:ncbi:ORF552_NG_011631.1	1.0
NG_011631.1	adapter_corrected	ncbi	exact	NG_011631.1:adapter:944	NG_011631.1:ncbi:ORF295_NG_011631.1	1.0
NG_011631.1	adapter_corrected	ncbi	exact	NG_011631.1:adapter:945	NG_011631.1:ncbi:ORF299_NG_011631.1	1.0
NG_011631.1	adapter_corrected	ncbi	exact	NG_011631.1:adapter:946	NG_011631.1:ncbi:ORF1410_NG_011631.1	1.0
NG_011631.1	adapter_corrected	ncbi	exact	NG_011631.1:adapter:947	NG_011631.1:ncbi:ORF577_NG_011631.1	1.0
NG_011631.1	adapter_corrected	ncbi	exact	NG_011631.1:adapter:948	NG_011631.1:ncbi:ORF1414_NG_011631.1	1.0
NG_011631.1	adapter_corrected	ncbi	exact	NG_011631.1:adapter:949	NG_011631.1:ncbi:ORF62_NG_011631.1	1.0
NG_011631.1	adapter_corrected	ncbi	exact	NG_011631.1:adapter:95	NG_011631.1:ncbi:ORF1283_NG_011631.1	1.0
NG_011631.1	adapter_corrected	ncbi	exact	NG_011631.1:adapter:950	NG_011631.1:ncbi:ORF68_NG_011631.1	1.0
NG_011631.1	adapter_corrected	ncbi	exact	NG_011631.1:adapter:951	NG_011631.1:ncbi:ORF1434_NG_011631.1	1.0
NG_011631.1	adapter_corrected	ncbi	exact	NG_011631.1:adapter:952	NG_011631.1:ncbi:ORF610_NG_011631.1	1.0
NG_011631.1	adapter_corrected	ncbi	exact	NG_011631.1:adapter:953	NG_011631.1:ncbi:ORF332_NG_011631.1	1.0
NG_011631.1	adapter_corrected	ncbi	exact	NG_011631.1:adapter:954	NG_011631.1:ncbi:ORF84_NG_011631.1	1.0
NG_011631.1	adapter_corrected	ncbi	exact	NG_011631.1:adapter:955	NG_011631.1:ncbi:ORF338_NG_011631.1	1.0
NG_011631.1	adapter_corrected	ncbi	exact	NG_011631.1:adapter:956	NG_011631.1:ncbi:ORF90_NG_011631.1	1.0
NG_011631.1	adapter_corrected	ncbi	exact	NG_011631.1:adapter:957	NG_011631.1:ncbi:ORF342_NG_011631.1	1.0
NG_011631.1	adapter_corrected	ncbi	exact	NG_011631.1:adapter:958	NG_011631.1:ncbi:ORF908_NG_011631.1	1.0
NG_011631.1	adapter_corrected	ncbi	exact	NG_011631.1:adapter:959	NG_011631.1:ncbi:ORF939_NG_011631.1	1.0
NG_011631.1	adapter_corrected	ncbi	exact	NG_011631.1:adapter:96	NG_011631.1:ncbi:ORF191_NG_011631.1	1.0
NG_011631.1	adapter_corrected	ncbi	exact	NG_011631.1:adapter:960	NG_011631.1:ncbi:ORF123_NG_011631.1	1.0
NG_011631.1	adapter_corrected	ncbi	exact	NG_011631.1:adapter:961	NG_011631.1:ncbi:ORF1231_NG_011631.1	1.0
NG_011631.1	adapter_corrected	ncbi	exact	NG_011631.1:adapter:962	NG_011631.1:ncbi:ORF1509_NG_011631.1	1.0
NG_011631.1	adapter_corrected	ncbi	exact	NG_011631.1:adapter:963	NG_011631.1:ncbi:ORF397_NG_011631.1	1.0
NG_011631.1	adapter_corrected	ncbi	exact	NG_011631.1:adapter:964	NG_011631.1:ncbi:ORF158_NG_011631.1	1.0
NG_011631.1	adapter_corrected	ncbi	exact	NG_011631.1:adapter:965	NG_011631.1:ncbi:ORF1523_NG_011631.1	1.0
NG_011631.1	adapter_corrected	ncbi	exact	NG_011631.1:adapter:966	NG_011631.1:ncbi:ORF1526_NG_011631.1	1.0
NG_011631.1	adapter_corrected	ncbi	exact	NG_011631.1:adapter:967	NG_011631.1:ncbi:ORF1264_NG_011631.1	1.0
NG_011631.1	adapter_corrected	ncbi	exact	NG_011631.1:adapter:968	NG_011631.1:ncbi:ORF709_NG_011631.1	1.0
NG_011631.1	adapter_corrected	ncbi	exact	NG_011631.1:adapter:969	NG_011631.1:ncbi:ORF1274_NG_011631.1	1.0
NG_011631.1	adapter_corrected	ncbi	exact	NG_011631.1:adapter:97	NG_011631.1:ncbi:ORF200_NG_011631.1	1.0
NG_011631.1	adapter_corrected	ncbi	exact	NG_011631.1:adapter:970	NG_011631.1:ncbi:ORF997_NG_011631.1	1.0
NG_011631.1	adapter_corrected	ncbi	exact	NG_011631.1:adapter:971	NG_011631.1:ncbi:ORF1275_NG_011631.1	1.0
NG_011631.1	adapter_corrected	ncbi	exact	NG_011631.1:adapter:972	NG_011631.1:ncbi:ORF1546_NG_011631.1	1.0
NG_011631.1	adapter_corrected	ncbi	exact	NG_011631.1:adapter:973	NG_011631.1:ncbi:ORF1010_NG_011631.1	1.0
NG_011631.1	adapter_corrected	ncbi	exact	NG_011631.1:adapter:974	NG_011631.1:ncbi:ORF728_NG_011631.1	1.0
NG_011631.1	adapter_corrected	ncbi	exact	NG_011631.1:adapter:975	NG_011631.1:ncbi:ORF733_NG_011631.1	1.0
NG_011631.1	adapter_corrected	ncbi	exact	NG_011631.1:adapter:976	NG_011631.1:ncbi:ORF1024_NG_011631.1	1.0
NG_011631.1	adapter_corrected	ncbi	exact	NG_011631.1:adapter:977	NG_011631.1:ncbi:ORF1565_NG_011631.1	1.0
NG_011631.1	adapter_corrected	ncbi	exact	NG_011631.1:adapter:978	NG_011631.1:ncbi:ORF453_NG_011631.1	1.0
NG_011631.1	adapter_corrected	ncbi	exact	NG_011631.1:adapter:979	NG_011631.1:ncbi:ORF741_NG_011631.1	1.0
NG_011631.1	adapter_corrected	ncbi	exact	NG_011631.1:adapter:98	NG_011631.1:ncbi:ORF1183_NG_011631.1	1.0
NG_011631.1	adapter_corrected	ncbi	exact	NG_011631.1:adapter:980	NG_011631.1:ncbi:ORF458_NG_011631.1	1.0
NG_011631.1	adapter_corrected	ncbi	exact	NG_011631.1:adapter:981	NG_011631.1:ncbi:ORF750_NG_011631.1	1.0
NG_011631.1	adapter_corrected	ncbi	exact	NG_011631.1:adapter:982	NG_011631.1:ncbi:ORF462_NG_011631.1	1.0
NG_011631.1	adapter_corrected	ncbi	exact	NG_011631.1:adapter:983	NG_011631.1:ncbi:ORF752_NG_011631.1	1.0
NG_011631.1	adapter_corrected	ncbi	exact	NG_011631.1:adapter:984	NG_011631.1:ncbi:ORF1041_NG_011631.1	1.0
NG_011631.1	adapter_corrected	ncbi	exact	NG_011631.1:adapter:985	NG_011631.1:ncbi:ORF203_NG_011631.1	1.0
NG_011631.1	adapter_corrected	ncbi	exact	NG_011631.1:adapter:986	NG_011631.1:ncbi:ORF207_NG_011631.1	1.0
NG_011631.1	adapter_corrected	ncbi	exact	NG_011631.1:adapter:987	NG_011631.1:ncbi:ORF1329_NG_011631.1	1.0
NG_011631.1	adapter_corrected	ncbi	exact	NG_011631.1:adapter:988	NG_011631.1:ncbi:ORF1065_NG_011631.1	1.0
NG_011631.1	adapter_corrected	ncbi	exact	NG_011631.1:adapter:989	NG_011631.1:ncbi:ORF1332_NG_011631.1	1.0
NG_011631.1	adapter_corrected	ncbi	exact	NG_011631.1:adapter:99	NG_011631.1:ncbi:ORF333_NG_011631.1	1.0
NG_011631.1	adapter_corrected	ncbi	exact	NG_011631.1:adapter:990	NG_011631.1:ncbi:ORF1607_NG_011631.1	1.0
NG_011631.1	adapter_corrected	ncbi	exact	NG_011631.1:adapter:991	NG_011631.1:ncbi:ORF490_NG_011631.1	1.0
NG_011631.1	adapter_corrected	ncbi	exact	NG_011631.1:adapter:992	NG_011631.1:ncbi:ORF1073_NG_011631.1	1.0
NG_011631.1	adapter_corrected	ncbi	exact	NG_011631.1:adapter:993	NG_011631.1:ncbi:ORF237_NG_011631.1	1.0
NG_011631.1	adapter_corrected	ncbi	exact	NG_011631.1:adapter:994	NG_011631.1:ncbi:ORF247_NG_011631.1	1.0
NG_011631.1	adapter_corrected	ncbi	exact	NG_011631.1:adapter:995	NG_011631.1:ncbi:ORF1085_NG_011631.1	1.0
NG_011631.1	adapter_corrected	ncbi	exact	NG_011631.1:adapter:996	NG_011631.1:ncbi:ORF1354_NG_011631.1	1.0
NG_011631.1	adapter_corrected	ncbi	exact	NG_011631.1:adapter:997	NG_011631.1:ncbi:ORF1361_NG_011631.1	1.0
NG_011631.1	adapter_corrected	ncbi	exact	NG_011631.1:adapter:998	NG_011631.1:ncbi:ORF507_NG_011631.1	1.0
NG_011631.1	adapter_corrected	ncbi	exact	NG_011631.1:adapter:999	NG_011631.1:ncbi:ORF808_NG_011631.1	1.0
