record_id	left_tool	right_tool	left_candidate_id	right_candidate_id	left_interval	right_interval	iou	exact_interval_and_strand
NM_000546.6	python_raw	adapter_corrected	NM_000546.6:raw:1	NM_000546.6:adapter:1	142:1324:+	142:1324:+	1.0	True
NM_000546.6	python_raw	adapter_corrected	NM_000546.6:raw:1	NM_000546.6:adapter:16	142:1324:+	1175:1250:+	0.06345177664974619	False
NM_000546.6	python_raw	adapter_corrected	NM_000546.6:raw:1	NM_000546.6:adapter:7	142:1324:+	677:881:+	0.17258883248730963	False
NM_000546.6	python_raw	adapter_corrected	NM_000546.6:raw:1	NM_000546.6:adapter:9	142:1324:+	323:509:+	0.15736040609137056	False
NM_000546.6	python_raw	adapter_corrected	NM_000546.6:raw:10	NM_000546.6:adapter:10	459:627:-	459:627:-	1.0	True
NM_000546.6	python_raw	adapter_corrected	NM_000546.6:raw:11	NM_000546.6:adapter:11	2280:2427:-	2280:2427:-	1.0	True
NM_000546.6	python_raw	adapter_corrected	NM_000546.6:raw:11	NM_000546.6:adapter:15	2280:2427:-	2392:2470:-	0.18421052631578946	False
NM_000546.6	python_raw	adapter_corrected	NM_000546.6:raw:12	NM_000546.6:adapter:12	9:144:-	9:144:-	1.0	True
NM_000546.6	python_raw	adapter_corrected	NM_000546.6:raw:13	NM_000546.6:adapter:13	1263:1386:-	1263:1386:-	1.0	True
NM_000546.6	python_raw	adapter_corrected	NM_000546.6:raw:13	NM_000546.6:adapter:4	1263:1386:-	931:1282:-	0.041758241758241756	False
NM_000546.6	python_raw	adapter_corrected	NM_000546.6:raw:13	NM_000546.6:adapter:6	1263:1386:-	1315:1534:-	0.26199261992619927	False
NM_000546.6	python_raw	adapter_corrected	NM_000546.6:raw:14	NM_000546.6:adapter:14	688:784:-	688:784:-	1.0	True
NM_000546.6	python_raw	adapter_corrected	NM_000546.6:raw:15	NM_000546.6:adapter:11	2392:2470:-	2280:2427:-	0.18421052631578946	False
NM_000546.6	python_raw	adapter_corrected	NM_000546.6:raw:15	NM_000546.6:adapter:15	2392:2470:-	2392:2470:-	1.0	True
NM_000546.6	python_raw	adapter_corrected	NM_000546.6:raw:16	NM_000546.6:adapter:1	1175:1250:+	142:1324:+	0.06345177664974619	False
NM_000546.6	python_raw	adapter_corrected	NM_000546.6:raw:16	NM_000546.6:adapter:16	1175:1250:+	1175:1250:+	1.0	True
NM_000546.6	python_raw	adapter_corrected	NM_000546.6:raw:2	NM_000546.6:adapter:2	2022:2499:+	2022:2499:+	1.0	True
NM_000546.6	python_raw	adapter_corrected	NM_000546.6:raw:2	NM_000546.6:adapter:3	2022:2499:+	2053:2512:+	0.9102040816326531	False
NM_000546.6	python_raw	adapter_corrected	NM_000546.6:raw:2	NM_000546.6:adapter:5	2022:2499:+	2272:2512:+	0.463265306122449	False
NM_000546.6	python_raw	adapter_corrected	NM_000546.6:raw:3	NM_000546.6:adapter:2	2053:2512:+	2022:2499:+	0.9102040816326531	False
NM_000546.6	python_raw	adapter_corrected	NM_000546.6:raw:3	NM_000546.6:adapter:3	2053:2512:+	2053:2512:+	1.0	True
NM_000546.6	python_raw	adapter_corrected	NM_000546.6:raw:3	NM_000546.6:adapter:5	2053:2512:+	2272:2512:+	0.5228758169934641	False
NM_000546.6	python_raw	adapter_corrected	NM_000546.6:raw:4	NM_000546.6:adapter:13	931:1282:-	1263:1386:-	0.041758241758241756	False
NM_000546.6	python_raw	adapter_corrected	NM_000546.6:raw:4	NM_000546.6:adapter:4	931:1282:-	931:1282:-	1.0	True
NM_000546.6	python_raw	adapter_corrected	NM_000546.6:raw:5	NM_000546.6:adapter:2	2272:2512:+	2022:2499:+	0.463265306122449	False
NM_000546.6	python_raw	adapter_corrected	NM_000546.6:raw:5	NM_000546.6:adapter:3	2272:2512:+	2053:2512:+	0.5228758169934641	False
NM_000546.6	python_raw	adapter_corrected	NM_000546.6:raw:5	NM_000546.6:adapter:5	2272:2512:+	2272:2512:+	1.0	True
NM_000546.6	python_raw	adapter_corrected	NM_000546.6:raw:6	NM_000546.6:adapter:13	1315:1534:-	1263:1386:-	0.26199261992619927	False
NM_000546.6	python_raw	adapter_corrected	NM_000546.6:raw:6	NM_000546.6:adapter:6	1315:1534:-	1315:1534:-	1.0	True
NM_000546.6	python_raw	adapter_corrected	NM_000546.6:raw:7	NM_000546.6:adapter:1	677:881:+	142:1324:+	0.17258883248730963	False
NM_000546.6	python_raw	adapter_corrected	NM_000546.6:raw:7	NM_000546.6:adapter:7	677:881:+	677:881:+	1.0	True
NM_000546.6	python_raw	adapter_corrected	NM_000546.6:raw:8	NM_000546.6:adapter:8	2063:2261:-	2063:2261:-	1.0	True
NM_000546.6	python_raw	adapter_corrected	NM_000546.6:raw:9	NM_000546.6:adapter:1	323:509:+	142:1324:+	0.15736040609137056	False
NM_000546.6	python_raw	adapter_corrected	NM_000546.6:raw:9	NM_000546.6:adapter:9	323:509:+	323:509:+	1.0	True
NM_002467.6	python_raw	adapter_corrected	NM_002467.6:raw:1	NM_002467.6:adapter:1	408:1728:+	408:1728:+	1.0	True
NM_002467.6	python_raw	adapter_corrected	NM_002467.6:raw:1	NM_002467.6:adapter:12	408:1728:+	1430:1544:+	0.08636363636363636	False
NM_002467.6	python_raw	adapter_corrected	NM_002467.6:raw:1	NM_002467.6:adapter:3	408:1728:+	1129:1408:+	0.21136363636363636	False
NM_002467.6	python_raw	adapter_corrected	NM_002467.6:raw:1	NM_002467.6:adapter:4	408:1728:+	442:715:+	0.20681818181818182	False
NM_002467.6	python_raw	adapter_corrected	NM_002467.6:raw:10	NM_002467.6:adapter:10	2129:2267:-	2129:2267:-	1.0	True
NM_002467.6	python_raw	adapter_corrected	NM_002467.6:raw:11	NM_002467.6:adapter:11	3199:3328:+	3199:3328:+	1.0	True
NM_002467.6	python_raw	adapter_corrected	NM_002467.6:raw:12	NM_002467.6:adapter:1	1430:1544:+	408:1728:+	0.08636363636363636	False
NM_002467.6	python_raw	adapter_corrected	NM_002467.6:raw:12	NM_002467.6:adapter:12	1430:1544:+	1430:1544:+	1.0	True
NM_002467.6	python_raw	adapter_corrected	NM_002467.6:raw:13	NM_002467.6:adapter:13	860:974:-	860:974:-	1.0	True
NM_002467.6	python_raw	adapter_corrected	NM_002467.6:raw:13	NM_002467.6:adapter:6	860:974:-	963:1131:-	0.04059040590405904	False
NM_002467.6	python_raw	adapter_corrected	NM_002467.6:raw:14	NM_002467.6:adapter:14	2605:2716:+	2605:2716:+	1.0	True
NM_002467.6	python_raw	adapter_corrected	NM_002467.6:raw:14	NM_002467.6:adapter:15	2605:2716:+	2664:2775:+	0.3058823529411765	False
NM_002467.6	python_raw	adapter_corrected	NM_002467.6:raw:15	NM_002467.6:adapter:14	2664:2775:+	2605:2716:+	0.3058823529411765	False
NM_002467.6	python_raw	adapter_corrected	NM_002467.6:raw:15	NM_002467.6:adapter:15	2664:2775:+	2664:2775:+	1.0	True
NM_002467.6	python_raw	adapter_corrected	NM_002467.6:raw:16	NM_002467.6:adapter:16	3336:3432:-	3336:3432:-	1.0	True
NM_002467.6	python_raw	adapter_corrected	NM_002467.6:raw:17	NM_002467.6:adapter:17	2718:2811:-	2718:2811:-	1.0	True
NM_002467.6	python_raw	adapter_corrected	NM_002467.6:raw:18	NM_002467.6:adapter:18	2211:2295:+	2211:2295:+	1.0	True
NM_002467.6	python_raw	adapter_corrected	NM_002467.6:raw:19	NM_002467.6:adapter:19	3595:3679:+	3595:3679:+	1.0	True
NM_002467.6	python_raw	adapter_corrected	NM_002467.6:raw:2	NM_002467.6:adapter:2	1361:1649:-	1361:1649:-	1.0	True
NM_002467.6	python_raw	adapter_corrected	NM_002467.6:raw:20	NM_002467.6:adapter:20	3421:3502:+	3421:3502:+	1.0	True
NM_002467.6	python_raw	adapter_corrected	NM_002467.6:raw:21	NM_002467.6:adapter:21	1816:1891:-	1816:1891:-	1.0	True
NM_002467.6	python_raw	adapter_corrected	NM_002467.6:raw:22	NM_002467.6:adapter:22	1248:1323:-	1248:1323:-	1.0	True
NM_002467.6	python_raw	adapter_corrected	NM_002467.6:raw:3	NM_002467.6:adapter:1	1129:1408:+	408:1728:+	0.21136363636363636	False
NM_002467.6	python_raw	adapter_corrected	NM_002467.6:raw:3	NM_002467.6:adapter:3	1129:1408:+	1129:1408:+	1.0	True
NM_002467.6	python_raw	adapter_corrected	NM_002467.6:raw:4	NM_002467.6:adapter:1	442:715:+	408:1728:+	0.20681818181818182	False
NM_002467.6	python_raw	adapter_corrected	NM_002467.6:raw:4	NM_002467.6:adapter:4	442:715:+	442:715:+	1.0	True
NM_002467.6	python_raw	adapter_corrected	NM_002467.6:raw:5	NM_002467.6:adapter:5	626:797:-	626:797:-	1.0	True
NM_002467.6	python_raw	adapter_corrected	NM_002467.6:raw:6	NM_002467.6:adapter:13	963:1131:-	860:974:-	0.04059040590405904	False
NM_002467.6	python_raw	adapter_corrected	NM_002467.6:raw:6	NM_002467.6:adapter:6	963:1131:-	963:1131:-	1.0	True
NM_002467.6	python_raw	adapter_corrected	NM_002467.6:raw:7	NM_002467.6:adapter:7	52:208:-	52:208:-	1.0	True
NM_002467.6	python_raw	adapter_corrected	NM_002467.6:raw:8	NM_002467.6:adapter:8	3067:3220:-	3067:3220:-	1.0	True
NM_002467.6	python_raw	adapter_corrected	NM_002467.6:raw:9	NM_002467.6:adapter:9	2905:3058:-	2905:3058:-	1.0	True
NM_003106.4	python_raw	adapter_corrected	NM_003106.4:raw:1	NM_003106.4:adapter:1	436:1390:+	436:1390:+	1.0	True
NM_003106.4	python_raw	adapter_corrected	NM_003106.4:raw:1	NM_003106.4:adapter:4	436:1390:+	572:743:+	0.1792452830188679	False
NM_003106.4	python_raw	adapter_corrected	NM_003106.4:raw:10	NM_003106.4:adapter:10	1813:1906:-	1813:1906:-	1.0	True
NM_003106.4	python_raw	adapter_corrected	NM_003106.4:raw:11	NM_003106.4:adapter:11	1543:1621:+	1543:1621:+	1.0	True
NM_003106.4	python_raw	adapter_corrected	NM_003106.4:raw:11	NM_003106.4:adapter:3	1543:1621:+	1443:1746:+	0.25742574257425743	False
NM_003106.4	python_raw	adapter_corrected	NM_003106.4:raw:2	NM_003106.4:adapter:2	42:741:-	42:741:-	1.0	True
NM_003106.4	python_raw	adapter_corrected	NM_003106.4:raw:3	NM_003106.4:adapter:11	1443:1746:+	1543:1621:+	0.25742574257425743	False
NM_003106.4	python_raw	adapter_corrected	NM_003106.4:raw:3	NM_003106.4:adapter:3	1443:1746:+	1443:1746:+	1.0	True
NM_003106.4	python_raw	adapter_corrected	NM_003106.4:raw:4	NM_003106.4:adapter:1	572:743:+	436:1390:+	0.1792452830188679	False
NM_003106.4	python_raw	adapter_corrected	NM_003106.4:raw:4	NM_003106.4:adapter:4	572:743:+	572:743:+	1.0	True
NM_003106.4	python_raw	adapter_corrected	NM_003106.4:raw:5	NM_003106.4:adapter:5	1378:1531:-	1378:1531:-	1.0	True
NM_003106.4	python_raw	adapter_corrected	NM_003106.4:raw:6	NM_003106.4:adapter:6	1113:1263:-	1113:1263:-	1.0	True
NM_003106.4	python_raw	adapter_corrected	NM_003106.4:raw:7	NM_003106.4:adapter:7	756:906:-	756:906:-	1.0	True
NM_003106.4	python_raw	adapter_corrected	NM_003106.4:raw:8	NM_003106.4:adapter:8	1886:1985:+	1886:1985:+	1.0	True
NM_003106.4	python_raw	adapter_corrected	NM_003106.4:raw:9	NM_003106.4:adapter:9	2131:2227:-	2131:2227:-	1.0	True
NM_000280.5	python_raw	adapter_corrected	NM_000280.5:raw:1	NM_000280.5:adapter:1	323:1592:+	323:1592:+	1.0	True
NM_000280.5	python_raw	adapter_corrected	NM_000280.5:raw:1	NM_000280.5:adapter:14	323:1592:+	846:942:+	0.07565011820330969	False
NM_000280.5	python_raw	adapter_corrected	NM_000280.5:raw:1	NM_000280.5:adapter:3	323:1592:+	223:487:+	0.1197954711468225	False
NM_000280.5	python_raw	adapter_corrected	NM_000280.5:raw:10	NM_000280.5:adapter:10	911:1022:-	911:1022:-	1.0	True
NM_000280.5	python_raw	adapter_corrected	NM_000280.5:raw:10	NM_000280.5:adapter:16	911:1022:-	891:969:-	0.44274809160305345	False
NM_000280.5	python_raw	adapter_corrected	NM_000280.5:raw:11	NM_000280.5:adapter:11	1067:1175:-	1067:1175:-	1.0	True
NM_000280.5	python_raw	adapter_corrected	NM_000280.5:raw:12	NM_000280.5:adapter:12	2046:2154:+	2046:2154:+	1.0	True
NM_000280.5	python_raw	adapter_corrected	NM_000280.5:raw:13	NM_000280.5:adapter:13	92:191:-	92:191:-	1.0	True
NM_000280.5	python_raw	adapter_corrected	NM_000280.5:raw:14	NM_000280.5:adapter:1	846:942:+	323:1592:+	0.07565011820330969	False
NM_000280.5	python_raw	adapter_corrected	NM_000280.5:raw:14	NM_000280.5:adapter:14	846:942:+	846:942:+	1.0	True
NM_000280.5	python_raw	adapter_corrected	NM_000280.5:raw:15	NM_000280.5:adapter:15	1297:1393:-	1297:1393:-	1.0	True
NM_000280.5	python_raw	adapter_corrected	NM_000280.5:raw:16	NM_000280.5:adapter:10	891:969:-	911:1022:-	0.44274809160305345	False
NM_000280.5	python_raw	adapter_corrected	NM_000280.5:raw:16	NM_000280.5:adapter:16	891:969:-	891:969:-	1.0	True
NM_000280.5	python_raw	adapter_corrected	NM_000280.5:raw:16	NM_000280.5:adapter:2	891:969:-	502:892:-	0.0021413276231263384	False
NM_000280.5	python_raw	adapter_corrected	NM_000280.5:raw:17	NM_000280.5:adapter:17	1960:2035:+	1960:2035:+	1.0	True
NM_000280.5	python_raw	adapter_corrected	NM_000280.5:raw:2	NM_000280.5:adapter:16	502:892:-	891:969:-	0.0021413276231263384	False
NM_000280.5	python_raw	adapter_corrected	NM_000280.5:raw:2	NM_000280.5:adapter:2	502:892:-	502:892:-	1.0	True
NM_000280.5	python_raw	adapter_corrected	NM_000280.5:raw:2	NM_000280.5:adapter:5	502:892:-	519:687:-	0.4307692307692308	False
NM_000280.5	python_raw	adapter_corrected	NM_000280.5:raw:3	NM_000280.5:adapter:1	223:487:+	323:1592:+	0.1197954711468225	False
NM_000280.5	python_raw	adapter_corrected	NM_000280.5:raw:3	NM_000280.5:adapter:3	223:487:+	223:487:+	1.0	True
NM_000280.5	python_raw	adapter_corrected	NM_000280.5:raw:4	NM_000280.5:adapter:4	1688:1913:+	1688:1913:+	1.0	True
NM_000280.5	python_raw	adapter_corrected	NM_000280.5:raw:4	NM_000280.5:adapter:8	1688:1913:+	1749:1896:+	0.6533333333333333	False
NM_000280.5	python_raw	adapter_corrected	NM_000280.5:raw:5	NM_000280.5:adapter:2	519:687:-	502:892:-	0.4307692307692308	False
NM_000280.5	python_raw	adapter_corrected	NM_000280.5:raw:5	NM_000280.5:adapter:5	519:687:-	519:687:-	1.0	True
NM_000280.5	python_raw	adapter_corrected	NM_000280.5:raw:6	NM_000280.5:adapter:6	2252:2411:+	2252:2411:+	1.0	True
NM_000280.5	python_raw	adapter_corrected	NM_000280.5:raw:6	NM_000280.5:adapter:9	2252:2411:+	2343:2457:+	0.33170731707317075	False
NM_000280.5	python_raw	adapter_corrected	NM_000280.5:raw:7	NM_000280.5:adapter:7	1923:2076:-	1923:2076:-	1.0	True
NM_000280.5	python_raw	adapter_corrected	NM_000280.5:raw:8	NM_000280.5:adapter:4	1749:1896:+	1688:1913:+	0.6533333333333333	False
NM_000280.5	python_raw	adapter_corrected	NM_000280.5:raw:8	NM_000280.5:adapter:8	1749:1896:+	1749:1896:+	1.0	True
NM_000280.5	python_raw	adapter_corrected	NM_000280.5:raw:9	NM_000280.5:adapter:6	2343:2457:+	2252:2411:+	0.33170731707317075	False
NM_000280.5	python_raw	adapter_corrected	NM_000280.5:raw:9	NM_000280.5:adapter:9	2343:2457:+	2343:2457:+	1.0	True
NM_000125.4	python_raw	adapter_corrected	NM_000125.4:raw:1	NM_000125.4:adapter:1	231:2019:+	231:2019:+	1.0	True
NM_000125.4	python_raw	adapter_corrected	NM_000125.4:raw:1	NM_000125.4:adapter:28	231:2019:+	1478:1595:+	0.06543624161073826	False
NM_000125.4	python_raw	adapter_corrected	NM_000125.4:raw:1	NM_000125.4:adapter:34	231:2019:+	962:1049:+	0.04865771812080537	False
NM_000125.4	python_raw	adapter_corrected	NM_000125.4:raw:1	NM_000125.4:adapter:4	231:2019:+	736:982:+	0.13758389261744966	False
NM_000125.4	python_raw	adapter_corrected	NM_000125.4:raw:1	NM_000125.4:adapter:40	231:2019:+	1370:1451:+	0.04530201342281879	False
NM_000125.4	python_raw	adapter_corrected	NM_000125.4:raw:1	NM_000125.4:adapter:8	231:2019:+	1840:2050:+	0.09840571742715779	False
NM_000125.4	python_raw	adapter_corrected	NM_000125.4:raw:10	NM_000125.4:adapter:10	4817:5000:+	4817:5000:+	1.0	True
NM_000125.4	python_raw	adapter_corrected	NM_000125.4:raw:10	NM_000125.4:adapter:32	4817:5000:+	4861:4954:+	0.5081967213114754	False
NM_000125.4	python_raw	adapter_corrected	NM_000125.4:raw:11	NM_000125.4:adapter:11	1981:2161:-	1981:2161:-	1.0	True
NM_000125.4	python_raw	adapter_corrected	NM_000125.4:raw:11	NM_000125.4:adapter:9	1981:2161:-	1953:2157:-	0.8461538461538461	False
NM_000125.4	python_raw	adapter_corrected	NM_000125.4:raw:12	NM_000125.4:adapter:12	3069:3243:-	3069:3243:-	1.0	True
NM_000125.4	python_raw	adapter_corrected	NM_000125.4:raw:13	NM_000125.4:adapter:13	4174:4345:+	4174:4345:+	1.0	True
NM_000125.4	python_raw	adapter_corrected	NM_000125.4:raw:14	NM_000125.4:adapter:14	4779:4938:-	4779:4938:-	1.0	True
NM_000125.4	python_raw	adapter_corrected	NM_000125.4:raw:15	NM_000125.4:adapter:15	965:1121:-	965:1121:-	1.0	True
NM_000125.4	python_raw	adapter_corrected	NM_000125.4:raw:16	NM_000125.4:adapter:16	5778:5931:-	5778:5931:-	1.0	True
NM_000125.4	python_raw	adapter_corrected	NM_000125.4:raw:16	NM_000125.4:adapter:37	5778:5931:-	5890:5974:-	0.20918367346938777	False
NM_000125.4	python_raw	adapter_corrected	NM_000125.4:raw:17	NM_000125.4:adapter:17	4544:4697:-	4544:4697:-	1.0	True
NM_000125.4	python_raw	adapter_corrected	NM_000125.4:raw:18	NM_000125.4:adapter:18	3621:3774:-	3621:3774:-	1.0	True
NM_000125.4	python_raw	adapter_corrected	NM_000125.4:raw:19	NM_000125.4:adapter:19	529:676:-	529:676:-	1.0	True
NM_000125.4	python_raw	adapter_corrected	NM_000125.4:raw:2	NM_000125.4:adapter:2	1352:1814:-	1352:1814:-	1.0	True
NM_000125.4	python_raw	adapter_corrected	NM_000125.4:raw:2	NM_000125.4:adapter:3	1352:1814:-	1524:1803:-	0.6038961038961039	False
NM_000125.4	python_raw	adapter_corrected	NM_000125.4:raw:20	NM_000125.4:adapter:20	2409:2553:+	2409:2553:+	1.0	True
NM_000125.4	python_raw	adapter_corrected	NM_000125.4:raw:21	NM_000125.4:adapter:21	3409:3553:-	3409:3553:-	1.0	True
NM_000125.4	python_raw	adapter_corrected	NM_000125.4:raw:22	NM_000125.4:adapter:22	3030:3168:+	3030:3168:+	1.0	True
NM_000125.4	python_raw	adapter_corrected	NM_000125.4:raw:23	NM_000125.4:adapter:23	5873:6011:+	5873:6011:+	1.0	True
NM_000125.4	python_raw	adapter_corrected	NM_000125.4:raw:24	NM_000125.4:adapter:24	5456:5585:-	5456:5585:-	1.0	True
NM_000125.4	python_raw	adapter_corrected	NM_000125.4:raw:25	NM_000125.4:adapter:25	133:259:-	133:259:-	1.0	True
NM_000125.4	python_raw	adapter_corrected	NM_000125.4:raw:25	NM_000125.4:adapter:6	133:259:-	0:239:-	0.4092664092664093	False
NM_000125.4	python_raw	adapter_corrected	NM_000125.4:raw:25	NM_000125.4:adapter:7	133:259:-	0:233:-	0.3861003861003861	False
NM_000125.4	python_raw	adapter_corrected	NM_000125.4:raw:26	NM_000125.4:adapter:26	6056:6176:+	6056:6176:+	1.0	True
NM_000125.4	python_raw	adapter_corrected	NM_000125.4:raw:26	NM_000125.4:adapter:29	6056:6176:+	6022:6136:+	0.5194805194805194	False
NM_000125.4	python_raw	adapter_corrected	NM_000125.4:raw:27	NM_000125.4:adapter:27	0:119:-	0:119:-	1.0	True
NM_000125.4	python_raw	adapter_corrected	NM_000125.4:raw:27	NM_000125.4:adapter:6	0:119:-	0:239:-	0.497907949790795	False
NM_000125.4	python_raw	adapter_corrected	NM_000125.4:raw:27	NM_000125.4:adapter:7	0:119:-	0:233:-	0.5107296137339056	False
NM_000125.4	python_raw	adapter_corrected	NM_000125.4:raw:28	NM_000125.4:adapter:1	1478:1595:+	231:2019:+	0.06543624161073826	False
NM_000125.4	python_raw	adapter_corrected	NM_000125.4:raw:28	NM_000125.4:adapter:28	1478:1595:+	1478:1595:+	1.0	True
NM_000125.4	python_raw	adapter_corrected	NM_000125.4:raw:29	NM_000125.4:adapter:26	6022:6136:+	6056:6176:+	0.5194805194805194	False
NM_000125.4	python_raw	adapter_corrected	NM_000125.4:raw:29	NM_000125.4:adapter:29	6022:6136:+	6022:6136:+	1.0	True
NM_000125.4	python_raw	adapter_corrected	NM_000125.4:raw:3	NM_000125.4:adapter:2	1524:1803:-	1352:1814:-	0.6038961038961039	False
NM_000125.4	python_raw	adapter_corrected	NM_000125.4:raw:3	NM_000125.4:adapter:3	1524:1803:-	1524:1803:-	1.0	True
NM_000125.4	python_raw	adapter_corrected	NM_000125.4:raw:30	NM_000125.4:adapter:30	2755:2860:+	2755:2860:+	1.0	True
NM_000125.4	python_raw	adapter_corrected	NM_000125.4:raw:31	NM_000125.4:adapter:31	5068:5173:+	5068:5173:+	1.0	True
NM_000125.4	python_raw	adapter_corrected	NM_000125.4:raw:32	NM_000125.4:adapter:10	4861:4954:+	4817:5000:+	0.5081967213114754	False
NM_000125.4	python_raw	adapter_corrected	NM_000125.4:raw:32	NM_000125.4:adapter:32	4861:4954:+	4861:4954:+	1.0	True
NM_000125.4	python_raw	adapter_corrected	NM_000125.4:raw:33	NM_000125.4:adapter:33	5310:5403:+	5310:5403:+	1.0	True
NM_000125.4	python_raw	adapter_corrected	NM_000125.4:raw:34	NM_000125.4:adapter:1	962:1049:+	231:2019:+	0.04865771812080537	False
NM_000125.4	python_raw	adapter_corrected	NM_000125.4:raw:34	NM_000125.4:adapter:34	962:1049:+	962:1049:+	1.0	True
NM_000125.4	python_raw	adapter_corrected	NM_000125.4:raw:34	NM_000125.4:adapter:4	962:1049:+	736:982:+	0.06389776357827476	False
NM_000125.4	python_raw	adapter_corrected	NM_000125.4:raw:35	NM_000125.4:adapter:35	2145:2232:+	2145:2232:+	1.0	True
NM_000125.4	python_raw	adapter_corrected	NM_000125.4:raw:35	NM_000125.4:adapter:42	2145:2232:+	2074:2149:+	0.02531645569620253	False
NM_000125.4	python_raw	adapter_corrected	NM_000125.4:raw:36	NM_000125.4:adapter:36	1263:1350:-	1263:1350:-	1.0	True
NM_000125.4	python_raw	adapter_corrected	NM_000125.4:raw:37	NM_000125.4:adapter:16	5890:5974:-	5778:5931:-	0.20918367346938777	False
NM_000125.4	python_raw	adapter_corrected	NM_000125.4:raw:37	NM_000125.4:adapter:37	5890:5974:-	5890:5974:-	1.0	True
NM_000125.4	python_raw	adapter_corrected	NM_000125.4:raw:38	NM_000125.4:adapter:38	2933:3017:-	2933:3017:-	1.0	True
NM_000125.4	python_raw	adapter_corrected	NM_000125.4:raw:39	NM_000125.4:adapter:39	4389:4473:+	4389:4473:+	1.0	True
NM_000125.4	python_raw	adapter_corrected	NM_000125.4:raw:4	NM_000125.4:adapter:1	736:982:+	231:2019:+	0.13758389261744966	False
NM_000125.4	python_raw	adapter_corrected	NM_000125.4:raw:4	NM_000125.4:adapter:34	736:982:+	962:1049:+	0.06389776357827476	False
NM_000125.4	python_raw	adapter_corrected	NM_000125.4:raw:4	NM_000125.4:adapter:4	736:982:+	736:982:+	1.0	True
NM_000125.4	python_raw	adapter_corrected	NM_000125.4:raw:40	NM_000125.4:adapter:1	1370:1451:+	231:2019:+	0.04530201342281879	False
NM_000125.4	python_raw	adapter_corrected	NM_000125.4:raw:40	NM_000125.4:adapter:40	1370:1451:+	1370:1451:+	1.0	True
NM_000125.4	python_raw	adapter_corrected	NM_000125.4:raw:41	NM_000125.4:adapter:41	3634:3712:+	3634:3712:+	1.0	True
NM_000125.4	python_raw	adapter_corrected	NM_000125.4:raw:41	NM_000125.4:adapter:5	3634:3712:+	3692:3932:+	0.06711409395973154	False
NM_000125.4	python_raw	adapter_corrected	NM_000125.4:raw:42	NM_000125.4:adapter:35	2074:2149:+	2145:2232:+	0.02531645569620253	False
NM_000125.4	python_raw	adapter_corrected	NM_000125.4:raw:42	NM_000125.4:adapter:42	2074:2149:+	2074:2149:+	1.0	True
NM_000125.4	python_raw	adapter_corrected	NM_000125.4:raw:43	NM_000125.4:adapter:43	4573:4648:+	4573:4648:+	1.0	True
NM_000125.4	python_raw	adapter_corrected	NM_000125.4:raw:5	NM_000125.4:adapter:41	3692:3932:+	3634:3712:+	0.06711409395973154	False
NM_000125.4	python_raw	adapter_corrected	NM_000125.4:raw:5	NM_000125.4:adapter:5	3692:3932:+	3692:3932:+	1.0	True
NM_000125.4	python_raw	adapter_corrected	NM_000125.4:raw:6	NM_000125.4:adapter:25	0:239:-	133:259:-	0.4092664092664093	False
NM_000125.4	python_raw	adapter_corrected	NM_000125.4:raw:6	NM_000125.4:adapter:27	0:239:-	0:119:-	0.497907949790795	False
NM_000125.4	python_raw	adapter_corrected	NM_000125.4:raw:6	NM_000125.4:adapter:6	0:239:-	0:239:-	1.0	True
NM_000125.4	python_raw	adapter_corrected	NM_000125.4:raw:6	NM_000125.4:adapter:7	0:239:-	0:233:-	0.9748953974895398	False
NM_000125.4	python_raw	adapter_corrected	NM_000125.4:raw:7	NM_000125.4:adapter:25	0:233:-	133:259:-	0.3861003861003861	False
NM_000125.4	python_raw	adapter_corrected	NM_000125.4:raw:7	NM_000125.4:adapter:27	0:233:-	0:119:-	0.5107296137339056	False
NM_000125.4	python_raw	adapter_corrected	NM_000125.4:raw:7	NM_000125.4:adapter:6	0:233:-	0:239:-	0.9748953974895398	False
NM_000125.4	python_raw	adapter_corrected	NM_000125.4:raw:7	NM_000125.4:adapter:7	0:233:-	0:233:-	1.0	True
NM_000125.4	python_raw	adapter_corrected	NM_000125.4:raw:8	NM_000125.4:adapter:1	1840:2050:+	231:2019:+	0.09840571742715779	False
NM_000125.4	python_raw	adapter_corrected	NM_000125.4:raw:8	NM_000125.4:adapter:8	1840:2050:+	1840:2050:+	1.0	True
NM_000125.4	python_raw	adapter_corrected	NM_000125.4:raw:9	NM_000125.4:adapter:11	1953:2157:-	1981:2161:-	0.8461538461538461	False
NM_000125.4	python_raw	adapter_corrected	NM_000125.4:raw:9	NM_000125.4:adapter:9	1953:2157:-	1953:2157:-	1.0	True
NM_004496.4	python_raw	adapter_corrected	NM_004496.4:raw:1	NM_004496.4:adapter:1	141:1560:+	141:1560:+	1.0	True
NM_004496.4	python_raw	adapter_corrected	NM_004496.4:raw:1	NM_004496.4:adapter:17	141:1560:+	169:244:+	0.052854122621564484	False
NM_004496.4	python_raw	adapter_corrected	NM_004496.4:raw:1	NM_004496.4:adapter:4	141:1560:+	814:1102:+	0.2029598308668076	False
NM_004496.4	python_raw	adapter_corrected	NM_004496.4:raw:10	NM_004496.4:adapter:10	2293:2467:+	2293:2467:+	1.0	True
NM_004496.4	python_raw	adapter_corrected	NM_004496.4:raw:11	NM_004496.4:adapter:11	341:512:-	341:512:-	1.0	True
NM_004496.4	python_raw	adapter_corrected	NM_004496.4:raw:11	NM_004496.4:adapter:2	341:512:-	357:1071:-	0.21232876712328766	False
NM_004496.4	python_raw	adapter_corrected	NM_004496.4:raw:12	NM_004496.4:adapter:12	2478:2601:+	2478:2601:+	1.0	True
NM_004496.4	python_raw	adapter_corrected	NM_004496.4:raw:13	NM_004496.4:adapter:13	2185:2284:+	2185:2284:+	1.0	True
NM_004496.4	python_raw	adapter_corrected	NM_004496.4:raw:14	NM_004496.4:adapter:14	1929:2019:+	1929:2019:+	1.0	True
NM_004496.4	python_raw	adapter_corrected	NM_004496.4:raw:14	NM_004496.4:adapter:5	1929:2019:+	1829:2069:+	0.375	False
NM_004496.4	python_raw	adapter_corrected	NM_004496.4:raw:15	NM_004496.4:adapter:15	1807:1888:-	1807:1888:-	1.0	True
NM_004496.4	python_raw	adapter_corrected	NM_004496.4:raw:16	NM_004496.4:adapter:16	3291:3373:+	3291:3373:+	1.0	True
NM_004496.4	python_raw	adapter_corrected	NM_004496.4:raw:17	NM_004496.4:adapter:1	169:244:+	141:1560:+	0.052854122621564484	False
NM_004496.4	python_raw	adapter_corrected	NM_004496.4:raw:17	NM_004496.4:adapter:17	169:244:+	169:244:+	1.0	True
NM_004496.4	python_raw	adapter_corrected	NM_004496.4:raw:2	NM_004496.4:adapter:11	357:1071:-	341:512:-	0.21232876712328766	False
NM_004496.4	python_raw	adapter_corrected	NM_004496.4:raw:2	NM_004496.4:adapter:2	357:1071:-	357:1071:-	1.0	True
NM_004496.4	python_raw	adapter_corrected	NM_004496.4:raw:2	NM_004496.4:adapter:3	357:1071:-	914:1220:-	0.18192352259559674	False
NM_004496.4	python_raw	adapter_corrected	NM_004496.4:raw:3	NM_004496.4:adapter:2	914:1220:-	357:1071:-	0.18192352259559674	False
NM_004496.4	python_raw	adapter_corrected	NM_004496.4:raw:3	NM_004496.4:adapter:3	914:1220:-	914:1220:-	1.0	True
NM_004496.4	python_raw	adapter_corrected	NM_004496.4:raw:3	NM_004496.4:adapter:9	914:1220:-	1203:1380:-	0.03648068669527897	False
NM_004496.4	python_raw	adapter_corrected	NM_004496.4:raw:4	NM_004496.4:adapter:1	814:1102:+	141:1560:+	0.2029598308668076	False
NM_004496.4	python_raw	adapter_corrected	NM_004496.4:raw:4	NM_004496.4:adapter:4	814:1102:+	814:1102:+	1.0	True
NM_004496.4	python_raw	adapter_corrected	NM_004496.4:raw:5	NM_004496.4:adapter:14	1829:2069:+	1929:2019:+	0.375	False
NM_004496.4	python_raw	adapter_corrected	NM_004496.4:raw:5	NM_004496.4:adapter:5	1829:2069:+	1829:2069:+	1.0	True
NM_004496.4	python_raw	adapter_corrected	NM_004496.4:raw:5	NM_004496.4:adapter:7	1829:2069:+	1696:1912:+	0.2225201072386059	False
NM_004496.4	python_raw	adapter_corrected	NM_004496.4:raw:6	NM_004496.4:adapter:6	1432:1660:-	1432:1660:-	1.0	True
NM_004496.4	python_raw	adapter_corrected	NM_004496.4:raw:7	NM_004496.4:adapter:5	1696:1912:+	1829:2069:+	0.2225201072386059	False
NM_004496.4	python_raw	adapter_corrected	NM_004496.4:raw:7	NM_004496.4:adapter:7	1696:1912:+	1696:1912:+	1.0	True
NM_004496.4	python_raw	adapter_corrected	NM_004496.4:raw:8	NM_004496.4:adapter:8	2125:2302:-	2125:2302:-	1.0	True
NM_004496.4	python_raw	adapter_corrected	NM_004496.4:raw:9	NM_004496.4:adapter:3	1203:1380:-	914:1220:-	0.03648068669527897	False
NM_004496.4	python_raw	adapter_corrected	NM_004496.4:raw:9	NM_004496.4:adapter:9	1203:1380:-	1203:1380:-	1.0	True
NM_002049.4	python_raw	adapter_corrected	NM_002049.4:raw:1	NM_002049.4:adapter:1	75:1317:+	75:1317:+	1.0	True
NM_002049.4	python_raw	adapter_corrected	NM_002049.4:raw:1	NM_002049.4:adapter:10	75:1317:+	746:830:+	0.06763285024154589	False
NM_002049.4	python_raw	adapter_corrected	NM_002049.4:raw:1	NM_002049.4:adapter:3	75:1317:+	199:484:+	0.22946859903381642	False
NM_002049.4	python_raw	adapter_corrected	NM_002049.4:raw:1	NM_002049.4:adapter:6	75:1317:+	973:1135:+	0.13043478260869565	False
NM_002049.4	python_raw	adapter_corrected	NM_002049.4:raw:1	NM_002049.4:adapter:7	75:1317:+	562:691:+	0.10386473429951691	False
NM_002049.4	python_raw	adapter_corrected	NM_002049.4:raw:1	NM_002049.4:adapter:9	75:1317:+	1313:1421:+	0.0029717682020802376	False
NM_002049.4	python_raw	adapter_corrected	NM_002049.4:raw:10	NM_002049.4:adapter:1	746:830:+	75:1317:+	0.06763285024154589	False
NM_002049.4	python_raw	adapter_corrected	NM_002049.4:raw:10	NM_002049.4:adapter:10	746:830:+	746:830:+	1.0	True
NM_002049.4	python_raw	adapter_corrected	NM_002049.4:raw:11	NM_002049.4:adapter:11	0:77:-	0:77:-	1.0	True
NM_002049.4	python_raw	adapter_corrected	NM_002049.4:raw:11	NM_002049.4:adapter:2	0:77:-	0:313:-	0.24600638977635783	False
NM_002049.4	python_raw	adapter_corrected	NM_002049.4:raw:2	NM_002049.4:adapter:11	0:313:-	0:77:-	0.24600638977635783	False
NM_002049.4	python_raw	adapter_corrected	NM_002049.4:raw:2	NM_002049.4:adapter:2	0:313:-	0:313:-	1.0	True
NM_002049.4	python_raw	adapter_corrected	NM_002049.4:raw:3	NM_002049.4:adapter:1	199:484:+	75:1317:+	0.22946859903381642	False
NM_002049.4	python_raw	adapter_corrected	NM_002049.4:raw:3	NM_002049.4:adapter:3	199:484:+	199:484:+	1.0	True
NM_002049.4	python_raw	adapter_corrected	NM_002049.4:raw:4	NM_002049.4:adapter:4	316:538:-	316:538:-	1.0	True
NM_002049.4	python_raw	adapter_corrected	NM_002049.4:raw:5	NM_002049.4:adapter:5	823:1003:-	823:1003:-	1.0	True
NM_002049.4	python_raw	adapter_corrected	NM_002049.4:raw:6	NM_002049.4:adapter:1	973:1135:+	75:1317:+	0.13043478260869565	False
NM_002049.4	python_raw	adapter_corrected	NM_002049.4:raw:6	NM_002049.4:adapter:6	973:1135:+	973:1135:+	1.0	True
NM_002049.4	python_raw	adapter_corrected	NM_002049.4:raw:7	NM_002049.4:adapter:1	562:691:+	75:1317:+	0.10386473429951691	False
NM_002049.4	python_raw	adapter_corrected	NM_002049.4:raw:7	NM_002049.4:adapter:7	562:691:+	562:691:+	1.0	True
NM_002049.4	python_raw	adapter_corrected	NM_002049.4:raw:8	NM_002049.4:adapter:8	1163:1271:-	1163:1271:-	1.0	True
NM_002049.4	python_raw	adapter_corrected	NM_002049.4:raw:9	NM_002049.4:adapter:1	1313:1421:+	75:1317:+	0.0029717682020802376	False
NM_002049.4	python_raw	adapter_corrected	NM_002049.4:raw:9	NM_002049.4:adapter:9	1313:1421:+	1313:1421:+	1.0	True
NM_000457.5	python_raw	adapter_corrected	NM_000457.5:raw:1	NM_000457.5:adapter:1	134:1559:+	134:1559:+	1.0	True
NM_000457.5	python_raw	adapter_corrected	NM_000457.5:raw:1	NM_000457.5:adapter:14	134:1559:+	528:708:+	0.12631578947368421	False
NM_000457.5	python_raw	adapter_corrected	NM_000457.5:raw:1	NM_000457.5:adapter:5	134:1559:+	246:510:+	0.18526315789473685	False
NM_000457.5	python_raw	adapter_corrected	NM_000457.5:raw:10	NM_000457.5:adapter:10	3380:3614:+	3380:3614:+	1.0	True
NM_000457.5	python_raw	adapter_corrected	NM_000457.5:raw:10	NM_000457.5:adapter:21	3380:3614:+	3283:3442:+	0.18731117824773413	False
NM_000457.5	python_raw	adapter_corrected	NM_000457.5:raw:10	NM_000457.5:adapter:40	3380:3614:+	3511:3610:+	0.4230769230769231	False
NM_000457.5	python_raw	adapter_corrected	NM_000457.5:raw:11	NM_000457.5:adapter:11	1630:1840:-	1630:1840:-	1.0	True
NM_000457.5	python_raw	adapter_corrected	NM_000457.5:raw:11	NM_000457.5:adapter:24	1630:1840:-	1551:1704:-	0.2560553633217993	False
NM_000457.5	python_raw	adapter_corrected	NM_000457.5:raw:12	NM_000457.5:adapter:12	1952:2141:-	1952:2141:-	1.0	True
NM_000457.5	python_raw	adapter_corrected	NM_000457.5:raw:12	NM_000457.5:adapter:23	1952:2141:-	1920:2076:-	0.5610859728506787	False
NM_000457.5	python_raw	adapter_corrected	NM_000457.5:raw:13	NM_000457.5:adapter:13	3363:3549:-	3363:3549:-	1.0	True
NM_000457.5	python_raw	adapter_corrected	NM_000457.5:raw:13	NM_000457.5:adapter:26	3363:3549:-	3238:3382:-	0.06109324758842444	False
NM_000457.5	python_raw	adapter_corrected	NM_000457.5:raw:14	NM_000457.5:adapter:1	528:708:+	134:1559:+	0.12631578947368421	False
NM_000457.5	python_raw	adapter_corrected	NM_000457.5:raw:14	NM_000457.5:adapter:14	528:708:+	528:708:+	1.0	True
NM_000457.5	python_raw	adapter_corrected	NM_000457.5:raw:15	NM_000457.5:adapter:15	5228:5405:-	5228:5405:-	1.0	True
NM_000457.5	python_raw	adapter_corrected	NM_000457.5:raw:16	NM_000457.5:adapter:16	2594:2771:+	2594:2771:+	1.0	True
NM_000457.5	python_raw	adapter_corrected	NM_000457.5:raw:17	NM_000457.5:adapter:17	5948:6125:+	5948:6125:+	1.0	True
NM_000457.5	python_raw	adapter_corrected	NM_000457.5:raw:17	NM_000457.5:adapter:18	5948:6125:+	5943:6114:+	0.9120879120879121	False
NM_000457.5	python_raw	adapter_corrected	NM_000457.5:raw:17	NM_000457.5:adapter:53	5948:6125:+	6121:6199:+	0.01593625498007968	False
NM_000457.5	python_raw	adapter_corrected	NM_000457.5:raw:18	NM_000457.5:adapter:17	5943:6114:+	5948:6125:+	0.9120879120879121	False
NM_000457.5	python_raw	adapter_corrected	NM_000457.5:raw:18	NM_000457.5:adapter:18	5943:6114:+	5943:6114:+	1.0	True
NM_000457.5	python_raw	adapter_corrected	NM_000457.5:raw:19	NM_000457.5:adapter:19	0:169:-	0:169:-	1.0	True
NM_000457.5	python_raw	adapter_corrected	NM_000457.5:raw:19	NM_000457.5:adapter:20	0:169:-	0:163:-	0.9644970414201184	False
NM_000457.5	python_raw	adapter_corrected	NM_000457.5:raw:19	NM_000457.5:adapter:6	0:169:-	0:261:-	0.6475095785440613	False
NM_000457.5	python_raw	adapter_corrected	NM_000457.5:raw:2	NM_000457.5:adapter:2	866:1325:-	866:1325:-	1.0	True
NM_000457.5	python_raw	adapter_corrected	NM_000457.5:raw:2	NM_000457.5:adapter:31	866:1325:-	1096:1222:-	0.27450980392156865	False
NM_000457.5	python_raw	adapter_corrected	NM_000457.5:raw:20	NM_000457.5:adapter:19	0:163:-	0:169:-	0.9644970414201184	False
NM_000457.5	python_raw	adapter_corrected	NM_000457.5:raw:20	NM_000457.5:adapter:20	0:163:-	0:163:-	1.0	True
NM_000457.5	python_raw	adapter_corrected	NM_000457.5:raw:20	NM_000457.5:adapter:6	0:163:-	0:261:-	0.6245210727969349	False
NM_000457.5	python_raw	adapter_corrected	NM_000457.5:raw:21	NM_000457.5:adapter:10	3283:3442:+	3380:3614:+	0.18731117824773413	False
NM_000457.5	python_raw	adapter_corrected	NM_000457.5:raw:21	NM_000457.5:adapter:21	3283:3442:+	3283:3442:+	1.0	True
NM_000457.5	python_raw	adapter_corrected	NM_000457.5:raw:22	NM_000457.5:adapter:22	3727:3883:+	3727:3883:+	1.0	True
NM_000457.5	python_raw	adapter_corrected	NM_000457.5:raw:22	NM_000457.5:adapter:3	3727:3883:+	3759:4152:+	0.2917647058823529	False
NM_000457.5	python_raw	adapter_corrected	NM_000457.5:raw:23	NM_000457.5:adapter:12	1920:2076:-	1952:2141:-	0.5610859728506787	False
NM_000457.5	python_raw	adapter_corrected	NM_000457.5:raw:23	NM_000457.5:adapter:23	1920:2076:-	1920:2076:-	1.0	True
NM_000457.5	python_raw	adapter_corrected	NM_000457.5:raw:24	NM_000457.5:adapter:11	1551:1704:-	1630:1840:-	0.2560553633217993	False
NM_000457.5	python_raw	adapter_corrected	NM_000457.5:raw:24	NM_000457.5:adapter:24	1551:1704:-	1551:1704:-	1.0	True
NM_000457.5	python_raw	adapter_corrected	NM_000457.5:raw:25	NM_000457.5:adapter:25	1802:1946:+	1802:1946:+	1.0	True
NM_000457.5	python_raw	adapter_corrected	NM_000457.5:raw:26	NM_000457.5:adapter:13	3238:3382:-	3363:3549:-	0.06109324758842444	False
NM_000457.5	python_raw	adapter_corrected	NM_000457.5:raw:26	NM_000457.5:adapter:26	3238:3382:-	3238:3382:-	1.0	True
NM_000457.5	python_raw	adapter_corrected	NM_000457.5:raw:27	NM_000457.5:adapter:27	5004:5145:-	5004:5145:-	1.0	True
NM_000457.5	python_raw	adapter_corrected	NM_000457.5:raw:28	NM_000457.5:adapter:28	5099:5234:+	5099:5234:+	1.0	True
NM_000457.5	python_raw	adapter_corrected	NM_000457.5:raw:28	NM_000457.5:adapter:30	5099:5234:+	5083:5215:+	0.7682119205298014	False
NM_000457.5	python_raw	adapter_corrected	NM_000457.5:raw:29	NM_000457.5:adapter:29	4039:4171:+	4039:4171:+	1.0	True
NM_000457.5	python_raw	adapter_corrected	NM_000457.5:raw:29	NM_000457.5:adapter:3	4039:4171:+	3759:4152:+	0.27427184466019416	False
NM_000457.5	python_raw	adapter_corrected	NM_000457.5:raw:3	NM_000457.5:adapter:22	3759:4152:+	3727:3883:+	0.2917647058823529	False
NM_000457.5	python_raw	adapter_corrected	NM_000457.5:raw:3	NM_000457.5:adapter:29	3759:4152:+	4039:4171:+	0.27427184466019416	False
NM_000457.5	python_raw	adapter_corrected	NM_000457.5:raw:3	NM_000457.5:adapter:3	3759:4152:+	3759:4152:+	1.0	True
NM_000457.5	python_raw	adapter_corrected	NM_000457.5:raw:30	NM_000457.5:adapter:28	5083:5215:+	5099:5234:+	0.7682119205298014	False
NM_000457.5	python_raw	adapter_corrected	NM_000457.5:raw:30	NM_000457.5:adapter:30	5083:5215:+	5083:5215:+	1.0	True
NM_000457.5	python_raw	adapter_corrected	NM_000457.5:raw:31	NM_000457.5:adapter:2	1096:1222:-	866:1325:-	0.27450980392156865	False
NM_000457.5	python_raw	adapter_corrected	NM_000457.5:raw:31	NM_000457.5:adapter:31	1096:1222:-	1096:1222:-	1.0	True
NM_000457.5	python_raw	adapter_corrected	NM_000457.5:raw:32	NM_000457.5:adapter:32	2428:2551:+	2428:2551:+	1.0	True
NM_000457.5	python_raw	adapter_corrected	NM_000457.5:raw:33	NM_000457.5:adapter:33	4884:5004:-	4884:5004:-	1.0	True
NM_000457.5	python_raw	adapter_corrected	NM_000457.5:raw:34	NM_000457.5:adapter:34	199:319:-	199:319:-	1.0	True
NM_000457.5	python_raw	adapter_corrected	NM_000457.5:raw:34	NM_000457.5:adapter:6	199:319:-	0:261:-	0.19435736677115986	False
NM_000457.5	python_raw	adapter_corrected	NM_000457.5:raw:35	NM_000457.5:adapter:35	4519:4630:+	4519:4630:+	1.0	True
NM_000457.5	python_raw	adapter_corrected	NM_000457.5:raw:35	NM_000457.5:adapter:36	4519:4630:+	4601:4709:+	0.15263157894736842	False
NM_000457.5	python_raw	adapter_corrected	NM_000457.5:raw:36	NM_000457.5:adapter:35	4601:4709:+	4519:4630:+	0.15263157894736842	False
NM_000457.5	python_raw	adapter_corrected	NM_000457.5:raw:36	NM_000457.5:adapter:36	4601:4709:+	4601:4709:+	1.0	True
NM_000457.5	python_raw	adapter_corrected	NM_000457.5:raw:37	NM_000457.5:adapter:37	4569:4674:-	4569:4674:-	1.0	True
NM_000457.5	python_raw	adapter_corrected	NM_000457.5:raw:38	NM_000457.5:adapter:38	4399:4504:+	4399:4504:+	1.0	True
NM_000457.5	python_raw	adapter_corrected	NM_000457.5:raw:39	NM_000457.5:adapter:39	6351:6456:+	6351:6456:+	1.0	True
NM_000457.5	python_raw	adapter_corrected	NM_000457.5:raw:39	NM_000457.5:adapter:50	6351:6456:+	6386:6467:+	0.603448275862069	False
NM_000457.5	python_raw	adapter_corrected	NM_000457.5:raw:4	NM_000457.5:adapter:4	562:844:-	562:844:-	1.0	True
NM_000457.5	python_raw	adapter_corrected	NM_000457.5:raw:4	NM_000457.5:adapter:8	562:844:-	557:803:-	0.8397212543554007	False
NM_000457.5	python_raw	adapter_corrected	NM_000457.5:raw:40	NM_000457.5:adapter:10	3511:3610:+	3380:3614:+	0.4230769230769231	False
NM_000457.5	python_raw	adapter_corrected	NM_000457.5:raw:40	NM_000457.5:adapter:40	3511:3610:+	3511:3610:+	1.0	True
NM_000457.5	python_raw	adapter_corrected	NM_000457.5:raw:41	NM_000457.5:adapter:41	2741:2840:-	2741:2840:-	1.0	True
NM_000457.5	python_raw	adapter_corrected	NM_000457.5:raw:41	NM_000457.5:adapter:45	2741:2840:-	2746:2833:-	0.8787878787878788	False
NM_000457.5	python_raw	adapter_corrected	NM_000457.5:raw:42	NM_000457.5:adapter:42	3865:3958:-	3865:3958:-	1.0	True
NM_000457.5	python_raw	adapter_corrected	NM_000457.5:raw:43	NM_000457.5:adapter:43	4298:4391:+	4298:4391:+	1.0	True
NM_000457.5	python_raw	adapter_corrected	NM_000457.5:raw:44	NM_000457.5:adapter:44	4719:4812:+	4719:4812:+	1.0	True
NM_000457.5	python_raw	adapter_corrected	NM_000457.5:raw:45	NM_000457.5:adapter:41	2746:2833:-	2741:2840:-	0.8787878787878788	False
NM_000457.5	python_raw	adapter_corrected	NM_000457.5:raw:45	NM_000457.5:adapter:45	2746:2833:-	2746:2833:-	1.0	True
NM_000457.5	python_raw	adapter_corrected	NM_000457.5:raw:46	NM_000457.5:adapter:46	2462:2549:-	2462:2549:-	1.0	True
NM_000457.5	python_raw	adapter_corrected	NM_000457.5:raw:47	NM_000457.5:adapter:47	2294:2378:-	2294:2378:-	1.0	True
NM_000457.5	python_raw	adapter_corrected	NM_000457.5:raw:47	NM_000457.5:adapter:52	2294:2378:-	2359:2437:-	0.13286713286713286	False
NM_000457.5	python_raw	adapter_corrected	NM_000457.5:raw:48	NM_000457.5:adapter:48	4387:4468:-	4387:4468:-	1.0	True
NM_000457.5	python_raw	adapter_corrected	NM_000457.5:raw:49	NM_000457.5:adapter:49	4927:5008:+	4927:5008:+	1.0	True
NM_000457.5	python_raw	adapter_corrected	NM_000457.5:raw:5	NM_000457.5:adapter:1	246:510:+	134:1559:+	0.18526315789473685	False
NM_000457.5	python_raw	adapter_corrected	NM_000457.5:raw:5	NM_000457.5:adapter:5	246:510:+	246:510:+	1.0	True
NM_000457.5	python_raw	adapter_corrected	NM_000457.5:raw:50	NM_000457.5:adapter:39	6386:6467:+	6351:6456:+	0.603448275862069	False
NM_000457.5	python_raw	adapter_corrected	NM_000457.5:raw:50	NM_000457.5:adapter:50	6386:6467:+	6386:6467:+	1.0	True
NM_000457.5	python_raw	adapter_corrected	NM_000457.5:raw:51	NM_000457.5:adapter:51	1676:1754:+	1676:1754:+	1.0	True
NM_000457.5	python_raw	adapter_corrected	NM_000457.5:raw:52	NM_000457.5:adapter:47	2359:2437:-	2294:2378:-	0.13286713286713286	False
NM_000457.5	python_raw	adapter_corrected	NM_000457.5:raw:52	NM_000457.5:adapter:52	2359:2437:-	2359:2437:-	1.0	True
NM_000457.5	python_raw	adapter_corrected	NM_000457.5:raw:53	NM_000457.5:adapter:17	6121:6199:+	5948:6125:+	0.01593625498007968	False
NM_000457.5	python_raw	adapter_corrected	NM_000457.5:raw:53	NM_000457.5:adapter:53	6121:6199:+	6121:6199:+	1.0	True
NM_000457.5	python_raw	adapter_corrected	NM_000457.5:raw:54	NM_000457.5:adapter:54	3996:4071:-	3996:4071:-	1.0	True
NM_000457.5	python_raw	adapter_corrected	NM_000457.5:raw:6	NM_000457.5:adapter:19	0:261:-	0:169:-	0.6475095785440613	False
NM_000457.5	python_raw	adapter_corrected	NM_000457.5:raw:6	NM_000457.5:adapter:20	0:261:-	0:163:-	0.6245210727969349	False
NM_000457.5	python_raw	adapter_corrected	NM_000457.5:raw:6	NM_000457.5:adapter:34	0:261:-	199:319:-	0.19435736677115986	False
NM_000457.5	python_raw	adapter_corrected	NM_000457.5:raw:6	NM_000457.5:adapter:6	0:261:-	0:261:-	1.0	True
NM_000457.5	python_raw	adapter_corrected	NM_000457.5:raw:7	NM_000457.5:adapter:7	5540:5789:-	5540:5789:-	1.0	True
NM_000457.5	python_raw	adapter_corrected	NM_000457.5:raw:8	NM_000457.5:adapter:4	557:803:-	562:844:-	0.8397212543554007	False
NM_000457.5	python_raw	adapter_corrected	NM_000457.5:raw:8	NM_000457.5:adapter:8	557:803:-	557:803:-	1.0	True
NM_000457.5	python_raw	adapter_corrected	NM_000457.5:raw:9	NM_000457.5:adapter:9	1954:2194:+	1954:2194:+	1.0	True
NM_001754.5	python_raw	adapter_corrected	NM_001754.5:raw:1	NM_001754.5:adapter:1	194:1637:+	194:1637:+	1.0	True
NM_001754.5	python_raw	adapter_corrected	NM_001754.5:raw:1	NM_001754.5:adapter:16	194:1637:+	108:249:+	0.03597122302158273	False
NM_001754.5	python_raw	adapter_corrected	NM_001754.5:raw:1	NM_001754.5:adapter:42	194:1637:+	825:903:+	0.05405405405405406	False
NM_001754.5	python_raw	adapter_corrected	NM_001754.5:raw:10	NM_001754.5:adapter:10	5654:5819:-	5654:5819:-	1.0	True
NM_001754.5	python_raw	adapter_corrected	NM_001754.5:raw:11	NM_001754.5:adapter:11	3023:3185:-	3023:3185:-	1.0	True
NM_001754.5	python_raw	adapter_corrected	NM_001754.5:raw:12	NM_001754.5:adapter:12	3134:3296:+	3134:3296:+	1.0	True
NM_001754.5	python_raw	adapter_corrected	NM_001754.5:raw:12	NM_001754.5:adapter:3	3134:3296:+	3046:3310:+	0.6136363636363636	False
NM_001754.5	python_raw	adapter_corrected	NM_001754.5:raw:13	NM_001754.5:adapter:13	1432:1591:-	1432:1591:-	1.0	True
NM_001754.5	python_raw	adapter_corrected	NM_001754.5:raw:14	NM_001754.5:adapter:14	4369:4525:+	4369:4525:+	1.0	True
NM_001754.5	python_raw	adapter_corrected	NM_001754.5:raw:14	NM_001754.5:adapter:9	4369:4525:+	4346:4517:+	0.8268156424581006	False
NM_001754.5	python_raw	adapter_corrected	NM_001754.5:raw:15	NM_001754.5:adapter:15	5348:5498:+	5348:5498:+	1.0	True
NM_001754.5	python_raw	adapter_corrected	NM_001754.5:raw:15	NM_001754.5:adapter:43	5348:5498:+	5397:5472:+	0.5	False
NM_001754.5	python_raw	adapter_corrected	NM_001754.5:raw:16	NM_001754.5:adapter:1	108:249:+	194:1637:+	0.03597122302158273	False
NM_001754.5	python_raw	adapter_corrected	NM_001754.5:raw:16	NM_001754.5:adapter:16	108:249:+	108:249:+	1.0	True
NM_001754.5	python_raw	adapter_corrected	NM_001754.5:raw:17	NM_001754.5:adapter:17	4066:4198:-	4066:4198:-	1.0	True
NM_001754.5	python_raw	adapter_corrected	NM_001754.5:raw:17	NM_001754.5:adapter:35	4066:4198:-	3992:4076:-	0.04854368932038835	False
NM_001754.5	python_raw	adapter_corrected	NM_001754.5:raw:18	NM_001754.5:adapter:18	5004:5127:-	5004:5127:-	1.0	True
NM_001754.5	python_raw	adapter_corrected	NM_001754.5:raw:19	NM_001754.5:adapter:19	4597:4720:+	4597:4720:+	1.0	True
NM_001754.5	python_raw	adapter_corrected	NM_001754.5:raw:19	NM_001754.5:adapter:28	4597:4720:+	4623:4728:+	0.7404580152671756	False
NM_001754.5	python_raw	adapter_corrected	NM_001754.5:raw:2	NM_001754.5:adapter:2	181:535:-	181:535:-	1.0	True
NM_001754.5	python_raw	adapter_corrected	NM_001754.5:raw:2	NM_001754.5:adapter:20	181:535:-	99:222:-	0.09403669724770643	False
NM_001754.5	python_raw	adapter_corrected	NM_001754.5:raw:20	NM_001754.5:adapter:2	99:222:-	181:535:-	0.09403669724770643	False
NM_001754.5	python_raw	adapter_corrected	NM_001754.5:raw:20	NM_001754.5:adapter:20	99:222:-	99:222:-	1.0	True
NM_001754.5	python_raw	adapter_corrected	NM_001754.5:raw:20	NM_001754.5:adapter:21	99:222:-	56:179:-	0.4819277108433735	False
NM_001754.5	python_raw	adapter_corrected	NM_001754.5:raw:21	NM_001754.5:adapter:20	56:179:-	99:222:-	0.4819277108433735	False
NM_001754.5	python_raw	adapter_corrected	NM_001754.5:raw:21	NM_001754.5:adapter:21	56:179:-	56:179:-	1.0	True
NM_001754.5	python_raw	adapter_corrected	NM_001754.5:raw:22	NM_001754.5:adapter:22	2556:2676:+	2556:2676:+	1.0	True
NM_001754.5	python_raw	adapter_corrected	NM_001754.5:raw:23	NM_001754.5:adapter:23	2123:2243:-	2123:2243:-	1.0	True
NM_001754.5	python_raw	adapter_corrected	NM_001754.5:raw:24	NM_001754.5:adapter:24	4805:4922:-	4805:4922:-	1.0	True
NM_001754.5	python_raw	adapter_corrected	NM_001754.5:raw:24	NM_001754.5:adapter:32	4805:4922:-	4884:4974:-	0.22485207100591717	False
NM_001754.5	python_raw	adapter_corrected	NM_001754.5:raw:25	NM_001754.5:adapter:25	3852:3969:+	3852:3969:+	1.0	True
NM_001754.5	python_raw	adapter_corrected	NM_001754.5:raw:26	NM_001754.5:adapter:26	610:724:-	610:724:-	1.0	True
NM_001754.5	python_raw	adapter_corrected	NM_001754.5:raw:26	NM_001754.5:adapter:4	610:724:-	554:812:-	0.4418604651162791	False
NM_001754.5	python_raw	adapter_corrected	NM_001754.5:raw:27	NM_001754.5:adapter:27	3605:3716:-	3605:3716:-	1.0	True
NM_001754.5	python_raw	adapter_corrected	NM_001754.5:raw:28	NM_001754.5:adapter:19	4623:4728:+	4597:4720:+	0.7404580152671756	False
NM_001754.5	python_raw	adapter_corrected	NM_001754.5:raw:28	NM_001754.5:adapter:28	4623:4728:+	4623:4728:+	1.0	True
NM_001754.5	python_raw	adapter_corrected	NM_001754.5:raw:29	NM_001754.5:adapter:29	5861:5963:-	5861:5963:-	1.0	True
NM_001754.5	python_raw	adapter_corrected	NM_001754.5:raw:3	NM_001754.5:adapter:12	3046:3310:+	3134:3296:+	0.6136363636363636	False
NM_001754.5	python_raw	adapter_corrected	NM_001754.5:raw:3	NM_001754.5:adapter:3	3046:3310:+	3046:3310:+	1.0	True
NM_001754.5	python_raw	adapter_corrected	NM_001754.5:raw:30	NM_001754.5:adapter:30	3761:3854:-	3761:3854:-	1.0	True
NM_001754.5	python_raw	adapter_corrected	NM_001754.5:raw:31	NM_001754.5:adapter:31	4920:5013:+	4920:5013:+	1.0	True
NM_001754.5	python_raw	adapter_corrected	NM_001754.5:raw:32	NM_001754.5:adapter:24	4884:4974:-	4805:4922:-	0.22485207100591717	False
NM_001754.5	python_raw	adapter_corrected	NM_001754.5:raw:32	NM_001754.5:adapter:32	4884:4974:-	4884:4974:-	1.0	True
NM_001754.5	python_raw	adapter_corrected	NM_001754.5:raw:33	NM_001754.5:adapter:33	2699:2786:+	2699:2786:+	1.0	True
NM_001754.5	python_raw	adapter_corrected	NM_001754.5:raw:34	NM_001754.5:adapter:34	4791:4878:+	4791:4878:+	1.0	True
NM_001754.5	python_raw	adapter_corrected	NM_001754.5:raw:35	NM_001754.5:adapter:17	3992:4076:-	4066:4198:-	0.04854368932038835	False
NM_001754.5	python_raw	adapter_corrected	NM_001754.5:raw:35	NM_001754.5:adapter:35	3992:4076:-	3992:4076:-	1.0	True
NM_001754.5	python_raw	adapter_corrected	NM_001754.5:raw:35	NM_001754.5:adapter:36	3992:4076:-	3918:4002:-	0.06329113924050633	False
NM_001754.5	python_raw	adapter_corrected	NM_001754.5:raw:36	NM_001754.5:adapter:35	3918:4002:-	3992:4076:-	0.06329113924050633	False
NM_001754.5	python_raw	adapter_corrected	NM_001754.5:raw:36	NM_001754.5:adapter:36	3918:4002:-	3918:4002:-	1.0	True
NM_001754.5	python_raw	adapter_corrected	NM_001754.5:raw:37	NM_001754.5:adapter:37	2279:2363:-	2279:2363:-	1.0	True
NM_001754.5	python_raw	adapter_corrected	NM_001754.5:raw:38	NM_001754.5:adapter:38	2026:2110:-	2026:2110:-	1.0	True
NM_001754.5	python_raw	adapter_corrected	NM_001754.5:raw:39	NM_001754.5:adapter:39	4216:4297:-	4216:4297:-	1.0	True
NM_001754.5	python_raw	adapter_corrected	NM_001754.5:raw:4	NM_001754.5:adapter:26	554:812:-	610:724:-	0.4418604651162791	False
NM_001754.5	python_raw	adapter_corrected	NM_001754.5:raw:4	NM_001754.5:adapter:4	554:812:-	554:812:-	1.0	True
NM_001754.5	python_raw	adapter_corrected	NM_001754.5:raw:40	NM_001754.5:adapter:40	3607:3688:+	3607:3688:+	1.0	True
NM_001754.5	python_raw	adapter_corrected	NM_001754.5:raw:41	NM_001754.5:adapter:41	5080:5161:+	5080:5161:+	1.0	True
NM_001754.5	python_raw	adapter_corrected	NM_001754.5:raw:42	NM_001754.5:adapter:1	825:903:+	194:1637:+	0.05405405405405406	False
NM_001754.5	python_raw	adapter_corrected	NM_001754.5:raw:42	NM_001754.5:adapter:42	825:903:+	825:903:+	1.0	True
NM_001754.5	python_raw	adapter_corrected	NM_001754.5:raw:43	NM_001754.5:adapter:15	5397:5472:+	5348:5498:+	0.5	False
NM_001754.5	python_raw	adapter_corrected	NM_001754.5:raw:43	NM_001754.5:adapter:43	5397:5472:+	5397:5472:+	1.0	True
NM_001754.5	python_raw	adapter_corrected	NM_001754.5:raw:5	NM_001754.5:adapter:5	5524:5737:+	5524:5737:+	1.0	True
NM_001754.5	python_raw	adapter_corrected	NM_001754.5:raw:6	NM_001754.5:adapter:6	1045:1234:-	1045:1234:-	1.0	True
NM_001754.5	python_raw	adapter_corrected	NM_001754.5:raw:7	NM_001754.5:adapter:7	2153:2339:+	2153:2339:+	1.0	True
NM_001754.5	python_raw	adapter_corrected	NM_001754.5:raw:8	NM_001754.5:adapter:8	4356:4530:-	4356:4530:-	1.0	True
NM_001754.5	python_raw	adapter_corrected	NM_001754.5:raw:9	NM_001754.5:adapter:14	4346:4517:+	4369:4525:+	0.8268156424581006	False
NM_001754.5	python_raw	adapter_corrected	NM_001754.5:raw:9	NM_001754.5:adapter:9	4346:4517:+	4346:4517:+	1.0	True
NM_152739.4	python_raw	adapter_corrected	NM_152739.4:raw:1	NM_152739.4:adapter:1	0:905:-	0:905:-	1.0	True
NM_152739.4	python_raw	adapter_corrected	NM_152739.4:raw:1	NM_152739.4:adapter:13	0:905:-	547:652:-	0.11602209944751381	False
NM_152739.4	python_raw	adapter_corrected	NM_152739.4:raw:1	NM_152739.4:adapter:3	0:905:-	0:686:-	0.7580110497237569	False
NM_152739.4	python_raw	adapter_corrected	NM_152739.4:raw:1	NM_152739.4:adapter:5	0:905:-	0:338:-	0.3734806629834254	False
NM_152739.4	python_raw	adapter_corrected	NM_152739.4:raw:1	NM_152739.4:adapter:7	0:905:-	715:1009:-	0.18830525272547077	False
NM_152739.4	python_raw	adapter_corrected	NM_152739.4:raw:10	NM_152739.4:adapter:10	995:1121:-	995:1121:-	1.0	True
NM_152739.4	python_raw	adapter_corrected	NM_152739.4:raw:10	NM_152739.4:adapter:15	995:1121:-	1065:1158:-	0.34355828220858897	False
NM_152739.4	python_raw	adapter_corrected	NM_152739.4:raw:10	NM_152739.4:adapter:7	995:1121:-	715:1009:-	0.034482758620689655	False
NM_152739.4	python_raw	adapter_corrected	NM_152739.4:raw:11	NM_152739.4:adapter:11	1374:1494:+	1374:1494:+	1.0	True
NM_152739.4	python_raw	adapter_corrected	NM_152739.4:raw:12	NM_152739.4:adapter:12	1839:1956:+	1839:1956:+	1.0	True
NM_152739.4	python_raw	adapter_corrected	NM_152739.4:raw:13	NM_152739.4:adapter:1	547:652:-	0:905:-	0.11602209944751381	False
NM_152739.4	python_raw	adapter_corrected	NM_152739.4:raw:13	NM_152739.4:adapter:13	547:652:-	547:652:-	1.0	True
NM_152739.4	python_raw	adapter_corrected	NM_152739.4:raw:13	NM_152739.4:adapter:3	547:652:-	0:686:-	0.15306122448979592	False
NM_152739.4	python_raw	adapter_corrected	NM_152739.4:raw:14	NM_152739.4:adapter:14	1386:1485:-	1386:1485:-	1.0	True
NM_152739.4	python_raw	adapter_corrected	NM_152739.4:raw:14	NM_152739.4:adapter:8	1386:1485:-	1241:1418:-	0.13114754098360656	False
NM_152739.4	python_raw	adapter_corrected	NM_152739.4:raw:15	NM_152739.4:adapter:10	1065:1158:-	995:1121:-	0.34355828220858897	False
NM_152739.4	python_raw	adapter_corrected	NM_152739.4:raw:15	NM_152739.4:adapter:15	1065:1158:-	1065:1158:-	1.0	True
NM_152739.4	python_raw	adapter_corrected	NM_152739.4:raw:16	NM_152739.4:adapter:16	1531:1609:-	1531:1609:-	1.0	True
NM_152739.4	python_raw	adapter_corrected	NM_152739.4:raw:2	NM_152739.4:adapter:2	80:899:+	80:899:+	1.0	True
NM_152739.4	python_raw	adapter_corrected	NM_152739.4:raw:2	NM_152739.4:adapter:4	80:899:+	168:543:+	0.45787545787545786	False
NM_152739.4	python_raw	adapter_corrected	NM_152739.4:raw:2	NM_152739.4:adapter:6	80:899:+	549:858:+	0.3772893772893773	False
NM_152739.4	python_raw	adapter_corrected	NM_152739.4:raw:3	NM_152739.4:adapter:1	0:686:-	0:905:-	0.7580110497237569	False
NM_152739.4	python_raw	adapter_corrected	NM_152739.4:raw:3	NM_152739.4:adapter:13	0:686:-	547:652:-	0.15306122448979592	False
NM_152739.4	python_raw	adapter_corrected	NM_152739.4:raw:3	NM_152739.4:adapter:3	0:686:-	0:686:-	1.0	True
NM_152739.4	python_raw	adapter_corrected	NM_152739.4:raw:3	NM_152739.4:adapter:5	0:686:-	0:338:-	0.49271137026239065	False
NM_152739.4	python_raw	adapter_corrected	NM_152739.4:raw:4	NM_152739.4:adapter:2	168:543:+	80:899:+	0.45787545787545786	False
NM_152739.4	python_raw	adapter_corrected	NM_152739.4:raw:4	NM_152739.4:adapter:4	168:543:+	168:543:+	1.0	True
NM_152739.4	python_raw	adapter_corrected	NM_152739.4:raw:5	NM_152739.4:adapter:1	0:338:-	0:905:-	0.3734806629834254	False
NM_152739.4	python_raw	adapter_corrected	NM_152739.4:raw:5	NM_152739.4:adapter:3	0:338:-	0:686:-	0.49271137026239065	False
NM_152739.4	python_raw	adapter_corrected	NM_152739.4:raw:5	NM_152739.4:adapter:5	0:338:-	0:338:-	1.0	True
NM_152739.4	python_raw	adapter_corrected	NM_152739.4:raw:6	NM_152739.4:adapter:2	549:858:+	80:899:+	0.3772893772893773	False
NM_152739.4	python_raw	adapter_corrected	NM_152739.4:raw:6	NM_152739.4:adapter:6	549:858:+	549:858:+	1.0	True
NM_152739.4	python_raw	adapter_corrected	NM_152739.4:raw:7	NM_152739.4:adapter:1	715:1009:-	0:905:-	0.18830525272547077	False
NM_152739.4	python_raw	adapter_corrected	NM_152739.4:raw:7	NM_152739.4:adapter:10	715:1009:-	995:1121:-	0.034482758620689655	False
NM_152739.4	python_raw	adapter_corrected	NM_152739.4:raw:7	NM_152739.4:adapter:7	715:1009:-	715:1009:-	1.0	True
NM_152739.4	python_raw	adapter_corrected	NM_152739.4:raw:8	NM_152739.4:adapter:14	1241:1418:-	1386:1485:-	0.13114754098360656	False
NM_152739.4	python_raw	adapter_corrected	NM_152739.4:raw:8	NM_152739.4:adapter:8	1241:1418:-	1241:1418:-	1.0	True
NM_152739.4	python_raw	adapter_corrected	NM_152739.4:raw:9	NM_152739.4:adapter:9	1603:1768:+	1603:1768:+	1.0	True
NM_000546.6	python_raw	ncbi	NM_000546.6:raw:1	NM_000546.6:ncbi:ORF2_NM_000546.6	142:1324:+	142:1324:+	1.0	True
NM_000546.6	python_raw	ncbi	NM_000546.6:raw:1	NM_000546.6:ncbi:ORF4_NM_000546.6	142:1324:+	323:509:+	0.15736040609137056	False
NM_000546.6	python_raw	ncbi	NM_000546.6:raw:1	NM_000546.6:ncbi:ORF5_NM_000546.6	142:1324:+	677:881:+	0.17258883248730963	False
NM_000546.6	python_raw	ncbi	NM_000546.6:raw:10	NM_000546.6:ncbi:ORF12_NM_000546.6	459:627:-	459:627:-	1.0	True
NM_000546.6	python_raw	ncbi	NM_000546.6:raw:11	NM_000546.6:ncbi:ORF10_NM_000546.6	2280:2427:-	2280:2427:-	1.0	True
NM_000546.6	python_raw	ncbi	NM_000546.6:raw:11	NM_000546.6:ncbi:ORF6_NM_000546.6	2280:2427:-	2392:2470:-	0.18421052631578946	False
NM_000546.6	python_raw	ncbi	NM_000546.6:raw:12	NM_000546.6:ncbi:ORF13_NM_000546.6	9:144:-	9:144:-	1.0	True
NM_000546.6	python_raw	ncbi	NM_000546.6:raw:13	NM_000546.6:ncbi:ORF11_NM_000546.6	1263:1386:-	1263:1386:-	1.0	True
NM_000546.6	python_raw	ncbi	NM_000546.6:raw:13	NM_000546.6:ncbi:ORF7_NM_000546.6	1263:1386:-	1315:1534:-	0.26199261992619927	False
NM_000546.6	python_raw	ncbi	NM_000546.6:raw:13	NM_000546.6:ncbi:ORF8_NM_000546.6	1263:1386:-	931:1282:-	0.041758241758241756	False
NM_000546.6	python_raw	ncbi	NM_000546.6:raw:14	NM_000546.6:ncbi:ORF9_NM_000546.6	688:784:-	688:784:-	1.0	True
NM_000546.6	python_raw	ncbi	NM_000546.6:raw:15	NM_000546.6:ncbi:ORF10_NM_000546.6	2392:2470:-	2280:2427:-	0.18421052631578946	False
NM_000546.6	python_raw	ncbi	NM_000546.6:raw:15	NM_000546.6:ncbi:ORF6_NM_000546.6	2392:2470:-	2392:2470:-	1.0	True
NM_000546.6	python_raw	ncbi	NM_000546.6:raw:16	NM_000546.6:ncbi:ORF2_NM_000546.6	1175:1250:+	142:1324:+	0.06345177664974619	False
NM_000546.6	python_raw	ncbi	NM_000546.6:raw:2	NM_000546.6:ncbi:ORF1_NM_000546.6	2022:2499:+	2022:2499:+	1.0	True
NM_000546.6	python_raw	ncbi	NM_000546.6:raw:2	NM_000546.6:ncbi:ORF3_NM_000546.6	2022:2499:+	2053:2512:+	0.9102040816326531	False
NM_000546.6	python_raw	ncbi	NM_000546.6:raw:3	NM_000546.6:ncbi:ORF1_NM_000546.6	2053:2512:+	2022:2499:+	0.9102040816326531	False
NM_000546.6	python_raw	ncbi	NM_000546.6:raw:3	NM_000546.6:ncbi:ORF3_NM_000546.6	2053:2512:+	2053:2512:+	1.0	True
NM_000546.6	python_raw	ncbi	NM_000546.6:raw:4	NM_000546.6:ncbi:ORF11_NM_000546.6	931:1282:-	1263:1386:-	0.041758241758241756	False
NM_000546.6	python_raw	ncbi	NM_000546.6:raw:4	NM_000546.6:ncbi:ORF8_NM_000546.6	931:1282:-	931:1282:-	1.0	True
NM_000546.6	python_raw	ncbi	NM_000546.6:raw:5	NM_000546.6:ncbi:ORF1_NM_000546.6	2272:2512:+	2022:2499:+	0.463265306122449	False
NM_000546.6	python_raw	ncbi	NM_000546.6:raw:5	NM_000546.6:ncbi:ORF3_NM_000546.6	2272:2512:+	2053:2512:+	0.5228758169934641	False
NM_000546.6	python_raw	ncbi	NM_000546.6:raw:6	NM_000546.6:ncbi:ORF11_NM_000546.6	1315:1534:-	1263:1386:-	0.26199261992619927	False
NM_000546.6	python_raw	ncbi	NM_000546.6:raw:6	NM_000546.6:ncbi:ORF7_NM_000546.6	1315:1534:-	1315:1534:-	1.0	True
NM_000546.6	python_raw	ncbi	NM_000546.6:raw:7	NM_000546.6:ncbi:ORF2_NM_000546.6	677:881:+	142:1324:+	0.17258883248730963	False
NM_000546.6	python_raw	ncbi	NM_000546.6:raw:7	NM_000546.6:ncbi:ORF5_NM_000546.6	677:881:+	677:881:+	1.0	True
NM_000546.6	python_raw	ncbi	NM_000546.6:raw:8	NM_000546.6:ncbi:ORF14_NM_000546.6	2063:2261:-	2063:2261:-	1.0	True
NM_000546.6	python_raw	ncbi	NM_000546.6:raw:9	NM_000546.6:ncbi:ORF2_NM_000546.6	323:509:+	142:1324:+	0.15736040609137056	False
NM_000546.6	python_raw	ncbi	NM_000546.6:raw:9	NM_000546.6:ncbi:ORF4_NM_000546.6	323:509:+	323:509:+	1.0	True
NM_002467.6	python_raw	ncbi	NM_002467.6:raw:1	NM_002467.6:ncbi:ORF10_NM_002467.6	408:1728:+	1430:1544:+	0.08636363636363636	False
NM_002467.6	python_raw	ncbi	NM_002467.6:raw:1	NM_002467.6:ncbi:ORF1_NM_002467.6	408:1728:+	408:1728:+	1.0	True
NM_002467.6	python_raw	ncbi	NM_002467.6:raw:1	NM_002467.6:ncbi:ORF4_NM_002467.6	408:1728:+	442:715:+	0.20681818181818182	False
NM_002467.6	python_raw	ncbi	NM_002467.6:raw:1	NM_002467.6:ncbi:ORF5_NM_002467.6	408:1728:+	1129:1408:+	0.21136363636363636	False
NM_002467.6	python_raw	ncbi	NM_002467.6:raw:10	NM_002467.6:ncbi:ORF17_NM_002467.6	2129:2267:-	2129:2267:-	1.0	True
NM_002467.6	python_raw	ncbi	NM_002467.6:raw:11	NM_002467.6:ncbi:ORF7_NM_002467.6	3199:3328:+	3199:3328:+	1.0	True
NM_002467.6	python_raw	ncbi	NM_002467.6:raw:12	NM_002467.6:ncbi:ORF10_NM_002467.6	1430:1544:+	1430:1544:+	1.0	True
NM_002467.6	python_raw	ncbi	NM_002467.6:raw:12	NM_002467.6:ncbi:ORF1_NM_002467.6	1430:1544:+	408:1728:+	0.08636363636363636	False
NM_002467.6	python_raw	ncbi	NM_002467.6:raw:13	NM_002467.6:ncbi:ORF16_NM_002467.6	860:974:-	963:1131:-	0.04059040590405904	False
NM_002467.6	python_raw	ncbi	NM_002467.6:raw:13	NM_002467.6:ncbi:ORF19_NM_002467.6	860:974:-	860:974:-	1.0	True
NM_002467.6	python_raw	ncbi	NM_002467.6:raw:14	NM_002467.6:ncbi:ORF3_NM_002467.6	2605:2716:+	2664:2775:+	0.3058823529411765	False
NM_002467.6	python_raw	ncbi	NM_002467.6:raw:14	NM_002467.6:ncbi:ORF6_NM_002467.6	2605:2716:+	2605:2716:+	1.0	True
NM_002467.6	python_raw	ncbi	NM_002467.6:raw:15	NM_002467.6:ncbi:ORF3_NM_002467.6	2664:2775:+	2664:2775:+	1.0	True
NM_002467.6	python_raw	ncbi	NM_002467.6:raw:15	NM_002467.6:ncbi:ORF6_NM_002467.6	2664:2775:+	2605:2716:+	0.3058823529411765	False
NM_002467.6	python_raw	ncbi	NM_002467.6:raw:16	NM_002467.6:ncbi:ORF14_NM_002467.6	3336:3432:-	3336:3432:-	1.0	True
NM_002467.6	python_raw	ncbi	NM_002467.6:raw:17	NM_002467.6:ncbi:ORF15_NM_002467.6	2718:2811:-	2718:2811:-	1.0	True
NM_002467.6	python_raw	ncbi	NM_002467.6:raw:18	NM_002467.6:ncbi:ORF2_NM_002467.6	2211:2295:+	2211:2295:+	1.0	True
NM_002467.6	python_raw	ncbi	NM_002467.6:raw:19	NM_002467.6:ncbi:ORF9_NM_002467.6	3595:3679:+	3595:3679:+	1.0	True
NM_002467.6	python_raw	ncbi	NM_002467.6:raw:2	NM_002467.6:ncbi:ORF18_NM_002467.6	1361:1649:-	1361:1649:-	1.0	True
NM_002467.6	python_raw	ncbi	NM_002467.6:raw:20	NM_002467.6:ncbi:ORF8_NM_002467.6	3421:3502:+	3421:3502:+	1.0	True
NM_002467.6	python_raw	ncbi	NM_002467.6:raw:3	NM_002467.6:ncbi:ORF1_NM_002467.6	1129:1408:+	408:1728:+	0.21136363636363636	False
NM_002467.6	python_raw	ncbi	NM_002467.6:raw:3	NM_002467.6:ncbi:ORF5_NM_002467.6	1129:1408:+	1129:1408:+	1.0	True
NM_002467.6	python_raw	ncbi	NM_002467.6:raw:4	NM_002467.6:ncbi:ORF1_NM_002467.6	442:715:+	408:1728:+	0.20681818181818182	False
NM_002467.6	python_raw	ncbi	NM_002467.6:raw:4	NM_002467.6:ncbi:ORF4_NM_002467.6	442:715:+	442:715:+	1.0	True
NM_002467.6	python_raw	ncbi	NM_002467.6:raw:5	NM_002467.6:ncbi:ORF20_NM_002467.6	626:797:-	626:797:-	1.0	True
NM_002467.6	python_raw	ncbi	NM_002467.6:raw:6	NM_002467.6:ncbi:ORF16_NM_002467.6	963:1131:-	963:1131:-	1.0	True
NM_002467.6	python_raw	ncbi	NM_002467.6:raw:6	NM_002467.6:ncbi:ORF19_NM_002467.6	963:1131:-	860:974:-	0.04059040590405904	False
NM_002467.6	python_raw	ncbi	NM_002467.6:raw:7	NM_002467.6:ncbi:ORF13_NM_002467.6	52:208:-	52:208:-	1.0	True
NM_002467.6	python_raw	ncbi	NM_002467.6:raw:8	NM_002467.6:ncbi:ORF11_NM_002467.6	3067:3220:-	3067:3220:-	1.0	True
NM_002467.6	python_raw	ncbi	NM_002467.6:raw:9	NM_002467.6:ncbi:ORF12_NM_002467.6	2905:3058:-	2905:3058:-	1.0	True
NM_003106.4	python_raw	ncbi	NM_003106.4:raw:1	NM_003106.4:ncbi:ORF2_NM_003106.4	436:1390:+	436:1390:+	1.0	True
NM_003106.4	python_raw	ncbi	NM_003106.4:raw:1	NM_003106.4:ncbi:ORF4_NM_003106.4	436:1390:+	572:743:+	0.1792452830188679	False
NM_003106.4	python_raw	ncbi	NM_003106.4:raw:10	NM_003106.4:ncbi:ORF7_NM_003106.4	1813:1906:-	1813:1906:-	1.0	True
NM_003106.4	python_raw	ncbi	NM_003106.4:raw:11	NM_003106.4:ncbi:ORF1_NM_003106.4	1543:1621:+	1443:1746:+	0.25742574257425743	False
NM_003106.4	python_raw	ncbi	NM_003106.4:raw:11	NM_003106.4:ncbi:ORF3_NM_003106.4	1543:1621:+	1543:1621:+	1.0	True
NM_003106.4	python_raw	ncbi	NM_003106.4:raw:2	NM_003106.4:ncbi:ORF11_NM_003106.4	42:741:-	42:741:-	1.0	True
NM_003106.4	python_raw	ncbi	NM_003106.4:raw:3	NM_003106.4:ncbi:ORF1_NM_003106.4	1443:1746:+	1443:1746:+	1.0	True
NM_003106.4	python_raw	ncbi	NM_003106.4:raw:3	NM_003106.4:ncbi:ORF3_NM_003106.4	1443:1746:+	1543:1621:+	0.25742574257425743	False
NM_003106.4	python_raw	ncbi	NM_003106.4:raw:4	NM_003106.4:ncbi:ORF2_NM_003106.4	572:743:+	436:1390:+	0.1792452830188679	False
NM_003106.4	python_raw	ncbi	NM_003106.4:raw:4	NM_003106.4:ncbi:ORF4_NM_003106.4	572:743:+	572:743:+	1.0	True
NM_003106.4	python_raw	ncbi	NM_003106.4:raw:5	NM_003106.4:ncbi:ORF8_NM_003106.4	1378:1531:-	1378:1531:-	1.0	True
NM_003106.4	python_raw	ncbi	NM_003106.4:raw:6	NM_003106.4:ncbi:ORF9_NM_003106.4	1113:1263:-	1113:1263:-	1.0	True
NM_003106.4	python_raw	ncbi	NM_003106.4:raw:7	NM_003106.4:ncbi:ORF10_NM_003106.4	756:906:-	756:906:-	1.0	True
NM_003106.4	python_raw	ncbi	NM_003106.4:raw:8	NM_003106.4:ncbi:ORF5_NM_003106.4	1886:1985:+	1886:1985:+	1.0	True
NM_003106.4	python_raw	ncbi	NM_003106.4:raw:9	NM_003106.4:ncbi:ORF6_NM_003106.4	2131:2227:-	2131:2227:-	1.0	True
NM_000280.5	python_raw	ncbi	NM_000280.5:raw:1	NM_000280.5:ncbi:ORF1_NM_000280.5	323:1592:+	846:942:+	0.07565011820330969	False
NM_000280.5	python_raw	ncbi	NM_000280.5:raw:1	NM_000280.5:ncbi:ORF5_NM_000280.5	323:1592:+	223:487:+	0.1197954711468225	False
NM_000280.5	python_raw	ncbi	NM_000280.5:raw:1	NM_000280.5:ncbi:ORF6_NM_000280.5	323:1592:+	323:1592:+	1.0	True
NM_000280.5	python_raw	ncbi	NM_000280.5:raw:10	NM_000280.5:ncbi:ORF12_NM_000280.5	911:1022:-	891:969:-	0.44274809160305345	False
NM_000280.5	python_raw	ncbi	NM_000280.5:raw:10	NM_000280.5:ncbi:ORF15_NM_000280.5	911:1022:-	911:1022:-	1.0	True
NM_000280.5	python_raw	ncbi	NM_000280.5:raw:11	NM_000280.5:ncbi:ORF14_NM_000280.5	1067:1175:-	1067:1175:-	1.0	True
NM_000280.5	python_raw	ncbi	NM_000280.5:raw:12	NM_000280.5:ncbi:ORF3_NM_000280.5	2046:2154:+	2046:2154:+	1.0	True
NM_000280.5	python_raw	ncbi	NM_000280.5:raw:13	NM_000280.5:ncbi:ORF16_NM_000280.5	92:191:-	92:191:-	1.0	True
NM_000280.5	python_raw	ncbi	NM_000280.5:raw:14	NM_000280.5:ncbi:ORF1_NM_000280.5	846:942:+	846:942:+	1.0	True
NM_000280.5	python_raw	ncbi	NM_000280.5:raw:14	NM_000280.5:ncbi:ORF6_NM_000280.5	846:942:+	323:1592:+	0.07565011820330969	False
NM_000280.5	python_raw	ncbi	NM_000280.5:raw:15	NM_000280.5:ncbi:ORF9_NM_000280.5	1297:1393:-	1297:1393:-	1.0	True
NM_000280.5	python_raw	ncbi	NM_000280.5:raw:16	NM_000280.5:ncbi:ORF10_NM_000280.5	891:969:-	502:892:-	0.0021413276231263384	False
NM_000280.5	python_raw	ncbi	NM_000280.5:raw:16	NM_000280.5:ncbi:ORF12_NM_000280.5	891:969:-	891:969:-	1.0	True
NM_000280.5	python_raw	ncbi	NM_000280.5:raw:16	NM_000280.5:ncbi:ORF15_NM_000280.5	891:969:-	911:1022:-	0.44274809160305345	False
NM_000280.5	python_raw	ncbi	NM_000280.5:raw:2	NM_000280.5:ncbi:ORF10_NM_000280.5	502:892:-	502:892:-	1.0	True
NM_000280.5	python_raw	ncbi	NM_000280.5:raw:2	NM_000280.5:ncbi:ORF12_NM_000280.5	502:892:-	891:969:-	0.0021413276231263384	False
NM_000280.5	python_raw	ncbi	NM_000280.5:raw:2	NM_000280.5:ncbi:ORF13_NM_000280.5	502:892:-	519:687:-	0.4307692307692308	False
NM_000280.5	python_raw	ncbi	NM_000280.5:raw:3	NM_000280.5:ncbi:ORF5_NM_000280.5	223:487:+	223:487:+	1.0	True
NM_000280.5	python_raw	ncbi	NM_000280.5:raw:3	NM_000280.5:ncbi:ORF6_NM_000280.5	223:487:+	323:1592:+	0.1197954711468225	False
NM_000280.5	python_raw	ncbi	NM_000280.5:raw:4	NM_000280.5:ncbi:ORF2_NM_000280.5	1688:1913:+	1749:1896:+	0.6533333333333333	False
NM_000280.5	python_raw	ncbi	NM_000280.5:raw:4	NM_000280.5:ncbi:ORF7_NM_000280.5	1688:1913:+	1688:1913:+	1.0	True
NM_000280.5	python_raw	ncbi	NM_000280.5:raw:5	NM_000280.5:ncbi:ORF10_NM_000280.5	519:687:-	502:892:-	0.4307692307692308	False
NM_000280.5	python_raw	ncbi	NM_000280.5:raw:5	NM_000280.5:ncbi:ORF13_NM_000280.5	519:687:-	519:687:-	1.0	True
NM_000280.5	python_raw	ncbi	NM_000280.5:raw:6	NM_000280.5:ncbi:ORF4_NM_000280.5	2252:2411:+	2343:2457:+	0.33170731707317075	False
NM_000280.5	python_raw	ncbi	NM_000280.5:raw:6	NM_000280.5:ncbi:ORF8_NM_000280.5	2252:2411:+	2252:2411:+	1.0	True
NM_000280.5	python_raw	ncbi	NM_000280.5:raw:7	NM_000280.5:ncbi:ORF11_NM_000280.5	1923:2076:-	1923:2076:-	1.0	True
NM_000280.5	python_raw	ncbi	NM_000280.5:raw:8	NM_000280.5:ncbi:ORF2_NM_000280.5	1749:1896:+	1749:1896:+	1.0	True
NM_000280.5	python_raw	ncbi	NM_000280.5:raw:8	NM_000280.5:ncbi:ORF7_NM_000280.5	1749:1896:+	1688:1913:+	0.6533333333333333	False
NM_000280.5	python_raw	ncbi	NM_000280.5:raw:9	NM_000280.5:ncbi:ORF4_NM_000280.5	2343:2457:+	2343:2457:+	1.0	True
NM_000280.5	python_raw	ncbi	NM_000280.5:raw:9	NM_000280.5:ncbi:ORF8_NM_000280.5	2343:2457:+	2252:2411:+	0.33170731707317075	False
NM_000125.4	python_raw	ncbi	NM_000125.4:raw:1	NM_000125.4:ncbi:ORF15_NM_000125.4	231:2019:+	962:1049:+	0.04865771812080537	False
NM_000125.4	python_raw	ncbi	NM_000125.4:raw:1	NM_000125.4:ncbi:ORF16_NM_000125.4	231:2019:+	1370:1451:+	0.04530201342281879	False
NM_000125.4	python_raw	ncbi	NM_000125.4:raw:1	NM_000125.4:ncbi:ORF17_NM_000125.4	231:2019:+	1478:1595:+	0.06543624161073826	False
NM_000125.4	python_raw	ncbi	NM_000125.4:raw:1	NM_000125.4:ncbi:ORF1_NM_000125.4	231:2019:+	231:2019:+	1.0	True
NM_000125.4	python_raw	ncbi	NM_000125.4:raw:1	NM_000125.4:ncbi:ORF7_NM_000125.4	231:2019:+	736:982:+	0.13758389261744966	False
NM_000125.4	python_raw	ncbi	NM_000125.4:raw:1	NM_000125.4:ncbi:ORF8_NM_000125.4	231:2019:+	1840:2050:+	0.09840571742715779	False
NM_000125.4	python_raw	ncbi	NM_000125.4:raw:10	NM_000125.4:ncbi:ORF12_NM_000125.4	4817:5000:+	4861:4954:+	0.5081967213114754	False
NM_000125.4	python_raw	ncbi	NM_000125.4:raw:10	NM_000125.4:ncbi:ORF19_NM_000125.4	4817:5000:+	4817:5000:+	1.0	True
NM_000125.4	python_raw	ncbi	NM_000125.4:raw:11	NM_000125.4:ncbi:ORF26_NM_000125.4	1981:2161:-	1953:2157:-	0.8461538461538461	False
NM_000125.4	python_raw	ncbi	NM_000125.4:raw:11	NM_000125.4:ncbi:ORF37_NM_000125.4	1981:2161:-	1981:2161:-	1.0	True
NM_000125.4	python_raw	ncbi	NM_000125.4:raw:12	NM_000125.4:ncbi:ORF25_NM_000125.4	3069:3243:-	3069:3243:-	1.0	True
NM_000125.4	python_raw	ncbi	NM_000125.4:raw:13	NM_000125.4:ncbi:ORF11_NM_000125.4	4174:4345:+	4174:4345:+	1.0	True
NM_000125.4	python_raw	ncbi	NM_000125.4:raw:14	NM_000125.4:ncbi:ORF23_NM_000125.4	4779:4938:-	4779:4938:-	1.0	True
NM_000125.4	python_raw	ncbi	NM_000125.4:raw:15	NM_000125.4:ncbi:ORF33_NM_000125.4	965:1121:-	965:1121:-	1.0	True
NM_000125.4	python_raw	ncbi	NM_000125.4:raw:16	NM_000125.4:ncbi:ORF22_NM_000125.4	5778:5931:-	5778:5931:-	1.0	True
NM_000125.4	python_raw	ncbi	NM_000125.4:raw:16	NM_000125.4:ncbi:ORF35_NM_000125.4	5778:5931:-	5890:5974:-	0.20918367346938777	False
NM_000125.4	python_raw	ncbi	NM_000125.4:raw:17	NM_000125.4:ncbi:ORF30_NM_000125.4	4544:4697:-	4544:4697:-	1.0	True
NM_000125.4	python_raw	ncbi	NM_000125.4:raw:18	NM_000125.4:ncbi:ORF24_NM_000125.4	3621:3774:-	3621:3774:-	1.0	True
NM_000125.4	python_raw	ncbi	NM_000125.4:raw:19	NM_000125.4:ncbi:ORF38_NM_000125.4	529:676:-	529:676:-	1.0	True
NM_000125.4	python_raw	ncbi	NM_000125.4:raw:2	NM_000125.4:ncbi:ORF27_NM_000125.4	1352:1814:-	1524:1803:-	0.6038961038961039	False
NM_000125.4	python_raw	ncbi	NM_000125.4:raw:2	NM_000125.4:ncbi:ORF32_NM_000125.4	1352:1814:-	1352:1814:-	1.0	True
NM_000125.4	python_raw	ncbi	NM_000125.4:raw:20	NM_000125.4:ncbi:ORF3_NM_000125.4	2409:2553:+	2409:2553:+	1.0	True
NM_000125.4	python_raw	ncbi	NM_000125.4:raw:21	NM_000125.4:ncbi:ORF36_NM_000125.4	3409:3553:-	3409:3553:-	1.0	True
NM_000125.4	python_raw	ncbi	NM_000125.4:raw:22	NM_000125.4:ncbi:ORF4_NM_000125.4	3030:3168:+	3030:3168:+	1.0	True
NM_000125.4	python_raw	ncbi	NM_000125.4:raw:23	NM_000125.4:ncbi:ORF20_NM_000125.4	5873:6011:+	5873:6011:+	1.0	True
NM_000125.4	python_raw	ncbi	NM_000125.4:raw:24	NM_000125.4:ncbi:ORF29_NM_000125.4	5456:5585:-	5456:5585:-	1.0	True
NM_000125.4	python_raw	ncbi	NM_000125.4:raw:25	NM_000125.4:ncbi:ORF34_NM_000125.4	133:259:-	2:239:-	0.41245136186770426	False
NM_000125.4	python_raw	ncbi	NM_000125.4:raw:25	NM_000125.4:ncbi:ORF39_NM_000125.4	133:259:-	133:259:-	1.0	True
NM_000125.4	python_raw	ncbi	NM_000125.4:raw:26	NM_000125.4:ncbi:ORF14_NM_000125.4	6056:6176:+	6022:6136:+	0.5194805194805194	False
NM_000125.4	python_raw	ncbi	NM_000125.4:raw:26	NM_000125.4:ncbi:ORF21_NM_000125.4	6056:6176:+	6056:6176:+	1.0	True
NM_000125.4	python_raw	ncbi	NM_000125.4:raw:27	NM_000125.4:ncbi:ORF34_NM_000125.4	0:119:-	2:239:-	0.4895397489539749	False
NM_000125.4	python_raw	ncbi	NM_000125.4:raw:28	NM_000125.4:ncbi:ORF17_NM_000125.4	1478:1595:+	1478:1595:+	1.0	True
NM_000125.4	python_raw	ncbi	NM_000125.4:raw:28	NM_000125.4:ncbi:ORF1_NM_000125.4	1478:1595:+	231:2019:+	0.06543624161073826	False
NM_000125.4	python_raw	ncbi	NM_000125.4:raw:29	NM_000125.4:ncbi:ORF14_NM_000125.4	6022:6136:+	6022:6136:+	1.0	True
NM_000125.4	python_raw	ncbi	NM_000125.4:raw:29	NM_000125.4:ncbi:ORF21_NM_000125.4	6022:6136:+	6056:6176:+	0.5194805194805194	False
NM_000125.4	python_raw	ncbi	NM_000125.4:raw:3	NM_000125.4:ncbi:ORF27_NM_000125.4	1524:1803:-	1524:1803:-	1.0	True
NM_000125.4	python_raw	ncbi	NM_000125.4:raw:3	NM_000125.4:ncbi:ORF32_NM_000125.4	1524:1803:-	1352:1814:-	0.6038961038961039	False
NM_000125.4	python_raw	ncbi	NM_000125.4:raw:30	NM_000125.4:ncbi:ORF9_NM_000125.4	2755:2860:+	2755:2860:+	1.0	True
NM_000125.4	python_raw	ncbi	NM_000125.4:raw:31	NM_000125.4:ncbi:ORF13_NM_000125.4	5068:5173:+	5068:5173:+	1.0	True
NM_000125.4	python_raw	ncbi	NM_000125.4:raw:32	NM_000125.4:ncbi:ORF12_NM_000125.4	4861:4954:+	4861:4954:+	1.0	True
NM_000125.4	python_raw	ncbi	NM_000125.4:raw:32	NM_000125.4:ncbi:ORF19_NM_000125.4	4861:4954:+	4817:5000:+	0.5081967213114754	False
NM_000125.4	python_raw	ncbi	NM_000125.4:raw:33	NM_000125.4:ncbi:ORF6_NM_000125.4	5310:5403:+	5310:5403:+	1.0	True
NM_000125.4	python_raw	ncbi	NM_000125.4:raw:34	NM_000125.4:ncbi:ORF15_NM_000125.4	962:1049:+	962:1049:+	1.0	True
NM_000125.4	python_raw	ncbi	NM_000125.4:raw:34	NM_000125.4:ncbi:ORF1_NM_000125.4	962:1049:+	231:2019:+	0.04865771812080537	False
NM_000125.4	python_raw	ncbi	NM_000125.4:raw:34	NM_000125.4:ncbi:ORF7_NM_000125.4	962:1049:+	736:982:+	0.06389776357827476	False
NM_000125.4	python_raw	ncbi	NM_000125.4:raw:35	NM_000125.4:ncbi:ORF2_NM_000125.4	2145:2232:+	2145:2232:+	1.0	True
NM_000125.4	python_raw	ncbi	NM_000125.4:raw:36	NM_000125.4:ncbi:ORF28_NM_000125.4	1263:1350:-	1263:1350:-	1.0	True
NM_000125.4	python_raw	ncbi	NM_000125.4:raw:37	NM_000125.4:ncbi:ORF22_NM_000125.4	5890:5974:-	5778:5931:-	0.20918367346938777	False
NM_000125.4	python_raw	ncbi	NM_000125.4:raw:37	NM_000125.4:ncbi:ORF35_NM_000125.4	5890:5974:-	5890:5974:-	1.0	True
NM_000125.4	python_raw	ncbi	NM_000125.4:raw:38	NM_000125.4:ncbi:ORF31_NM_000125.4	2933:3017:-	2933:3017:-	1.0	True
NM_000125.4	python_raw	ncbi	NM_000125.4:raw:39	NM_000125.4:ncbi:ORF5_NM_000125.4	4389:4473:+	4389:4473:+	1.0	True
NM_000125.4	python_raw	ncbi	NM_000125.4:raw:4	NM_000125.4:ncbi:ORF15_NM_000125.4	736:982:+	962:1049:+	0.06389776357827476	False
NM_000125.4	python_raw	ncbi	NM_000125.4:raw:4	NM_000125.4:ncbi:ORF1_NM_000125.4	736:982:+	231:2019:+	0.13758389261744966	False
NM_000125.4	python_raw	ncbi	NM_000125.4:raw:4	NM_000125.4:ncbi:ORF7_NM_000125.4	736:982:+	736:982:+	1.0	True
NM_000125.4	python_raw	ncbi	NM_000125.4:raw:40	NM_000125.4:ncbi:ORF16_NM_000125.4	1370:1451:+	1370:1451:+	1.0	True
NM_000125.4	python_raw	ncbi	NM_000125.4:raw:40	NM_000125.4:ncbi:ORF1_NM_000125.4	1370:1451:+	231:2019:+	0.04530201342281879	False
NM_000125.4	python_raw	ncbi	NM_000125.4:raw:41	NM_000125.4:ncbi:ORF10_NM_000125.4	3634:3712:+	3634:3712:+	1.0	True
NM_000125.4	python_raw	ncbi	NM_000125.4:raw:41	NM_000125.4:ncbi:ORF18_NM_000125.4	3634:3712:+	3692:3932:+	0.06711409395973154	False
NM_000125.4	python_raw	ncbi	NM_000125.4:raw:42	NM_000125.4:ncbi:ORF2_NM_000125.4	2074:2149:+	2145:2232:+	0.02531645569620253	False
NM_000125.4	python_raw	ncbi	NM_000125.4:raw:5	NM_000125.4:ncbi:ORF10_NM_000125.4	3692:3932:+	3634:3712:+	0.06711409395973154	False
NM_000125.4	python_raw	ncbi	NM_000125.4:raw:5	NM_000125.4:ncbi:ORF18_NM_000125.4	3692:3932:+	3692:3932:+	1.0	True
NM_000125.4	python_raw	ncbi	NM_000125.4:raw:6	NM_000125.4:ncbi:ORF34_NM_000125.4	0:239:-	2:239:-	0.9916317991631799	False
NM_000125.4	python_raw	ncbi	NM_000125.4:raw:6	NM_000125.4:ncbi:ORF39_NM_000125.4	0:239:-	133:259:-	0.4092664092664093	False
NM_000125.4	python_raw	ncbi	NM_000125.4:raw:7	NM_000125.4:ncbi:ORF34_NM_000125.4	0:233:-	2:239:-	0.9665271966527197	False
NM_000125.4	python_raw	ncbi	NM_000125.4:raw:7	NM_000125.4:ncbi:ORF39_NM_000125.4	0:233:-	133:259:-	0.3861003861003861	False
NM_000125.4	python_raw	ncbi	NM_000125.4:raw:8	NM_000125.4:ncbi:ORF1_NM_000125.4	1840:2050:+	231:2019:+	0.09840571742715779	False
NM_000125.4	python_raw	ncbi	NM_000125.4:raw:8	NM_000125.4:ncbi:ORF8_NM_000125.4	1840:2050:+	1840:2050:+	1.0	True
NM_000125.4	python_raw	ncbi	NM_000125.4:raw:9	NM_000125.4:ncbi:ORF26_NM_000125.4	1953:2157:-	1953:2157:-	1.0	True
NM_000125.4	python_raw	ncbi	NM_000125.4:raw:9	NM_000125.4:ncbi:ORF37_NM_000125.4	1953:2157:-	1981:2161:-	0.8461538461538461	False
NM_004496.4	python_raw	ncbi	NM_004496.4:raw:1	NM_004496.4:ncbi:ORF1_NM_004496.4	141:1560:+	141:1560:+	1.0	True
NM_004496.4	python_raw	ncbi	NM_004496.4:raw:1	NM_004496.4:ncbi:ORF5_NM_004496.4	141:1560:+	814:1102:+	0.2029598308668076	False
NM_004496.4	python_raw	ncbi	NM_004496.4:raw:10	NM_004496.4:ncbi:ORF8_NM_004496.4	2293:2467:+	2293:2467:+	1.0	True
NM_004496.4	python_raw	ncbi	NM_004496.4:raw:11	NM_004496.4:ncbi:ORF14_NM_004496.4	341:512:-	357:1071:-	0.21232876712328766	False
NM_004496.4	python_raw	ncbi	NM_004496.4:raw:11	NM_004496.4:ncbi:ORF16_NM_004496.4	341:512:-	341:512:-	1.0	True
NM_004496.4	python_raw	ncbi	NM_004496.4:raw:12	NM_004496.4:ncbi:ORF3_NM_004496.4	2478:2601:+	2478:2601:+	1.0	True
NM_004496.4	python_raw	ncbi	NM_004496.4:raw:13	NM_004496.4:ncbi:ORF7_NM_004496.4	2185:2284:+	2185:2284:+	1.0	True
NM_004496.4	python_raw	ncbi	NM_004496.4:raw:14	NM_004496.4:ncbi:ORF2_NM_004496.4	1929:2019:+	1929:2019:+	1.0	True
NM_004496.4	python_raw	ncbi	NM_004496.4:raw:14	NM_004496.4:ncbi:ORF9_NM_004496.4	1929:2019:+	1829:2069:+	0.375	False
NM_004496.4	python_raw	ncbi	NM_004496.4:raw:15	NM_004496.4:ncbi:ORF11_NM_004496.4	1807:1888:-	1807:1888:-	1.0	True
NM_004496.4	python_raw	ncbi	NM_004496.4:raw:16	NM_004496.4:ncbi:ORF4_NM_004496.4	3291:3373:+	3291:3372:+	0.9878048780487805	False
NM_004496.4	python_raw	ncbi	NM_004496.4:raw:17	NM_004496.4:ncbi:ORF1_NM_004496.4	169:244:+	141:1560:+	0.052854122621564484	False
NM_004496.4	python_raw	ncbi	NM_004496.4:raw:2	NM_004496.4:ncbi:ORF14_NM_004496.4	357:1071:-	357:1071:-	1.0	True
NM_004496.4	python_raw	ncbi	NM_004496.4:raw:2	NM_004496.4:ncbi:ORF15_NM_004496.4	357:1071:-	914:1220:-	0.18192352259559674	False
NM_004496.4	python_raw	ncbi	NM_004496.4:raw:2	NM_004496.4:ncbi:ORF16_NM_004496.4	357:1071:-	341:512:-	0.21232876712328766	False
NM_004496.4	python_raw	ncbi	NM_004496.4:raw:3	NM_004496.4:ncbi:ORF13_NM_004496.4	914:1220:-	1203:1380:-	0.03648068669527897	False
NM_004496.4	python_raw	ncbi	NM_004496.4:raw:3	NM_004496.4:ncbi:ORF14_NM_004496.4	914:1220:-	357:1071:-	0.18192352259559674	False
NM_004496.4	python_raw	ncbi	NM_004496.4:raw:3	NM_004496.4:ncbi:ORF15_NM_004496.4	914:1220:-	914:1220:-	1.0	True
NM_004496.4	python_raw	ncbi	NM_004496.4:raw:4	NM_004496.4:ncbi:ORF1_NM_004496.4	814:1102:+	141:1560:+	0.2029598308668076	False
NM_004496.4	python_raw	ncbi	NM_004496.4:raw:4	NM_004496.4:ncbi:ORF5_NM_004496.4	814:1102:+	814:1102:+	1.0	True
NM_004496.4	python_raw	ncbi	NM_004496.4:raw:5	NM_004496.4:ncbi:ORF2_NM_004496.4	1829:2069:+	1929:2019:+	0.375	False
NM_004496.4	python_raw	ncbi	NM_004496.4:raw:5	NM_004496.4:ncbi:ORF6_NM_004496.4	1829:2069:+	1696:1912:+	0.2225201072386059	False
NM_004496.4	python_raw	ncbi	NM_004496.4:raw:5	NM_004496.4:ncbi:ORF9_NM_004496.4	1829:2069:+	1829:2069:+	1.0	True
NM_004496.4	python_raw	ncbi	NM_004496.4:raw:6	NM_004496.4:ncbi:ORF12_NM_004496.4	1432:1660:-	1432:1660:-	1.0	True
NM_004496.4	python_raw	ncbi	NM_004496.4:raw:7	NM_004496.4:ncbi:ORF6_NM_004496.4	1696:1912:+	1696:1912:+	1.0	True
NM_004496.4	python_raw	ncbi	NM_004496.4:raw:7	NM_004496.4:ncbi:ORF9_NM_004496.4	1696:1912:+	1829:2069:+	0.2225201072386059	False
NM_004496.4	python_raw	ncbi	NM_004496.4:raw:8	NM_004496.4:ncbi:ORF10_NM_004496.4	2125:2302:-	2125:2302:-	1.0	True
NM_004496.4	python_raw	ncbi	NM_004496.4:raw:9	NM_004496.4:ncbi:ORF13_NM_004496.4	1203:1380:-	1203:1380:-	1.0	True
NM_004496.4	python_raw	ncbi	NM_004496.4:raw:9	NM_004496.4:ncbi:ORF15_NM_004496.4	1203:1380:-	914:1220:-	0.03648068669527897	False
NM_002049.4	python_raw	ncbi	NM_002049.4:raw:1	NM_002049.4:ncbi:ORF1_NM_002049.4	75:1317:+	75:1317:+	1.0	True
NM_002049.4	python_raw	ncbi	NM_002049.4:raw:1	NM_002049.4:ncbi:ORF2_NM_002049.4	75:1317:+	199:484:+	0.22946859903381642	False
NM_002049.4	python_raw	ncbi	NM_002049.4:raw:1	NM_002049.4:ncbi:ORF3_NM_002049.4	75:1317:+	562:691:+	0.10386473429951691	False
NM_002049.4	python_raw	ncbi	NM_002049.4:raw:1	NM_002049.4:ncbi:ORF4_NM_002049.4	75:1317:+	973:1135:+	0.13043478260869565	False
NM_002049.4	python_raw	ncbi	NM_002049.4:raw:1	NM_002049.4:ncbi:ORF5_NM_002049.4	75:1317:+	746:830:+	0.06763285024154589	False
NM_002049.4	python_raw	ncbi	NM_002049.4:raw:1	NM_002049.4:ncbi:ORF6_NM_002049.4	75:1317:+	1313:1421:+	0.0029717682020802376	False
NM_002049.4	python_raw	ncbi	NM_002049.4:raw:10	NM_002049.4:ncbi:ORF1_NM_002049.4	746:830:+	75:1317:+	0.06763285024154589	False
NM_002049.4	python_raw	ncbi	NM_002049.4:raw:10	NM_002049.4:ncbi:ORF5_NM_002049.4	746:830:+	746:830:+	1.0	True
NM_002049.4	python_raw	ncbi	NM_002049.4:raw:11	NM_002049.4:ncbi:ORF11_NM_002049.4	0:77:-	1:313:-	0.24281150159744408	False
NM_002049.4	python_raw	ncbi	NM_002049.4:raw:11	NM_002049.4:ncbi:ORF8_NM_002049.4	0:77:-	2:77:-	0.974025974025974	False
NM_002049.4	python_raw	ncbi	NM_002049.4:raw:2	NM_002049.4:ncbi:ORF11_NM_002049.4	0:313:-	1:313:-	0.9968051118210862	False
NM_002049.4	python_raw	ncbi	NM_002049.4:raw:2	NM_002049.4:ncbi:ORF8_NM_002049.4	0:313:-	2:77:-	0.23961661341853036	False
NM_002049.4	python_raw	ncbi	NM_002049.4:raw:3	NM_002049.4:ncbi:ORF1_NM_002049.4	199:484:+	75:1317:+	0.22946859903381642	False
NM_002049.4	python_raw	ncbi	NM_002049.4:raw:3	NM_002049.4:ncbi:ORF2_NM_002049.4	199:484:+	199:484:+	1.0	True
NM_002049.4	python_raw	ncbi	NM_002049.4:raw:4	NM_002049.4:ncbi:ORF10_NM_002049.4	316:538:-	316:538:-	1.0	True
NM_002049.4	python_raw	ncbi	NM_002049.4:raw:5	NM_002049.4:ncbi:ORF9_NM_002049.4	823:1003:-	823:1003:-	1.0	True
NM_002049.4	python_raw	ncbi	NM_002049.4:raw:6	NM_002049.4:ncbi:ORF1_NM_002049.4	973:1135:+	75:1317:+	0.13043478260869565	False
NM_002049.4	python_raw	ncbi	NM_002049.4:raw:6	NM_002049.4:ncbi:ORF4_NM_002049.4	973:1135:+	973:1135:+	1.0	True
NM_002049.4	python_raw	ncbi	NM_002049.4:raw:7	NM_002049.4:ncbi:ORF1_NM_002049.4	562:691:+	75:1317:+	0.10386473429951691	False
NM_002049.4	python_raw	ncbi	NM_002049.4:raw:7	NM_002049.4:ncbi:ORF3_NM_002049.4	562:691:+	562:691:+	1.0	True
NM_002049.4	python_raw	ncbi	NM_002049.4:raw:8	NM_002049.4:ncbi:ORF7_NM_002049.4	1163:1271:-	1163:1271:-	1.0	True
NM_002049.4	python_raw	ncbi	NM_002049.4:raw:9	NM_002049.4:ncbi:ORF1_NM_002049.4	1313:1421:+	75:1317:+	0.0029717682020802376	False
NM_002049.4	python_raw	ncbi	NM_002049.4:raw:9	NM_002049.4:ncbi:ORF6_NM_002049.4	1313:1421:+	1313:1421:+	1.0	True
NM_000457.5	python_raw	ncbi	NM_000457.5:raw:1	NM_000457.5:ncbi:ORF18_NM_000457.5	134:1559:+	134:1559:+	1.0	True
NM_000457.5	python_raw	ncbi	NM_000457.5:raw:1	NM_000457.5:ncbi:ORF1_NM_000457.5	134:1559:+	246:510:+	0.18526315789473685	False
NM_000457.5	python_raw	ncbi	NM_000457.5:raw:1	NM_000457.5:ncbi:ORF2_NM_000457.5	134:1559:+	528:708:+	0.12631578947368421	False
NM_000457.5	python_raw	ncbi	NM_000457.5:raw:10	NM_000457.5:ncbi:ORF10_NM_000457.5	3380:3614:+	3511:3610:+	0.4230769230769231	False
NM_000457.5	python_raw	ncbi	NM_000457.5:raw:10	NM_000457.5:ncbi:ORF22_NM_000457.5	3380:3614:+	3380:3614:+	1.0	True
NM_000457.5	python_raw	ncbi	NM_000457.5:raw:10	NM_000457.5:ncbi:ORF9_NM_000457.5	3380:3614:+	3283:3442:+	0.18731117824773413	False
NM_000457.5	python_raw	ncbi	NM_000457.5:raw:11	NM_000457.5:ncbi:ORF33_NM_000457.5	1630:1840:-	1630:1840:-	1.0	True
NM_000457.5	python_raw	ncbi	NM_000457.5:raw:11	NM_000457.5:ncbi:ORF43_NM_000457.5	1630:1840:-	1551:1704:-	0.2560553633217993	False
NM_000457.5	python_raw	ncbi	NM_000457.5:raw:12	NM_000457.5:ncbi:ORF42_NM_000457.5	1952:2141:-	1920:2076:-	0.5610859728506787	False
NM_000457.5	python_raw	ncbi	NM_000457.5:raw:12	NM_000457.5:ncbi:ORF50_NM_000457.5	1952:2141:-	1952:2141:-	1.0	True
NM_000457.5	python_raw	ncbi	NM_000457.5:raw:13	NM_000457.5:ncbi:ORF30_NM_000457.5	3363:3549:-	3238:3382:-	0.06109324758842444	False
NM_000457.5	python_raw	ncbi	NM_000457.5:raw:13	NM_000457.5:ncbi:ORF41_NM_000457.5	3363:3549:-	3363:3549:-	1.0	True
NM_000457.5	python_raw	ncbi	NM_000457.5:raw:14	NM_000457.5:ncbi:ORF18_NM_000457.5	528:708:+	134:1559:+	0.12631578947368421	False
NM_000457.5	python_raw	ncbi	NM_000457.5:raw:14	NM_000457.5:ncbi:ORF2_NM_000457.5	528:708:+	528:708:+	1.0	True
NM_000457.5	python_raw	ncbi	NM_000457.5:raw:15	NM_000457.5:ncbi:ORF46_NM_000457.5	5228:5405:-	5228:5405:-	1.0	True
NM_000457.5	python_raw	ncbi	NM_000457.5:raw:16	NM_000457.5:ncbi:ORF21_NM_000457.5	2594:2771:+	2594:2771:+	1.0	True
NM_000457.5	python_raw	ncbi	NM_000457.5:raw:17	NM_000457.5:ncbi:ORF17_NM_000457.5	5948:6125:+	6121:6199:+	0.01593625498007968	False
NM_000457.5	python_raw	ncbi	NM_000457.5:raw:17	NM_000457.5:ncbi:ORF26_NM_000457.5	5948:6125:+	5948:6125:+	1.0	True
NM_000457.5	python_raw	ncbi	NM_000457.5:raw:17	NM_000457.5:ncbi:ORF5_NM_000457.5	5948:6125:+	5943:6114:+	0.9120879120879121	False
NM_000457.5	python_raw	ncbi	NM_000457.5:raw:18	NM_000457.5:ncbi:ORF26_NM_000457.5	5943:6114:+	5948:6125:+	0.9120879120879121	False
NM_000457.5	python_raw	ncbi	NM_000457.5:raw:18	NM_000457.5:ncbi:ORF5_NM_000457.5	5943:6114:+	5943:6114:+	1.0	True
NM_000457.5	python_raw	ncbi	NM_000457.5:raw:19	NM_000457.5:ncbi:ORF37_NM_000457.5	0:169:-	1:169:-	0.9940828402366864	False
NM_000457.5	python_raw	ncbi	NM_000457.5:raw:19	NM_000457.5:ncbi:ORF44_NM_000457.5	0:169:-	0:261:-	0.6475095785440613	False
NM_000457.5	python_raw	ncbi	NM_000457.5:raw:2	NM_000457.5:ncbi:ORF34_NM_000457.5	866:1325:-	1096:1222:-	0.27450980392156865	False
NM_000457.5	python_raw	ncbi	NM_000457.5:raw:2	NM_000457.5:ncbi:ORF51_NM_000457.5	866:1325:-	866:1325:-	1.0	True
NM_000457.5	python_raw	ncbi	NM_000457.5:raw:20	NM_000457.5:ncbi:ORF37_NM_000457.5	0:163:-	1:169:-	0.9585798816568047	False
NM_000457.5	python_raw	ncbi	NM_000457.5:raw:20	NM_000457.5:ncbi:ORF44_NM_000457.5	0:163:-	0:261:-	0.6245210727969349	False
NM_000457.5	python_raw	ncbi	NM_000457.5:raw:21	NM_000457.5:ncbi:ORF22_NM_000457.5	3283:3442:+	3380:3614:+	0.18731117824773413	False
NM_000457.5	python_raw	ncbi	NM_000457.5:raw:21	NM_000457.5:ncbi:ORF9_NM_000457.5	3283:3442:+	3283:3442:+	1.0	True
NM_000457.5	python_raw	ncbi	NM_000457.5:raw:22	NM_000457.5:ncbi:ORF11_NM_000457.5	3727:3883:+	3727:3883:+	1.0	True
NM_000457.5	python_raw	ncbi	NM_000457.5:raw:22	NM_000457.5:ncbi:ORF3_NM_000457.5	3727:3883:+	3759:4152:+	0.2917647058823529	False
NM_000457.5	python_raw	ncbi	NM_000457.5:raw:23	NM_000457.5:ncbi:ORF42_NM_000457.5	1920:2076:-	1920:2076:-	1.0	True
NM_000457.5	python_raw	ncbi	NM_000457.5:raw:23	NM_000457.5:ncbi:ORF50_NM_000457.5	1920:2076:-	1952:2141:-	0.5610859728506787	False
NM_000457.5	python_raw	ncbi	NM_000457.5:raw:24	NM_000457.5:ncbi:ORF33_NM_000457.5	1551:1704:-	1630:1840:-	0.2560553633217993	False
NM_000457.5	python_raw	ncbi	NM_000457.5:raw:24	NM_000457.5:ncbi:ORF43_NM_000457.5	1551:1704:-	1551:1704:-	1.0	True
NM_000457.5	python_raw	ncbi	NM_000457.5:raw:25	NM_000457.5:ncbi:ORF20_NM_000457.5	1802:1946:+	1802:1946:+	1.0	True
NM_000457.5	python_raw	ncbi	NM_000457.5:raw:26	NM_000457.5:ncbi:ORF30_NM_000457.5	3238:3382:-	3238:3382:-	1.0	True
NM_000457.5	python_raw	ncbi	NM_000457.5:raw:26	NM_000457.5:ncbi:ORF41_NM_000457.5	3238:3382:-	3363:3549:-	0.06109324758842444	False
NM_000457.5	python_raw	ncbi	NM_000457.5:raw:27	NM_000457.5:ncbi:ORF38_NM_000457.5	5004:5145:-	5004:5145:-	1.0	True
NM_000457.5	python_raw	ncbi	NM_000457.5:raw:28	NM_000457.5:ncbi:ORF16_NM_000457.5	5099:5234:+	5083:5215:+	0.7682119205298014	False
NM_000457.5	python_raw	ncbi	NM_000457.5:raw:28	NM_000457.5:ncbi:ORF25_NM_000457.5	5099:5234:+	5099:5234:+	1.0	True
NM_000457.5	python_raw	ncbi	NM_000457.5:raw:29	NM_000457.5:ncbi:ORF12_NM_000457.5	4039:4171:+	4039:4171:+	1.0	True
NM_000457.5	python_raw	ncbi	NM_000457.5:raw:29	NM_000457.5:ncbi:ORF3_NM_000457.5	4039:4171:+	3759:4152:+	0.27427184466019416	False
NM_000457.5	python_raw	ncbi	NM_000457.5:raw:3	NM_000457.5:ncbi:ORF11_NM_000457.5	3759:4152:+	3727:3883:+	0.2917647058823529	False
NM_000457.5	python_raw	ncbi	NM_000457.5:raw:3	NM_000457.5:ncbi:ORF12_NM_000457.5	3759:4152:+	4039:4171:+	0.27427184466019416	False
NM_000457.5	python_raw	ncbi	NM_000457.5:raw:3	NM_000457.5:ncbi:ORF3_NM_000457.5	3759:4152:+	3759:4152:+	1.0	True
NM_000457.5	python_raw	ncbi	NM_000457.5:raw:30	NM_000457.5:ncbi:ORF16_NM_000457.5	5083:5215:+	5083:5215:+	1.0	True
NM_000457.5	python_raw	ncbi	NM_000457.5:raw:30	NM_000457.5:ncbi:ORF25_NM_000457.5	5083:5215:+	5099:5234:+	0.7682119205298014	False
NM_000457.5	python_raw	ncbi	NM_000457.5:raw:31	NM_000457.5:ncbi:ORF34_NM_000457.5	1096:1222:-	1096:1222:-	1.0	True
NM_000457.5	python_raw	ncbi	NM_000457.5:raw:31	NM_000457.5:ncbi:ORF51_NM_000457.5	1096:1222:-	866:1325:-	0.27450980392156865	False
NM_000457.5	python_raw	ncbi	NM_000457.5:raw:32	NM_000457.5:ncbi:ORF8_NM_000457.5	2428:2551:+	2428:2551:+	1.0	True
NM_000457.5	python_raw	ncbi	NM_000457.5:raw:33	NM_000457.5:ncbi:ORF39_NM_000457.5	4884:5004:-	4884:5004:-	1.0	True
NM_000457.5	python_raw	ncbi	NM_000457.5:raw:34	NM_000457.5:ncbi:ORF36_NM_000457.5	199:319:-	199:319:-	1.0	True
NM_000457.5	python_raw	ncbi	NM_000457.5:raw:34	NM_000457.5:ncbi:ORF44_NM_000457.5	199:319:-	0:261:-	0.19435736677115986	False
NM_000457.5	python_raw	ncbi	NM_000457.5:raw:35	NM_000457.5:ncbi:ORF14_NM_000457.5	4519:4630:+	4519:4630:+	1.0	True
NM_000457.5	python_raw	ncbi	NM_000457.5:raw:35	NM_000457.5:ncbi:ORF24_NM_000457.5	4519:4630:+	4601:4709:+	0.15263157894736842	False
NM_000457.5	python_raw	ncbi	NM_000457.5:raw:36	NM_000457.5:ncbi:ORF14_NM_000457.5	4601:4709:+	4519:4630:+	0.15263157894736842	False
NM_000457.5	python_raw	ncbi	NM_000457.5:raw:36	NM_000457.5:ncbi:ORF24_NM_000457.5	4601:4709:+	4601:4709:+	1.0	True
NM_000457.5	python_raw	ncbi	NM_000457.5:raw:37	NM_000457.5:ncbi:ORF40_NM_000457.5	4569:4674:-	4569:4674:-	1.0	True
NM_000457.5	python_raw	ncbi	NM_000457.5:raw:38	NM_000457.5:ncbi:ORF13_NM_000457.5	4399:4504:+	4399:4504:+	1.0	True
NM_000457.5	python_raw	ncbi	NM_000457.5:raw:39	NM_000457.5:ncbi:ORF27_NM_000457.5	6351:6456:+	6386:6467:+	0.603448275862069	False
NM_000457.5	python_raw	ncbi	NM_000457.5:raw:39	NM_000457.5:ncbi:ORF6_NM_000457.5	6351:6456:+	6351:6456:+	1.0	True
NM_000457.5	python_raw	ncbi	NM_000457.5:raw:4	NM_000457.5:ncbi:ORF35_NM_000457.5	562:844:-	562:844:-	1.0	True
NM_000457.5	python_raw	ncbi	NM_000457.5:raw:4	NM_000457.5:ncbi:ORF52_NM_000457.5	562:844:-	557:803:-	0.8397212543554007	False
NM_000457.5	python_raw	ncbi	NM_000457.5:raw:40	NM_000457.5:ncbi:ORF10_NM_000457.5	3511:3610:+	3511:3610:+	1.0	True
NM_000457.5	python_raw	ncbi	NM_000457.5:raw:40	NM_000457.5:ncbi:ORF22_NM_000457.5	3511:3610:+	3380:3614:+	0.4230769230769231	False
NM_000457.5	python_raw	ncbi	NM_000457.5:raw:41	NM_000457.5:ncbi:ORF31_NM_000457.5	2741:2840:-	2746:2833:-	0.8787878787878788	False
NM_000457.5	python_raw	ncbi	NM_000457.5:raw:41	NM_000457.5:ncbi:ORF47_NM_000457.5	2741:2840:-	2741:2840:-	1.0	True
NM_000457.5	python_raw	ncbi	NM_000457.5:raw:42	NM_000457.5:ncbi:ORF29_NM_000457.5	3865:3958:-	3865:3958:-	1.0	True
NM_000457.5	python_raw	ncbi	NM_000457.5:raw:43	NM_000457.5:ncbi:ORF23_NM_000457.5	4298:4391:+	4298:4391:+	1.0	True
NM_000457.5	python_raw	ncbi	NM_000457.5:raw:44	NM_000457.5:ncbi:ORF4_NM_000457.5	4719:4812:+	4719:4812:+	1.0	True
NM_000457.5	python_raw	ncbi	NM_000457.5:raw:45	NM_000457.5:ncbi:ORF31_NM_000457.5	2746:2833:-	2746:2833:-	1.0	True
NM_000457.5	python_raw	ncbi	NM_000457.5:raw:45	NM_000457.5:ncbi:ORF47_NM_000457.5	2746:2833:-	2741:2840:-	0.8787878787878788	False
NM_000457.5	python_raw	ncbi	NM_000457.5:raw:46	NM_000457.5:ncbi:ORF48_NM_000457.5	2462:2549:-	2462:2549:-	1.0	True
NM_000457.5	python_raw	ncbi	NM_000457.5:raw:47	NM_000457.5:ncbi:ORF32_NM_000457.5	2294:2378:-	2359:2437:-	0.13286713286713286	False
NM_000457.5	python_raw	ncbi	NM_000457.5:raw:47	NM_000457.5:ncbi:ORF49_NM_000457.5	2294:2378:-	2294:2378:-	1.0	True
NM_000457.5	python_raw	ncbi	NM_000457.5:raw:48	NM_000457.5:ncbi:ORF28_NM_000457.5	4387:4468:-	4387:4468:-	1.0	True
NM_000457.5	python_raw	ncbi	NM_000457.5:raw:49	NM_000457.5:ncbi:ORF15_NM_000457.5	4927:5008:+	4927:5008:+	1.0	True
NM_000457.5	python_raw	ncbi	NM_000457.5:raw:5	NM_000457.5:ncbi:ORF18_NM_000457.5	246:510:+	134:1559:+	0.18526315789473685	False
NM_000457.5	python_raw	ncbi	NM_000457.5:raw:5	NM_000457.5:ncbi:ORF1_NM_000457.5	246:510:+	246:510:+	1.0	True
NM_000457.5	python_raw	ncbi	NM_000457.5:raw:50	NM_000457.5:ncbi:ORF27_NM_000457.5	6386:6467:+	6386:6467:+	1.0	True
NM_000457.5	python_raw	ncbi	NM_000457.5:raw:50	NM_000457.5:ncbi:ORF6_NM_000457.5	6386:6467:+	6351:6456:+	0.603448275862069	False
NM_000457.5	python_raw	ncbi	NM_000457.5:raw:51	NM_000457.5:ncbi:ORF19_NM_000457.5	1676:1754:+	1676:1754:+	1.0	True
NM_000457.5	python_raw	ncbi	NM_000457.5:raw:52	NM_000457.5:ncbi:ORF32_NM_000457.5	2359:2437:-	2359:2437:-	1.0	True
NM_000457.5	python_raw	ncbi	NM_000457.5:raw:52	NM_000457.5:ncbi:ORF49_NM_000457.5	2359:2437:-	2294:2378:-	0.13286713286713286	False
NM_000457.5	python_raw	ncbi	NM_000457.5:raw:53	NM_000457.5:ncbi:ORF17_NM_000457.5	6121:6199:+	6121:6199:+	1.0	True
NM_000457.5	python_raw	ncbi	NM_000457.5:raw:53	NM_000457.5:ncbi:ORF26_NM_000457.5	6121:6199:+	5948:6125:+	0.01593625498007968	False
NM_000457.5	python_raw	ncbi	NM_000457.5:raw:6	NM_000457.5:ncbi:ORF36_NM_000457.5	0:261:-	199:319:-	0.19435736677115986	False
NM_000457.5	python_raw	ncbi	NM_000457.5:raw:6	NM_000457.5:ncbi:ORF37_NM_000457.5	0:261:-	1:169:-	0.6436781609195402	False
NM_000457.5	python_raw	ncbi	NM_000457.5:raw:6	NM_000457.5:ncbi:ORF44_NM_000457.5	0:261:-	0:261:-	1.0	True
NM_000457.5	python_raw	ncbi	NM_000457.5:raw:7	NM_000457.5:ncbi:ORF45_NM_000457.5	5540:5789:-	5540:5789:-	1.0	True
NM_000457.5	python_raw	ncbi	NM_000457.5:raw:8	NM_000457.5:ncbi:ORF35_NM_000457.5	557:803:-	562:844:-	0.8397212543554007	False
NM_000457.5	python_raw	ncbi	NM_000457.5:raw:8	NM_000457.5:ncbi:ORF52_NM_000457.5	557:803:-	557:803:-	1.0	True
NM_000457.5	python_raw	ncbi	NM_000457.5:raw:9	NM_000457.5:ncbi:ORF7_NM_000457.5	1954:2194:+	1954:2194:+	1.0	True
NM_001754.5	python_raw	ncbi	NM_001754.5:raw:1	NM_001754.5:ncbi:ORF14_NM_001754.5	194:1637:+	194:1637:+	1.0	True
NM_001754.5	python_raw	ncbi	NM_001754.5:raw:1	NM_001754.5:ncbi:ORF1_NM_001754.5	194:1637:+	108:249:+	0.03597122302158273	False
NM_001754.5	python_raw	ncbi	NM_001754.5:raw:1	NM_001754.5:ncbi:ORF2_NM_001754.5	194:1637:+	825:903:+	0.05405405405405406	False
NM_001754.5	python_raw	ncbi	NM_001754.5:raw:10	NM_001754.5:ncbi:ORF33_NM_001754.5	5654:5819:-	5654:5819:-	1.0	True
NM_001754.5	python_raw	ncbi	NM_001754.5:raw:11	NM_001754.5:ncbi:ORF38_NM_001754.5	3023:3185:-	3023:3185:-	1.0	True
NM_001754.5	python_raw	ncbi	NM_001754.5:raw:12	NM_001754.5:ncbi:ORF17_NM_001754.5	3134:3296:+	3134:3296:+	1.0	True
NM_001754.5	python_raw	ncbi	NM_001754.5:raw:12	NM_001754.5:ncbi:ORF8_NM_001754.5	3134:3296:+	3046:3310:+	0.6136363636363636	False
NM_001754.5	python_raw	ncbi	NM_001754.5:raw:13	NM_001754.5:ncbi:ORF23_NM_001754.5	1432:1591:-	1432:1591:-	1.0	True
NM_001754.5	python_raw	ncbi	NM_001754.5:raw:14	NM_001754.5:ncbi:ORF10_NM_001754.5	4369:4525:+	4369:4525:+	1.0	True
NM_001754.5	python_raw	ncbi	NM_001754.5:raw:14	NM_001754.5:ncbi:ORF18_NM_001754.5	4369:4525:+	4346:4517:+	0.8268156424581006	False
NM_001754.5	python_raw	ncbi	NM_001754.5:raw:15	NM_001754.5:ncbi:ORF19_NM_001754.5	5348:5498:+	5348:5498:+	1.0	True
NM_001754.5	python_raw	ncbi	NM_001754.5:raw:16	NM_001754.5:ncbi:ORF14_NM_001754.5	108:249:+	194:1637:+	0.03597122302158273	False
NM_001754.5	python_raw	ncbi	NM_001754.5:raw:16	NM_001754.5:ncbi:ORF1_NM_001754.5	108:249:+	108:249:+	1.0	True
NM_001754.5	python_raw	ncbi	NM_001754.5:raw:17	NM_001754.5:ncbi:ORF21_NM_001754.5	4066:4198:-	4066:4198:-	1.0	True
NM_001754.5	python_raw	ncbi	NM_001754.5:raw:17	NM_001754.5:ncbi:ORF35_NM_001754.5	4066:4198:-	3992:4076:-	0.04854368932038835	False
NM_001754.5	python_raw	ncbi	NM_001754.5:raw:18	NM_001754.5:ncbi:ORF27_NM_001754.5	5004:5127:-	5004:5127:-	1.0	True
NM_001754.5	python_raw	ncbi	NM_001754.5:raw:19	NM_001754.5:ncbi:ORF11_NM_001754.5	4597:4720:+	4597:4720:+	1.0	True
NM_001754.5	python_raw	ncbi	NM_001754.5:raw:19	NM_001754.5:ncbi:ORF5_NM_001754.5	4597:4720:+	4623:4728:+	0.7404580152671756	False
NM_001754.5	python_raw	ncbi	NM_001754.5:raw:2	NM_001754.5:ncbi:ORF26_NM_001754.5	181:535:-	181:535:-	1.0	True
NM_001754.5	python_raw	ncbi	NM_001754.5:raw:2	NM_001754.5:ncbi:ORF31_NM_001754.5	181:535:-	99:222:-	0.09403669724770643	False
NM_001754.5	python_raw	ncbi	NM_001754.5:raw:20	NM_001754.5:ncbi:ORF26_NM_001754.5	99:222:-	181:535:-	0.09403669724770643	False
NM_001754.5	python_raw	ncbi	NM_001754.5:raw:20	NM_001754.5:ncbi:ORF31_NM_001754.5	99:222:-	99:222:-	1.0	True
NM_001754.5	python_raw	ncbi	NM_001754.5:raw:20	NM_001754.5:ncbi:ORF42_NM_001754.5	99:222:-	56:179:-	0.4819277108433735	False
NM_001754.5	python_raw	ncbi	NM_001754.5:raw:21	NM_001754.5:ncbi:ORF31_NM_001754.5	56:179:-	99:222:-	0.4819277108433735	False
NM_001754.5	python_raw	ncbi	NM_001754.5:raw:21	NM_001754.5:ncbi:ORF42_NM_001754.5	56:179:-	56:179:-	1.0	True
NM_001754.5	python_raw	ncbi	NM_001754.5:raw:22	NM_001754.5:ncbi:ORF3_NM_001754.5	2556:2676:+	2556:2676:+	1.0	True
NM_001754.5	python_raw	ncbi	NM_001754.5:raw:23	NM_001754.5:ncbi:ORF40_NM_001754.5	2123:2243:-	2123:2243:-	1.0	True
NM_001754.5	python_raw	ncbi	NM_001754.5:raw:24	NM_001754.5:ncbi:ORF28_NM_001754.5	4805:4922:-	4884:4974:-	0.22485207100591717	False
NM_001754.5	python_raw	ncbi	NM_001754.5:raw:24	NM_001754.5:ncbi:ORF34_NM_001754.5	4805:4922:-	4805:4922:-	1.0	True
NM_001754.5	python_raw	ncbi	NM_001754.5:raw:25	NM_001754.5:ncbi:ORF4_NM_001754.5	3852:3969:+	3852:3969:+	1.0	True
NM_001754.5	python_raw	ncbi	NM_001754.5:raw:26	NM_001754.5:ncbi:ORF25_NM_001754.5	610:724:-	610:724:-	1.0	True
NM_001754.5	python_raw	ncbi	NM_001754.5:raw:26	NM_001754.5:ncbi:ORF41_NM_001754.5	610:724:-	554:812:-	0.4418604651162791	False
NM_001754.5	python_raw	ncbi	NM_001754.5:raw:27	NM_001754.5:ncbi:ORF37_NM_001754.5	3605:3716:-	3605:3716:-	1.0	True
NM_001754.5	python_raw	ncbi	NM_001754.5:raw:28	NM_001754.5:ncbi:ORF11_NM_001754.5	4623:4728:+	4597:4720:+	0.7404580152671756	False
NM_001754.5	python_raw	ncbi	NM_001754.5:raw:28	NM_001754.5:ncbi:ORF5_NM_001754.5	4623:4728:+	4623:4728:+	1.0	True
NM_001754.5	python_raw	ncbi	NM_001754.5:raw:29	NM_001754.5:ncbi:ORF32_NM_001754.5	5861:5963:-	5861:5963:-	1.0	True
NM_001754.5	python_raw	ncbi	NM_001754.5:raw:3	NM_001754.5:ncbi:ORF17_NM_001754.5	3046:3310:+	3134:3296:+	0.6136363636363636	False
NM_001754.5	python_raw	ncbi	NM_001754.5:raw:3	NM_001754.5:ncbi:ORF8_NM_001754.5	3046:3310:+	3046:3310:+	1.0	True
NM_001754.5	python_raw	ncbi	NM_001754.5:raw:30	NM_001754.5:ncbi:ORF36_NM_001754.5	3761:3854:-	3761:3854:-	1.0	True
NM_001754.5	python_raw	ncbi	NM_001754.5:raw:31	NM_001754.5:ncbi:ORF7_NM_001754.5	4920:5013:+	4920:5013:+	1.0	True
NM_001754.5	python_raw	ncbi	NM_001754.5:raw:32	NM_001754.5:ncbi:ORF28_NM_001754.5	4884:4974:-	4884:4974:-	1.0	True
NM_001754.5	python_raw	ncbi	NM_001754.5:raw:32	NM_001754.5:ncbi:ORF34_NM_001754.5	4884:4974:-	4805:4922:-	0.22485207100591717	False
NM_001754.5	python_raw	ncbi	NM_001754.5:raw:33	NM_001754.5:ncbi:ORF16_NM_001754.5	2699:2786:+	2699:2786:+	1.0	True
NM_001754.5	python_raw	ncbi	NM_001754.5:raw:34	NM_001754.5:ncbi:ORF6_NM_001754.5	4791:4878:+	4791:4878:+	1.0	True
NM_001754.5	python_raw	ncbi	NM_001754.5:raw:35	NM_001754.5:ncbi:ORF21_NM_001754.5	3992:4076:-	4066:4198:-	0.04854368932038835	False
NM_001754.5	python_raw	ncbi	NM_001754.5:raw:35	NM_001754.5:ncbi:ORF30_NM_001754.5	3992:4076:-	3918:4002:-	0.06329113924050633	False
NM_001754.5	python_raw	ncbi	NM_001754.5:raw:35	NM_001754.5:ncbi:ORF35_NM_001754.5	3992:4076:-	3992:4076:-	1.0	True
NM_001754.5	python_raw	ncbi	NM_001754.5:raw:36	NM_001754.5:ncbi:ORF30_NM_001754.5	3918:4002:-	3918:4002:-	1.0	True
NM_001754.5	python_raw	ncbi	NM_001754.5:raw:36	NM_001754.5:ncbi:ORF35_NM_001754.5	3918:4002:-	3992:4076:-	0.06329113924050633	False
NM_001754.5	python_raw	ncbi	NM_001754.5:raw:37	NM_001754.5:ncbi:ORF39_NM_001754.5	2279:2363:-	2279:2363:-	1.0	True
NM_001754.5	python_raw	ncbi	NM_001754.5:raw:38	NM_001754.5:ncbi:ORF22_NM_001754.5	2026:2110:-	2026:2110:-	1.0	True
NM_001754.5	python_raw	ncbi	NM_001754.5:raw:39	NM_001754.5:ncbi:ORF20_NM_001754.5	4216:4297:-	4216:4297:-	1.0	True
NM_001754.5	python_raw	ncbi	NM_001754.5:raw:4	NM_001754.5:ncbi:ORF25_NM_001754.5	554:812:-	610:724:-	0.4418604651162791	False
NM_001754.5	python_raw	ncbi	NM_001754.5:raw:4	NM_001754.5:ncbi:ORF41_NM_001754.5	554:812:-	554:812:-	1.0	True
NM_001754.5	python_raw	ncbi	NM_001754.5:raw:40	NM_001754.5:ncbi:ORF9_NM_001754.5	3607:3688:+	3607:3688:+	1.0	True
NM_001754.5	python_raw	ncbi	NM_001754.5:raw:41	NM_001754.5:ncbi:ORF12_NM_001754.5	5080:5161:+	5080:5161:+	1.0	True
NM_001754.5	python_raw	ncbi	NM_001754.5:raw:42	NM_001754.5:ncbi:ORF14_NM_001754.5	825:903:+	194:1637:+	0.05405405405405406	False
NM_001754.5	python_raw	ncbi	NM_001754.5:raw:42	NM_001754.5:ncbi:ORF2_NM_001754.5	825:903:+	825:903:+	1.0	True
NM_001754.5	python_raw	ncbi	NM_001754.5:raw:43	NM_001754.5:ncbi:ORF19_NM_001754.5	5397:5472:+	5348:5498:+	0.5	False
NM_001754.5	python_raw	ncbi	NM_001754.5:raw:5	NM_001754.5:ncbi:ORF13_NM_001754.5	5524:5737:+	5524:5737:+	1.0	True
NM_001754.5	python_raw	ncbi	NM_001754.5:raw:6	NM_001754.5:ncbi:ORF24_NM_001754.5	1045:1234:-	1045:1234:-	1.0	True
NM_001754.5	python_raw	ncbi	NM_001754.5:raw:7	NM_001754.5:ncbi:ORF15_NM_001754.5	2153:2339:+	2153:2339:+	1.0	True
NM_001754.5	python_raw	ncbi	NM_001754.5:raw:8	NM_001754.5:ncbi:ORF29_NM_001754.5	4356:4530:-	4356:4530:-	1.0	True
NM_001754.5	python_raw	ncbi	NM_001754.5:raw:9	NM_001754.5:ncbi:ORF10_NM_001754.5	4346:4517:+	4369:4525:+	0.8268156424581006	False
NM_001754.5	python_raw	ncbi	NM_001754.5:raw:9	NM_001754.5:ncbi:ORF18_NM_001754.5	4346:4517:+	4346:4517:+	1.0	True
NM_152739.4	python_raw	ncbi	NM_152739.4:raw:1	NM_152739.4:ncbi:ORF11_NM_152739.4	0:905:-	2:905:-	0.9977900552486187	False
NM_152739.4	python_raw	ncbi	NM_152739.4:raw:1	NM_152739.4:ncbi:ORF13_NM_152739.4	0:905:-	715:1009:-	0.18830525272547077	False
NM_152739.4	python_raw	ncbi	NM_152739.4:raw:1	NM_152739.4:ncbi:ORF14_NM_152739.4	0:905:-	547:652:-	0.11602209944751381	False
NM_152739.4	python_raw	ncbi	NM_152739.4:raw:10	NM_152739.4:ncbi:ORF10_NM_152739.4	995:1121:-	995:1121:-	1.0	True
NM_152739.4	python_raw	ncbi	NM_152739.4:raw:10	NM_152739.4:ncbi:ORF13_NM_152739.4	995:1121:-	715:1009:-	0.034482758620689655	False
NM_152739.4	python_raw	ncbi	NM_152739.4:raw:10	NM_152739.4:ncbi:ORF8_NM_152739.4	995:1121:-	1065:1158:-	0.34355828220858897	False
NM_152739.4	python_raw	ncbi	NM_152739.4:raw:11	NM_152739.4:ncbi:ORF3_NM_152739.4	1374:1494:+	1374:1494:+	1.0	True
NM_152739.4	python_raw	ncbi	NM_152739.4:raw:12	NM_152739.4:ncbi:ORF4_NM_152739.4	1839:1956:+	1839:1956:+	1.0	True
NM_152739.4	python_raw	ncbi	NM_152739.4:raw:13	NM_152739.4:ncbi:ORF11_NM_152739.4	547:652:-	2:905:-	0.11627906976744186	False
NM_152739.4	python_raw	ncbi	NM_152739.4:raw:13	NM_152739.4:ncbi:ORF14_NM_152739.4	547:652:-	547:652:-	1.0	True
NM_152739.4	python_raw	ncbi	NM_152739.4:raw:14	NM_152739.4:ncbi:ORF7_NM_152739.4	1386:1485:-	1386:1485:-	1.0	True
NM_152739.4	python_raw	ncbi	NM_152739.4:raw:14	NM_152739.4:ncbi:ORF9_NM_152739.4	1386:1485:-	1241:1418:-	0.13114754098360656	False
NM_152739.4	python_raw	ncbi	NM_152739.4:raw:15	NM_152739.4:ncbi:ORF10_NM_152739.4	1065:1158:-	995:1121:-	0.34355828220858897	False
NM_152739.4	python_raw	ncbi	NM_152739.4:raw:15	NM_152739.4:ncbi:ORF8_NM_152739.4	1065:1158:-	1065:1158:-	1.0	True
NM_152739.4	python_raw	ncbi	NM_152739.4:raw:16	NM_152739.4:ncbi:ORF12_NM_152739.4	1531:1609:-	1531:1609:-	1.0	True
NM_152739.4	python_raw	ncbi	NM_152739.4:raw:2	NM_152739.4:ncbi:ORF1_NM_152739.4	80:899:+	168:543:+	0.45787545787545786	False
NM_152739.4	python_raw	ncbi	NM_152739.4:raw:2	NM_152739.4:ncbi:ORF2_NM_152739.4	80:899:+	549:858:+	0.3772893772893773	False
NM_152739.4	python_raw	ncbi	NM_152739.4:raw:2	NM_152739.4:ncbi:ORF6_NM_152739.4	80:899:+	80:899:+	1.0	True
NM_152739.4	python_raw	ncbi	NM_152739.4:raw:3	NM_152739.4:ncbi:ORF11_NM_152739.4	0:686:-	2:905:-	0.7558011049723757	False
NM_152739.4	python_raw	ncbi	NM_152739.4:raw:3	NM_152739.4:ncbi:ORF14_NM_152739.4	0:686:-	547:652:-	0.15306122448979592	False
NM_152739.4	python_raw	ncbi	NM_152739.4:raw:4	NM_152739.4:ncbi:ORF1_NM_152739.4	168:543:+	168:543:+	1.0	True
NM_152739.4	python_raw	ncbi	NM_152739.4:raw:4	NM_152739.4:ncbi:ORF6_NM_152739.4	168:543:+	80:899:+	0.45787545787545786	False
NM_152739.4	python_raw	ncbi	NM_152739.4:raw:5	NM_152739.4:ncbi:ORF11_NM_152739.4	0:338:-	2:905:-	0.3712707182320442	False
NM_152739.4	python_raw	ncbi	NM_152739.4:raw:6	NM_152739.4:ncbi:ORF2_NM_152739.4	549:858:+	549:858:+	1.0	True
NM_152739.4	python_raw	ncbi	NM_152739.4:raw:6	NM_152739.4:ncbi:ORF6_NM_152739.4	549:858:+	80:899:+	0.3772893772893773	False
NM_152739.4	python_raw	ncbi	NM_152739.4:raw:7	NM_152739.4:ncbi:ORF10_NM_152739.4	715:1009:-	995:1121:-	0.034482758620689655	False
NM_152739.4	python_raw	ncbi	NM_152739.4:raw:7	NM_152739.4:ncbi:ORF11_NM_152739.4	715:1009:-	2:905:-	0.18867924528301888	False
NM_152739.4	python_raw	ncbi	NM_152739.4:raw:7	NM_152739.4:ncbi:ORF13_NM_152739.4	715:1009:-	715:1009:-	1.0	True
NM_152739.4	python_raw	ncbi	NM_152739.4:raw:8	NM_152739.4:ncbi:ORF7_NM_152739.4	1241:1418:-	1386:1485:-	0.13114754098360656	False
NM_152739.4	python_raw	ncbi	NM_152739.4:raw:8	NM_152739.4:ncbi:ORF9_NM_152739.4	1241:1418:-	1241:1418:-	1.0	True
NM_152739.4	python_raw	ncbi	NM_152739.4:raw:9	NM_152739.4:ncbi:ORF5_NM_152739.4	1603:1768:+	1603:1768:+	1.0	True
NM_000546.6	adapter_corrected	ncbi	NM_000546.6:adapter:1	NM_000546.6:ncbi:ORF2_NM_000546.6	142:1324:+	142:1324:+	1.0	True
NM_000546.6	adapter_corrected	ncbi	NM_000546.6:adapter:1	NM_000546.6:ncbi:ORF4_NM_000546.6	142:1324:+	323:509:+	0.15736040609137056	False
NM_000546.6	adapter_corrected	ncbi	NM_000546.6:adapter:1	NM_000546.6:ncbi:ORF5_NM_000546.6	142:1324:+	677:881:+	0.17258883248730963	False
NM_000546.6	adapter_corrected	ncbi	NM_000546.6:adapter:10	NM_000546.6:ncbi:ORF12_NM_000546.6	459:627:-	459:627:-	1.0	True
NM_000546.6	adapter_corrected	ncbi	NM_000546.6:adapter:11	NM_000546.6:ncbi:ORF10_NM_000546.6	2280:2427:-	2280:2427:-	1.0	True
NM_000546.6	adapter_corrected	ncbi	NM_000546.6:adapter:11	NM_000546.6:ncbi:ORF6_NM_000546.6	2280:2427:-	2392:2470:-	0.18421052631578946	False
NM_000546.6	adapter_corrected	ncbi	NM_000546.6:adapter:12	NM_000546.6:ncbi:ORF13_NM_000546.6	9:144:-	9:144:-	1.0	True
NM_000546.6	adapter_corrected	ncbi	NM_000546.6:adapter:13	NM_000546.6:ncbi:ORF11_NM_000546.6	1263:1386:-	1263:1386:-	1.0	True
NM_000546.6	adapter_corrected	ncbi	NM_000546.6:adapter:13	NM_000546.6:ncbi:ORF7_NM_000546.6	1263:1386:-	1315:1534:-	0.26199261992619927	False
NM_000546.6	adapter_corrected	ncbi	NM_000546.6:adapter:13	NM_000546.6:ncbi:ORF8_NM_000546.6	1263:1386:-	931:1282:-	0.041758241758241756	False
NM_000546.6	adapter_corrected	ncbi	NM_000546.6:adapter:14	NM_000546.6:ncbi:ORF9_NM_000546.6	688:784:-	688:784:-	1.0	True
NM_000546.6	adapter_corrected	ncbi	NM_000546.6:adapter:15	NM_000546.6:ncbi:ORF10_NM_000546.6	2392:2470:-	2280:2427:-	0.18421052631578946	False
NM_000546.6	adapter_corrected	ncbi	NM_000546.6:adapter:15	NM_000546.6:ncbi:ORF6_NM_000546.6	2392:2470:-	2392:2470:-	1.0	True
NM_000546.6	adapter_corrected	ncbi	NM_000546.6:adapter:16	NM_000546.6:ncbi:ORF2_NM_000546.6	1175:1250:+	142:1324:+	0.06345177664974619	False
NM_000546.6	adapter_corrected	ncbi	NM_000546.6:adapter:2	NM_000546.6:ncbi:ORF1_NM_000546.6	2022:2499:+	2022:2499:+	1.0	True
NM_000546.6	adapter_corrected	ncbi	NM_000546.6:adapter:2	NM_000546.6:ncbi:ORF3_NM_000546.6	2022:2499:+	2053:2512:+	0.9102040816326531	False
NM_000546.6	adapter_corrected	ncbi	NM_000546.6:adapter:3	NM_000546.6:ncbi:ORF1_NM_000546.6	2053:2512:+	2022:2499:+	0.9102040816326531	False
NM_000546.6	adapter_corrected	ncbi	NM_000546.6:adapter:3	NM_000546.6:ncbi:ORF3_NM_000546.6	2053:2512:+	2053:2512:+	1.0	True
NM_000546.6	adapter_corrected	ncbi	NM_000546.6:adapter:4	NM_000546.6:ncbi:ORF11_NM_000546.6	931:1282:-	1263:1386:-	0.041758241758241756	False
NM_000546.6	adapter_corrected	ncbi	NM_000546.6:adapter:4	NM_000546.6:ncbi:ORF8_NM_000546.6	931:1282:-	931:1282:-	1.0	True
NM_000546.6	adapter_corrected	ncbi	NM_000546.6:adapter:5	NM_000546.6:ncbi:ORF1_NM_000546.6	2272:2512:+	2022:2499:+	0.463265306122449	False
NM_000546.6	adapter_corrected	ncbi	NM_000546.6:adapter:5	NM_000546.6:ncbi:ORF3_NM_000546.6	2272:2512:+	2053:2512:+	0.5228758169934641	False
NM_000546.6	adapter_corrected	ncbi	NM_000546.6:adapter:6	NM_000546.6:ncbi:ORF11_NM_000546.6	1315:1534:-	1263:1386:-	0.26199261992619927	False
NM_000546.6	adapter_corrected	ncbi	NM_000546.6:adapter:6	NM_000546.6:ncbi:ORF7_NM_000546.6	1315:1534:-	1315:1534:-	1.0	True
NM_000546.6	adapter_corrected	ncbi	NM_000546.6:adapter:7	NM_000546.6:ncbi:ORF2_NM_000546.6	677:881:+	142:1324:+	0.17258883248730963	False
NM_000546.6	adapter_corrected	ncbi	NM_000546.6:adapter:7	NM_000546.6:ncbi:ORF5_NM_000546.6	677:881:+	677:881:+	1.0	True
NM_000546.6	adapter_corrected	ncbi	NM_000546.6:adapter:8	NM_000546.6:ncbi:ORF14_NM_000546.6	2063:2261:-	2063:2261:-	1.0	True
NM_000546.6	adapter_corrected	ncbi	NM_000546.6:adapter:9	NM_000546.6:ncbi:ORF2_NM_000546.6	323:509:+	142:1324:+	0.15736040609137056	False
NM_000546.6	adapter_corrected	ncbi	NM_000546.6:adapter:9	NM_000546.6:ncbi:ORF4_NM_000546.6	323:509:+	323:509:+	1.0	True
NM_002467.6	adapter_corrected	ncbi	NM_002467.6:adapter:1	NM_002467.6:ncbi:ORF10_NM_002467.6	408:1728:+	1430:1544:+	0.08636363636363636	False
NM_002467.6	adapter_corrected	ncbi	NM_002467.6:adapter:1	NM_002467.6:ncbi:ORF1_NM_002467.6	408:1728:+	408:1728:+	1.0	True
NM_002467.6	adapter_corrected	ncbi	NM_002467.6:adapter:1	NM_002467.6:ncbi:ORF4_NM_002467.6	408:1728:+	442:715:+	0.20681818181818182	False
NM_002467.6	adapter_corrected	ncbi	NM_002467.6:adapter:1	NM_002467.6:ncbi:ORF5_NM_002467.6	408:1728:+	1129:1408:+	0.21136363636363636	False
NM_002467.6	adapter_corrected	ncbi	NM_002467.6:adapter:10	NM_002467.6:ncbi:ORF17_NM_002467.6	2129:2267:-	2129:2267:-	1.0	True
NM_002467.6	adapter_corrected	ncbi	NM_002467.6:adapter:11	NM_002467.6:ncbi:ORF7_NM_002467.6	3199:3328:+	3199:3328:+	1.0	True
NM_002467.6	adapter_corrected	ncbi	NM_002467.6:adapter:12	NM_002467.6:ncbi:ORF10_NM_002467.6	1430:1544:+	1430:1544:+	1.0	True
NM_002467.6	adapter_corrected	ncbi	NM_002467.6:adapter:12	NM_002467.6:ncbi:ORF1_NM_002467.6	1430:1544:+	408:1728:+	0.08636363636363636	False
NM_002467.6	adapter_corrected	ncbi	NM_002467.6:adapter:13	NM_002467.6:ncbi:ORF16_NM_002467.6	860:974:-	963:1131:-	0.04059040590405904	False
NM_002467.6	adapter_corrected	ncbi	NM_002467.6:adapter:13	NM_002467.6:ncbi:ORF19_NM_002467.6	860:974:-	860:974:-	1.0	True
NM_002467.6	adapter_corrected	ncbi	NM_002467.6:adapter:14	NM_002467.6:ncbi:ORF3_NM_002467.6	2605:2716:+	2664:2775:+	0.3058823529411765	False
NM_002467.6	adapter_corrected	ncbi	NM_002467.6:adapter:14	NM_002467.6:ncbi:ORF6_NM_002467.6	2605:2716:+	2605:2716:+	1.0	True
NM_002467.6	adapter_corrected	ncbi	NM_002467.6:adapter:15	NM_002467.6:ncbi:ORF3_NM_002467.6	2664:2775:+	2664:2775:+	1.0	True
NM_002467.6	adapter_corrected	ncbi	NM_002467.6:adapter:15	NM_002467.6:ncbi:ORF6_NM_002467.6	2664:2775:+	2605:2716:+	0.3058823529411765	False
NM_002467.6	adapter_corrected	ncbi	NM_002467.6:adapter:16	NM_002467.6:ncbi:ORF14_NM_002467.6	3336:3432:-	3336:3432:-	1.0	True
NM_002467.6	adapter_corrected	ncbi	NM_002467.6:adapter:17	NM_002467.6:ncbi:ORF15_NM_002467.6	2718:2811:-	2718:2811:-	1.0	True
NM_002467.6	adapter_corrected	ncbi	NM_002467.6:adapter:18	NM_002467.6:ncbi:ORF2_NM_002467.6	2211:2295:+	2211:2295:+	1.0	True
NM_002467.6	adapter_corrected	ncbi	NM_002467.6:adapter:19	NM_002467.6:ncbi:ORF9_NM_002467.6	3595:3679:+	3595:3679:+	1.0	True
NM_002467.6	adapter_corrected	ncbi	NM_002467.6:adapter:2	NM_002467.6:ncbi:ORF18_NM_002467.6	1361:1649:-	1361:1649:-	1.0	True
NM_002467.6	adapter_corrected	ncbi	NM_002467.6:adapter:20	NM_002467.6:ncbi:ORF8_NM_002467.6	3421:3502:+	3421:3502:+	1.0	True
NM_002467.6	adapter_corrected	ncbi	NM_002467.6:adapter:3	NM_002467.6:ncbi:ORF1_NM_002467.6	1129:1408:+	408:1728:+	0.21136363636363636	False
NM_002467.6	adapter_corrected	ncbi	NM_002467.6:adapter:3	NM_002467.6:ncbi:ORF5_NM_002467.6	1129:1408:+	1129:1408:+	1.0	True
NM_002467.6	adapter_corrected	ncbi	NM_002467.6:adapter:4	NM_002467.6:ncbi:ORF1_NM_002467.6	442:715:+	408:1728:+	0.20681818181818182	False
NM_002467.6	adapter_corrected	ncbi	NM_002467.6:adapter:4	NM_002467.6:ncbi:ORF4_NM_002467.6	442:715:+	442:715:+	1.0	True
NM_002467.6	adapter_corrected	ncbi	NM_002467.6:adapter:5	NM_002467.6:ncbi:ORF20_NM_002467.6	626:797:-	626:797:-	1.0	True
NM_002467.6	adapter_corrected	ncbi	NM_002467.6:adapter:6	NM_002467.6:ncbi:ORF16_NM_002467.6	963:1131:-	963:1131:-	1.0	True
NM_002467.6	adapter_corrected	ncbi	NM_002467.6:adapter:6	NM_002467.6:ncbi:ORF19_NM_002467.6	963:1131:-	860:974:-	0.04059040590405904	False
NM_002467.6	adapter_corrected	ncbi	NM_002467.6:adapter:7	NM_002467.6:ncbi:ORF13_NM_002467.6	52:208:-	52:208:-	1.0	True
NM_002467.6	adapter_corrected	ncbi	NM_002467.6:adapter:8	NM_002467.6:ncbi:ORF11_NM_002467.6	3067:3220:-	3067:3220:-	1.0	True
NM_002467.6	adapter_corrected	ncbi	NM_002467.6:adapter:9	NM_002467.6:ncbi:ORF12_NM_002467.6	2905:3058:-	2905:3058:-	1.0	True
NM_003106.4	adapter_corrected	ncbi	NM_003106.4:adapter:1	NM_003106.4:ncbi:ORF2_NM_003106.4	436:1390:+	436:1390:+	1.0	True
NM_003106.4	adapter_corrected	ncbi	NM_003106.4:adapter:1	NM_003106.4:ncbi:ORF4_NM_003106.4	436:1390:+	572:743:+	0.1792452830188679	False
NM_003106.4	adapter_corrected	ncbi	NM_003106.4:adapter:10	NM_003106.4:ncbi:ORF7_NM_003106.4	1813:1906:-	1813:1906:-	1.0	True
NM_003106.4	adapter_corrected	ncbi	NM_003106.4:adapter:11	NM_003106.4:ncbi:ORF1_NM_003106.4	1543:1621:+	1443:1746:+	0.25742574257425743	False
NM_003106.4	adapter_corrected	ncbi	NM_003106.4:adapter:11	NM_003106.4:ncbi:ORF3_NM_003106.4	1543:1621:+	1543:1621:+	1.0	True
NM_003106.4	adapter_corrected	ncbi	NM_003106.4:adapter:2	NM_003106.4:ncbi:ORF11_NM_003106.4	42:741:-	42:741:-	1.0	True
NM_003106.4	adapter_corrected	ncbi	NM_003106.4:adapter:3	NM_003106.4:ncbi:ORF1_NM_003106.4	1443:1746:+	1443:1746:+	1.0	True
NM_003106.4	adapter_corrected	ncbi	NM_003106.4:adapter:3	NM_003106.4:ncbi:ORF3_NM_003106.4	1443:1746:+	1543:1621:+	0.25742574257425743	False
NM_003106.4	adapter_corrected	ncbi	NM_003106.4:adapter:4	NM_003106.4:ncbi:ORF2_NM_003106.4	572:743:+	436:1390:+	0.1792452830188679	False
NM_003106.4	adapter_corrected	ncbi	NM_003106.4:adapter:4	NM_003106.4:ncbi:ORF4_NM_003106.4	572:743:+	572:743:+	1.0	True
NM_003106.4	adapter_corrected	ncbi	NM_003106.4:adapter:5	NM_003106.4:ncbi:ORF8_NM_003106.4	1378:1531:-	1378:1531:-	1.0	True
NM_003106.4	adapter_corrected	ncbi	NM_003106.4:adapter:6	NM_003106.4:ncbi:ORF9_NM_003106.4	1113:1263:-	1113:1263:-	1.0	True
NM_003106.4	adapter_corrected	ncbi	NM_003106.4:adapter:7	NM_003106.4:ncbi:ORF10_NM_003106.4	756:906:-	756:906:-	1.0	True
NM_003106.4	adapter_corrected	ncbi	NM_003106.4:adapter:8	NM_003106.4:ncbi:ORF5_NM_003106.4	1886:1985:+	1886:1985:+	1.0	True
NM_003106.4	adapter_corrected	ncbi	NM_003106.4:adapter:9	NM_003106.4:ncbi:ORF6_NM_003106.4	2131:2227:-	2131:2227:-	1.0	True
NM_000280.5	adapter_corrected	ncbi	NM_000280.5:adapter:1	NM_000280.5:ncbi:ORF1_NM_000280.5	323:1592:+	846:942:+	0.07565011820330969	False
NM_000280.5	adapter_corrected	ncbi	NM_000280.5:adapter:1	NM_000280.5:ncbi:ORF5_NM_000280.5	323:1592:+	223:487:+	0.1197954711468225	False
NM_000280.5	adapter_corrected	ncbi	NM_000280.5:adapter:1	NM_000280.5:ncbi:ORF6_NM_000280.5	323:1592:+	323:1592:+	1.0	True
NM_000280.5	adapter_corrected	ncbi	NM_000280.5:adapter:10	NM_000280.5:ncbi:ORF12_NM_000280.5	911:1022:-	891:969:-	0.44274809160305345	False
NM_000280.5	adapter_corrected	ncbi	NM_000280.5:adapter:10	NM_000280.5:ncbi:ORF15_NM_000280.5	911:1022:-	911:1022:-	1.0	True
NM_000280.5	adapter_corrected	ncbi	NM_000280.5:adapter:11	NM_000280.5:ncbi:ORF14_NM_000280.5	1067:1175:-	1067:1175:-	1.0	True
NM_000280.5	adapter_corrected	ncbi	NM_000280.5:adapter:12	NM_000280.5:ncbi:ORF3_NM_000280.5	2046:2154:+	2046:2154:+	1.0	True
NM_000280.5	adapter_corrected	ncbi	NM_000280.5:adapter:13	NM_000280.5:ncbi:ORF16_NM_000280.5	92:191:-	92:191:-	1.0	True
NM_000280.5	adapter_corrected	ncbi	NM_000280.5:adapter:14	NM_000280.5:ncbi:ORF1_NM_000280.5	846:942:+	846:942:+	1.0	True
NM_000280.5	adapter_corrected	ncbi	NM_000280.5:adapter:14	NM_000280.5:ncbi:ORF6_NM_000280.5	846:942:+	323:1592:+	0.07565011820330969	False
NM_000280.5	adapter_corrected	ncbi	NM_000280.5:adapter:15	NM_000280.5:ncbi:ORF9_NM_000280.5	1297:1393:-	1297:1393:-	1.0	True
NM_000280.5	adapter_corrected	ncbi	NM_000280.5:adapter:16	NM_000280.5:ncbi:ORF10_NM_000280.5	891:969:-	502:892:-	0.0021413276231263384	False
NM_000280.5	adapter_corrected	ncbi	NM_000280.5:adapter:16	NM_000280.5:ncbi:ORF12_NM_000280.5	891:969:-	891:969:-	1.0	True
NM_000280.5	adapter_corrected	ncbi	NM_000280.5:adapter:16	NM_000280.5:ncbi:ORF15_NM_000280.5	891:969:-	911:1022:-	0.44274809160305345	False
NM_000280.5	adapter_corrected	ncbi	NM_000280.5:adapter:2	NM_000280.5:ncbi:ORF10_NM_000280.5	502:892:-	502:892:-	1.0	True
NM_000280.5	adapter_corrected	ncbi	NM_000280.5:adapter:2	NM_000280.5:ncbi:ORF12_NM_000280.5	502:892:-	891:969:-	0.0021413276231263384	False
NM_000280.5	adapter_corrected	ncbi	NM_000280.5:adapter:2	NM_000280.5:ncbi:ORF13_NM_000280.5	502:892:-	519:687:-	0.4307692307692308	False
NM_000280.5	adapter_corrected	ncbi	NM_000280.5:adapter:3	NM_000280.5:ncbi:ORF5_NM_000280.5	223:487:+	223:487:+	1.0	True
NM_000280.5	adapter_corrected	ncbi	NM_000280.5:adapter:3	NM_000280.5:ncbi:ORF6_NM_000280.5	223:487:+	323:1592:+	0.1197954711468225	False
NM_000280.5	adapter_corrected	ncbi	NM_000280.5:adapter:4	NM_000280.5:ncbi:ORF2_NM_000280.5	1688:1913:+	1749:1896:+	0.6533333333333333	False
NM_000280.5	adapter_corrected	ncbi	NM_000280.5:adapter:4	NM_000280.5:ncbi:ORF7_NM_000280.5	1688:1913:+	1688:1913:+	1.0	True
NM_000280.5	adapter_corrected	ncbi	NM_000280.5:adapter:5	NM_000280.5:ncbi:ORF10_NM_000280.5	519:687:-	502:892:-	0.4307692307692308	False
NM_000280.5	adapter_corrected	ncbi	NM_000280.5:adapter:5	NM_000280.5:ncbi:ORF13_NM_000280.5	519:687:-	519:687:-	1.0	True
NM_000280.5	adapter_corrected	ncbi	NM_000280.5:adapter:6	NM_000280.5:ncbi:ORF4_NM_000280.5	2252:2411:+	2343:2457:+	0.33170731707317075	False
NM_000280.5	adapter_corrected	ncbi	NM_000280.5:adapter:6	NM_000280.5:ncbi:ORF8_NM_000280.5	2252:2411:+	2252:2411:+	1.0	True
NM_000280.5	adapter_corrected	ncbi	NM_000280.5:adapter:7	NM_000280.5:ncbi:ORF11_NM_000280.5	1923:2076:-	1923:2076:-	1.0	True
NM_000280.5	adapter_corrected	ncbi	NM_000280.5:adapter:8	NM_000280.5:ncbi:ORF2_NM_000280.5	1749:1896:+	1749:1896:+	1.0	True
NM_000280.5	adapter_corrected	ncbi	NM_000280.5:adapter:8	NM_000280.5:ncbi:ORF7_NM_000280.5	1749:1896:+	1688:1913:+	0.6533333333333333	False
NM_000280.5	adapter_corrected	ncbi	NM_000280.5:adapter:9	NM_000280.5:ncbi:ORF4_NM_000280.5	2343:2457:+	2343:2457:+	1.0	True
NM_000280.5	adapter_corrected	ncbi	NM_000280.5:adapter:9	NM_000280.5:ncbi:ORF8_NM_000280.5	2343:2457:+	2252:2411:+	0.33170731707317075	False
NM_000125.4	adapter_corrected	ncbi	NM_000125.4:adapter:1	NM_000125.4:ncbi:ORF15_NM_000125.4	231:2019:+	962:1049:+	0.04865771812080537	False
NM_000125.4	adapter_corrected	ncbi	NM_000125.4:adapter:1	NM_000125.4:ncbi:ORF16_NM_000125.4	231:2019:+	1370:1451:+	0.04530201342281879	False
NM_000125.4	adapter_corrected	ncbi	NM_000125.4:adapter:1	NM_000125.4:ncbi:ORF17_NM_000125.4	231:2019:+	1478:1595:+	0.06543624161073826	False
NM_000125.4	adapter_corrected	ncbi	NM_000125.4:adapter:1	NM_000125.4:ncbi:ORF1_NM_000125.4	231:2019:+	231:2019:+	1.0	True
NM_000125.4	adapter_corrected	ncbi	NM_000125.4:adapter:1	NM_000125.4:ncbi:ORF7_NM_000125.4	231:2019:+	736:982:+	0.13758389261744966	False
NM_000125.4	adapter_corrected	ncbi	NM_000125.4:adapter:1	NM_000125.4:ncbi:ORF8_NM_000125.4	231:2019:+	1840:2050:+	0.09840571742715779	False
NM_000125.4	adapter_corrected	ncbi	NM_000125.4:adapter:10	NM_000125.4:ncbi:ORF12_NM_000125.4	4817:5000:+	4861:4954:+	0.5081967213114754	False
NM_000125.4	adapter_corrected	ncbi	NM_000125.4:adapter:10	NM_000125.4:ncbi:ORF19_NM_000125.4	4817:5000:+	4817:5000:+	1.0	True
NM_000125.4	adapter_corrected	ncbi	NM_000125.4:adapter:11	NM_000125.4:ncbi:ORF26_NM_000125.4	1981:2161:-	1953:2157:-	0.8461538461538461	False
NM_000125.4	adapter_corrected	ncbi	NM_000125.4:adapter:11	NM_000125.4:ncbi:ORF37_NM_000125.4	1981:2161:-	1981:2161:-	1.0	True
NM_000125.4	adapter_corrected	ncbi	NM_000125.4:adapter:12	NM_000125.4:ncbi:ORF25_NM_000125.4	3069:3243:-	3069:3243:-	1.0	True
NM_000125.4	adapter_corrected	ncbi	NM_000125.4:adapter:13	NM_000125.4:ncbi:ORF11_NM_000125.4	4174:4345:+	4174:4345:+	1.0	True
NM_000125.4	adapter_corrected	ncbi	NM_000125.4:adapter:14	NM_000125.4:ncbi:ORF23_NM_000125.4	4779:4938:-	4779:4938:-	1.0	True
NM_000125.4	adapter_corrected	ncbi	NM_000125.4:adapter:15	NM_000125.4:ncbi:ORF33_NM_000125.4	965:1121:-	965:1121:-	1.0	True
NM_000125.4	adapter_corrected	ncbi	NM_000125.4:adapter:16	NM_000125.4:ncbi:ORF22_NM_000125.4	5778:5931:-	5778:5931:-	1.0	True
NM_000125.4	adapter_corrected	ncbi	NM_000125.4:adapter:16	NM_000125.4:ncbi:ORF35_NM_000125.4	5778:5931:-	5890:5974:-	0.20918367346938777	False
NM_000125.4	adapter_corrected	ncbi	NM_000125.4:adapter:17	NM_000125.4:ncbi:ORF30_NM_000125.4	4544:4697:-	4544:4697:-	1.0	True
NM_000125.4	adapter_corrected	ncbi	NM_000125.4:adapter:18	NM_000125.4:ncbi:ORF24_NM_000125.4	3621:3774:-	3621:3774:-	1.0	True
NM_000125.4	adapter_corrected	ncbi	NM_000125.4:adapter:19	NM_000125.4:ncbi:ORF38_NM_000125.4	529:676:-	529:676:-	1.0	True
NM_000125.4	adapter_corrected	ncbi	NM_000125.4:adapter:2	NM_000125.4:ncbi:ORF27_NM_000125.4	1352:1814:-	1524:1803:-	0.6038961038961039	False
NM_000125.4	adapter_corrected	ncbi	NM_000125.4:adapter:2	NM_000125.4:ncbi:ORF32_NM_000125.4	1352:1814:-	1352:1814:-	1.0	True
NM_000125.4	adapter_corrected	ncbi	NM_000125.4:adapter:20	NM_000125.4:ncbi:ORF3_NM_000125.4	2409:2553:+	2409:2553:+	1.0	True
NM_000125.4	adapter_corrected	ncbi	NM_000125.4:adapter:21	NM_000125.4:ncbi:ORF36_NM_000125.4	3409:3553:-	3409:3553:-	1.0	True
NM_000125.4	adapter_corrected	ncbi	NM_000125.4:adapter:22	NM_000125.4:ncbi:ORF4_NM_000125.4	3030:3168:+	3030:3168:+	1.0	True
NM_000125.4	adapter_corrected	ncbi	NM_000125.4:adapter:23	NM_000125.4:ncbi:ORF20_NM_000125.4	5873:6011:+	5873:6011:+	1.0	True
NM_000125.4	adapter_corrected	ncbi	NM_000125.4:adapter:24	NM_000125.4:ncbi:ORF29_NM_000125.4	5456:5585:-	5456:5585:-	1.0	True
NM_000125.4	adapter_corrected	ncbi	NM_000125.4:adapter:25	NM_000125.4:ncbi:ORF34_NM_000125.4	133:259:-	2:239:-	0.41245136186770426	False
NM_000125.4	adapter_corrected	ncbi	NM_000125.4:adapter:25	NM_000125.4:ncbi:ORF39_NM_000125.4	133:259:-	133:259:-	1.0	True
NM_000125.4	adapter_corrected	ncbi	NM_000125.4:adapter:26	NM_000125.4:ncbi:ORF14_NM_000125.4	6056:6176:+	6022:6136:+	0.5194805194805194	False
NM_000125.4	adapter_corrected	ncbi	NM_000125.4:adapter:26	NM_000125.4:ncbi:ORF21_NM_000125.4	6056:6176:+	6056:6176:+	1.0	True
NM_000125.4	adapter_corrected	ncbi	NM_000125.4:adapter:27	NM_000125.4:ncbi:ORF34_NM_000125.4	0:119:-	2:239:-	0.4895397489539749	False
NM_000125.4	adapter_corrected	ncbi	NM_000125.4:adapter:28	NM_000125.4:ncbi:ORF17_NM_000125.4	1478:1595:+	1478:1595:+	1.0	True
NM_000125.4	adapter_corrected	ncbi	NM_000125.4:adapter:28	NM_000125.4:ncbi:ORF1_NM_000125.4	1478:1595:+	231:2019:+	0.06543624161073826	False
NM_000125.4	adapter_corrected	ncbi	NM_000125.4:adapter:29	NM_000125.4:ncbi:ORF14_NM_000125.4	6022:6136:+	6022:6136:+	1.0	True
NM_000125.4	adapter_corrected	ncbi	NM_000125.4:adapter:29	NM_000125.4:ncbi:ORF21_NM_000125.4	6022:6136:+	6056:6176:+	0.5194805194805194	False
NM_000125.4	adapter_corrected	ncbi	NM_000125.4:adapter:3	NM_000125.4:ncbi:ORF27_NM_000125.4	1524:1803:-	1524:1803:-	1.0	True
NM_000125.4	adapter_corrected	ncbi	NM_000125.4:adapter:3	NM_000125.4:ncbi:ORF32_NM_000125.4	1524:1803:-	1352:1814:-	0.6038961038961039	False
NM_000125.4	adapter_corrected	ncbi	NM_000125.4:adapter:30	NM_000125.4:ncbi:ORF9_NM_000125.4	2755:2860:+	2755:2860:+	1.0	True
NM_000125.4	adapter_corrected	ncbi	NM_000125.4:adapter:31	NM_000125.4:ncbi:ORF13_NM_000125.4	5068:5173:+	5068:5173:+	1.0	True
NM_000125.4	adapter_corrected	ncbi	NM_000125.4:adapter:32	NM_000125.4:ncbi:ORF12_NM_000125.4	4861:4954:+	4861:4954:+	1.0	True
NM_000125.4	adapter_corrected	ncbi	NM_000125.4:adapter:32	NM_000125.4:ncbi:ORF19_NM_000125.4	4861:4954:+	4817:5000:+	0.5081967213114754	False
NM_000125.4	adapter_corrected	ncbi	NM_000125.4:adapter:33	NM_000125.4:ncbi:ORF6_NM_000125.4	5310:5403:+	5310:5403:+	1.0	True
NM_000125.4	adapter_corrected	ncbi	NM_000125.4:adapter:34	NM_000125.4:ncbi:ORF15_NM_000125.4	962:1049:+	962:1049:+	1.0	True
NM_000125.4	adapter_corrected	ncbi	NM_000125.4:adapter:34	NM_000125.4:ncbi:ORF1_NM_000125.4	962:1049:+	231:2019:+	0.04865771812080537	False
NM_000125.4	adapter_corrected	ncbi	NM_000125.4:adapter:34	NM_000125.4:ncbi:ORF7_NM_000125.4	962:1049:+	736:982:+	0.06389776357827476	False
NM_000125.4	adapter_corrected	ncbi	NM_000125.4:adapter:35	NM_000125.4:ncbi:ORF2_NM_000125.4	2145:2232:+	2145:2232:+	1.0	True
NM_000125.4	adapter_corrected	ncbi	NM_000125.4:adapter:36	NM_000125.4:ncbi:ORF28_NM_000125.4	1263:1350:-	1263:1350:-	1.0	True
NM_000125.4	adapter_corrected	ncbi	NM_000125.4:adapter:37	NM_000125.4:ncbi:ORF22_NM_000125.4	5890:5974:-	5778:5931:-	0.20918367346938777	False
NM_000125.4	adapter_corrected	ncbi	NM_000125.4:adapter:37	NM_000125.4:ncbi:ORF35_NM_000125.4	5890:5974:-	5890:5974:-	1.0	True
NM_000125.4	adapter_corrected	ncbi	NM_000125.4:adapter:38	NM_000125.4:ncbi:ORF31_NM_000125.4	2933:3017:-	2933:3017:-	1.0	True
NM_000125.4	adapter_corrected	ncbi	NM_000125.4:adapter:39	NM_000125.4:ncbi:ORF5_NM_000125.4	4389:4473:+	4389:4473:+	1.0	True
NM_000125.4	adapter_corrected	ncbi	NM_000125.4:adapter:4	NM_000125.4:ncbi:ORF15_NM_000125.4	736:982:+	962:1049:+	0.06389776357827476	False
NM_000125.4	adapter_corrected	ncbi	NM_000125.4:adapter:4	NM_000125.4:ncbi:ORF1_NM_000125.4	736:982:+	231:2019:+	0.13758389261744966	False
NM_000125.4	adapter_corrected	ncbi	NM_000125.4:adapter:4	NM_000125.4:ncbi:ORF7_NM_000125.4	736:982:+	736:982:+	1.0	True
NM_000125.4	adapter_corrected	ncbi	NM_000125.4:adapter:40	NM_000125.4:ncbi:ORF16_NM_000125.4	1370:1451:+	1370:1451:+	1.0	True
NM_000125.4	adapter_corrected	ncbi	NM_000125.4:adapter:40	NM_000125.4:ncbi:ORF1_NM_000125.4	1370:1451:+	231:2019:+	0.04530201342281879	False
NM_000125.4	adapter_corrected	ncbi	NM_000125.4:adapter:41	NM_000125.4:ncbi:ORF10_NM_000125.4	3634:3712:+	3634:3712:+	1.0	True
NM_000125.4	adapter_corrected	ncbi	NM_000125.4:adapter:41	NM_000125.4:ncbi:ORF18_NM_000125.4	3634:3712:+	3692:3932:+	0.06711409395973154	False
NM_000125.4	adapter_corrected	ncbi	NM_000125.4:adapter:42	NM_000125.4:ncbi:ORF2_NM_000125.4	2074:2149:+	2145:2232:+	0.02531645569620253	False
NM_000125.4	adapter_corrected	ncbi	NM_000125.4:adapter:5	NM_000125.4:ncbi:ORF10_NM_000125.4	3692:3932:+	3634:3712:+	0.06711409395973154	False
NM_000125.4	adapter_corrected	ncbi	NM_000125.4:adapter:5	NM_000125.4:ncbi:ORF18_NM_000125.4	3692:3932:+	3692:3932:+	1.0	True
NM_000125.4	adapter_corrected	ncbi	NM_000125.4:adapter:6	NM_000125.4:ncbi:ORF34_NM_000125.4	0:239:-	2:239:-	0.9916317991631799	False
NM_000125.4	adapter_corrected	ncbi	NM_000125.4:adapter:6	NM_000125.4:ncbi:ORF39_NM_000125.4	0:239:-	133:259:-	0.4092664092664093	False
NM_000125.4	adapter_corrected	ncbi	NM_000125.4:adapter:7	NM_000125.4:ncbi:ORF34_NM_000125.4	0:233:-	2:239:-	0.9665271966527197	False
NM_000125.4	adapter_corrected	ncbi	NM_000125.4:adapter:7	NM_000125.4:ncbi:ORF39_NM_000125.4	0:233:-	133:259:-	0.3861003861003861	False
NM_000125.4	adapter_corrected	ncbi	NM_000125.4:adapter:8	NM_000125.4:ncbi:ORF1_NM_000125.4	1840:2050:+	231:2019:+	0.09840571742715779	False
NM_000125.4	adapter_corrected	ncbi	NM_000125.4:adapter:8	NM_000125.4:ncbi:ORF8_NM_000125.4	1840:2050:+	1840:2050:+	1.0	True
NM_000125.4	adapter_corrected	ncbi	NM_000125.4:adapter:9	NM_000125.4:ncbi:ORF26_NM_000125.4	1953:2157:-	1953:2157:-	1.0	True
NM_000125.4	adapter_corrected	ncbi	NM_000125.4:adapter:9	NM_000125.4:ncbi:ORF37_NM_000125.4	1953:2157:-	1981:2161:-	0.8461538461538461	False
NM_004496.4	adapter_corrected	ncbi	NM_004496.4:adapter:1	NM_004496.4:ncbi:ORF1_NM_004496.4	141:1560:+	141:1560:+	1.0	True
NM_004496.4	adapter_corrected	ncbi	NM_004496.4:adapter:1	NM_004496.4:ncbi:ORF5_NM_004496.4	141:1560:+	814:1102:+	0.2029598308668076	False
NM_004496.4	adapter_corrected	ncbi	NM_004496.4:adapter:10	NM_004496.4:ncbi:ORF8_NM_004496.4	2293:2467:+	2293:2467:+	1.0	True
NM_004496.4	adapter_corrected	ncbi	NM_004496.4:adapter:11	NM_004496.4:ncbi:ORF14_NM_004496.4	341:512:-	357:1071:-	0.21232876712328766	False
NM_004496.4	adapter_corrected	ncbi	NM_004496.4:adapter:11	NM_004496.4:ncbi:ORF16_NM_004496.4	341:512:-	341:512:-	1.0	True
NM_004496.4	adapter_corrected	ncbi	NM_004496.4:adapter:12	NM_004496.4:ncbi:ORF3_NM_004496.4	2478:2601:+	2478:2601:+	1.0	True
NM_004496.4	adapter_corrected	ncbi	NM_004496.4:adapter:13	NM_004496.4:ncbi:ORF7_NM_004496.4	2185:2284:+	2185:2284:+	1.0	True
NM_004496.4	adapter_corrected	ncbi	NM_004496.4:adapter:14	NM_004496.4:ncbi:ORF2_NM_004496.4	1929:2019:+	1929:2019:+	1.0	True
NM_004496.4	adapter_corrected	ncbi	NM_004496.4:adapter:14	NM_004496.4:ncbi:ORF9_NM_004496.4	1929:2019:+	1829:2069:+	0.375	False
NM_004496.4	adapter_corrected	ncbi	NM_004496.4:adapter:15	NM_004496.4:ncbi:ORF11_NM_004496.4	1807:1888:-	1807:1888:-	1.0	True
NM_004496.4	adapter_corrected	ncbi	NM_004496.4:adapter:16	NM_004496.4:ncbi:ORF4_NM_004496.4	3291:3373:+	3291:3372:+	0.9878048780487805	False
NM_004496.4	adapter_corrected	ncbi	NM_004496.4:adapter:17	NM_004496.4:ncbi:ORF1_NM_004496.4	169:244:+	141:1560:+	0.052854122621564484	False
NM_004496.4	adapter_corrected	ncbi	NM_004496.4:adapter:2	NM_004496.4:ncbi:ORF14_NM_004496.4	357:1071:-	357:1071:-	1.0	True
NM_004496.4	adapter_corrected	ncbi	NM_004496.4:adapter:2	NM_004496.4:ncbi:ORF15_NM_004496.4	357:1071:-	914:1220:-	0.18192352259559674	False
NM_004496.4	adapter_corrected	ncbi	NM_004496.4:adapter:2	NM_004496.4:ncbi:ORF16_NM_004496.4	357:1071:-	341:512:-	0.21232876712328766	False
NM_004496.4	adapter_corrected	ncbi	NM_004496.4:adapter:3	NM_004496.4:ncbi:ORF13_NM_004496.4	914:1220:-	1203:1380:-	0.03648068669527897	False
NM_004496.4	adapter_corrected	ncbi	NM_004496.4:adapter:3	NM_004496.4:ncbi:ORF14_NM_004496.4	914:1220:-	357:1071:-	0.18192352259559674	False
NM_004496.4	adapter_corrected	ncbi	NM_004496.4:adapter:3	NM_004496.4:ncbi:ORF15_NM_004496.4	914:1220:-	914:1220:-	1.0	True
NM_004496.4	adapter_corrected	ncbi	NM_004496.4:adapter:4	NM_004496.4:ncbi:ORF1_NM_004496.4	814:1102:+	141:1560:+	0.2029598308668076	False
NM_004496.4	adapter_corrected	ncbi	NM_004496.4:adapter:4	NM_004496.4:ncbi:ORF5_NM_004496.4	814:1102:+	814:1102:+	1.0	True
NM_004496.4	adapter_corrected	ncbi	NM_004496.4:adapter:5	NM_004496.4:ncbi:ORF2_NM_004496.4	1829:2069:+	1929:2019:+	0.375	False
NM_004496.4	adapter_corrected	ncbi	NM_004496.4:adapter:5	NM_004496.4:ncbi:ORF6_NM_004496.4	1829:2069:+	1696:1912:+	0.2225201072386059	False
NM_004496.4	adapter_corrected	ncbi	NM_004496.4:adapter:5	NM_004496.4:ncbi:ORF9_NM_004496.4	1829:2069:+	1829:2069:+	1.0	True
NM_004496.4	adapter_corrected	ncbi	NM_004496.4:adapter:6	NM_004496.4:ncbi:ORF12_NM_004496.4	1432:1660:-	1432:1660:-	1.0	True
NM_004496.4	adapter_corrected	ncbi	NM_004496.4:adapter:7	NM_004496.4:ncbi:ORF6_NM_004496.4	1696:1912:+	1696:1912:+	1.0	True
NM_004496.4	adapter_corrected	ncbi	NM_004496.4:adapter:7	NM_004496.4:ncbi:ORF9_NM_004496.4	1696:1912:+	1829:2069:+	0.2225201072386059	False
NM_004496.4	adapter_corrected	ncbi	NM_004496.4:adapter:8	NM_004496.4:ncbi:ORF10_NM_004496.4	2125:2302:-	2125:2302:-	1.0	True
NM_004496.4	adapter_corrected	ncbi	NM_004496.4:adapter:9	NM_004496.4:ncbi:ORF13_NM_004496.4	1203:1380:-	1203:1380:-	1.0	True
NM_004496.4	adapter_corrected	ncbi	NM_004496.4:adapter:9	NM_004496.4:ncbi:ORF15_NM_004496.4	1203:1380:-	914:1220:-	0.03648068669527897	False
NM_002049.4	adapter_corrected	ncbi	NM_002049.4:adapter:1	NM_002049.4:ncbi:ORF1_NM_002049.4	75:1317:+	75:1317:+	1.0	True
NM_002049.4	adapter_corrected	ncbi	NM_002049.4:adapter:1	NM_002049.4:ncbi:ORF2_NM_002049.4	75:1317:+	199:484:+	0.22946859903381642	False
NM_002049.4	adapter_corrected	ncbi	NM_002049.4:adapter:1	NM_002049.4:ncbi:ORF3_NM_002049.4	75:1317:+	562:691:+	0.10386473429951691	False
NM_002049.4	adapter_corrected	ncbi	NM_002049.4:adapter:1	NM_002049.4:ncbi:ORF4_NM_002049.4	75:1317:+	973:1135:+	0.13043478260869565	False
NM_002049.4	adapter_corrected	ncbi	NM_002049.4:adapter:1	NM_002049.4:ncbi:ORF5_NM_002049.4	75:1317:+	746:830:+	0.06763285024154589	False
NM_002049.4	adapter_corrected	ncbi	NM_002049.4:adapter:1	NM_002049.4:ncbi:ORF6_NM_002049.4	75:1317:+	1313:1421:+	0.0029717682020802376	False
NM_002049.4	adapter_corrected	ncbi	NM_002049.4:adapter:10	NM_002049.4:ncbi:ORF1_NM_002049.4	746:830:+	75:1317:+	0.06763285024154589	False
NM_002049.4	adapter_corrected	ncbi	NM_002049.4:adapter:10	NM_002049.4:ncbi:ORF5_NM_002049.4	746:830:+	746:830:+	1.0	True
NM_002049.4	adapter_corrected	ncbi	NM_002049.4:adapter:11	NM_002049.4:ncbi:ORF11_NM_002049.4	0:77:-	1:313:-	0.24281150159744408	False
NM_002049.4	adapter_corrected	ncbi	NM_002049.4:adapter:11	NM_002049.4:ncbi:ORF8_NM_002049.4	0:77:-	2:77:-	0.974025974025974	False
NM_002049.4	adapter_corrected	ncbi	NM_002049.4:adapter:2	NM_002049.4:ncbi:ORF11_NM_002049.4	0:313:-	1:313:-	0.9968051118210862	False
NM_002049.4	adapter_corrected	ncbi	NM_002049.4:adapter:2	NM_002049.4:ncbi:ORF8_NM_002049.4	0:313:-	2:77:-	0.23961661341853036	False
NM_002049.4	adapter_corrected	ncbi	NM_002049.4:adapter:3	NM_002049.4:ncbi:ORF1_NM_002049.4	199:484:+	75:1317:+	0.22946859903381642	False
NM_002049.4	adapter_corrected	ncbi	NM_002049.4:adapter:3	NM_002049.4:ncbi:ORF2_NM_002049.4	199:484:+	199:484:+	1.0	True
NM_002049.4	adapter_corrected	ncbi	NM_002049.4:adapter:4	NM_002049.4:ncbi:ORF10_NM_002049.4	316:538:-	316:538:-	1.0	True
NM_002049.4	adapter_corrected	ncbi	NM_002049.4:adapter:5	NM_002049.4:ncbi:ORF9_NM_002049.4	823:1003:-	823:1003:-	1.0	True
NM_002049.4	adapter_corrected	ncbi	NM_002049.4:adapter:6	NM_002049.4:ncbi:ORF1_NM_002049.4	973:1135:+	75:1317:+	0.13043478260869565	False
NM_002049.4	adapter_corrected	ncbi	NM_002049.4:adapter:6	NM_002049.4:ncbi:ORF4_NM_002049.4	973:1135:+	973:1135:+	1.0	True
NM_002049.4	adapter_corrected	ncbi	NM_002049.4:adapter:7	NM_002049.4:ncbi:ORF1_NM_002049.4	562:691:+	75:1317:+	0.10386473429951691	False
NM_002049.4	adapter_corrected	ncbi	NM_002049.4:adapter:7	NM_002049.4:ncbi:ORF3_NM_002049.4	562:691:+	562:691:+	1.0	True
NM_002049.4	adapter_corrected	ncbi	NM_002049.4:adapter:8	NM_002049.4:ncbi:ORF7_NM_002049.4	1163:1271:-	1163:1271:-	1.0	True
NM_002049.4	adapter_corrected	ncbi	NM_002049.4:adapter:9	NM_002049.4:ncbi:ORF1_NM_002049.4	1313:1421:+	75:1317:+	0.0029717682020802376	False
NM_002049.4	adapter_corrected	ncbi	NM_002049.4:adapter:9	NM_002049.4:ncbi:ORF6_NM_002049.4	1313:1421:+	1313:1421:+	1.0	True
NM_000457.5	adapter_corrected	ncbi	NM_000457.5:adapter:1	NM_000457.5:ncbi:ORF18_NM_000457.5	134:1559:+	134:1559:+	1.0	True
NM_000457.5	adapter_corrected	ncbi	NM_000457.5:adapter:1	NM_000457.5:ncbi:ORF1_NM_000457.5	134:1559:+	246:510:+	0.18526315789473685	False
NM_000457.5	adapter_corrected	ncbi	NM_000457.5:adapter:1	NM_000457.5:ncbi:ORF2_NM_000457.5	134:1559:+	528:708:+	0.12631578947368421	False
NM_000457.5	adapter_corrected	ncbi	NM_000457.5:adapter:10	NM_000457.5:ncbi:ORF10_NM_000457.5	3380:3614:+	3511:3610:+	0.4230769230769231	False
NM_000457.5	adapter_corrected	ncbi	NM_000457.5:adapter:10	NM_000457.5:ncbi:ORF22_NM_000457.5	3380:3614:+	3380:3614:+	1.0	True
NM_000457.5	adapter_corrected	ncbi	NM_000457.5:adapter:10	NM_000457.5:ncbi:ORF9_NM_000457.5	3380:3614:+	3283:3442:+	0.18731117824773413	False
NM_000457.5	adapter_corrected	ncbi	NM_000457.5:adapter:11	NM_000457.5:ncbi:ORF33_NM_000457.5	1630:1840:-	1630:1840:-	1.0	True
NM_000457.5	adapter_corrected	ncbi	NM_000457.5:adapter:11	NM_000457.5:ncbi:ORF43_NM_000457.5	1630:1840:-	1551:1704:-	0.2560553633217993	False
NM_000457.5	adapter_corrected	ncbi	NM_000457.5:adapter:12	NM_000457.5:ncbi:ORF42_NM_000457.5	1952:2141:-	1920:2076:-	0.5610859728506787	False
NM_000457.5	adapter_corrected	ncbi	NM_000457.5:adapter:12	NM_000457.5:ncbi:ORF50_NM_000457.5	1952:2141:-	1952:2141:-	1.0	True
NM_000457.5	adapter_corrected	ncbi	NM_000457.5:adapter:13	NM_000457.5:ncbi:ORF30_NM_000457.5	3363:3549:-	3238:3382:-	0.06109324758842444	False
NM_000457.5	adapter_corrected	ncbi	NM_000457.5:adapter:13	NM_000457.5:ncbi:ORF41_NM_000457.5	3363:3549:-	3363:3549:-	1.0	True
NM_000457.5	adapter_corrected	ncbi	NM_000457.5:adapter:14	NM_000457.5:ncbi:ORF18_NM_000457.5	528:708:+	134:1559:+	0.12631578947368421	False
NM_000457.5	adapter_corrected	ncbi	NM_000457.5:adapter:14	NM_000457.5:ncbi:ORF2_NM_000457.5	528:708:+	528:708:+	1.0	True
NM_000457.5	adapter_corrected	ncbi	NM_000457.5:adapter:15	NM_000457.5:ncbi:ORF46_NM_000457.5	5228:5405:-	5228:5405:-	1.0	True
NM_000457.5	adapter_corrected	ncbi	NM_000457.5:adapter:16	NM_000457.5:ncbi:ORF21_NM_000457.5	2594:2771:+	2594:2771:+	1.0	True
NM_000457.5	adapter_corrected	ncbi	NM_000457.5:adapter:17	NM_000457.5:ncbi:ORF17_NM_000457.5	5948:6125:+	6121:6199:+	0.01593625498007968	False
NM_000457.5	adapter_corrected	ncbi	NM_000457.5:adapter:17	NM_000457.5:ncbi:ORF26_NM_000457.5	5948:6125:+	5948:6125:+	1.0	True
NM_000457.5	adapter_corrected	ncbi	NM_000457.5:adapter:17	NM_000457.5:ncbi:ORF5_NM_000457.5	5948:6125:+	5943:6114:+	0.9120879120879121	False
NM_000457.5	adapter_corrected	ncbi	NM_000457.5:adapter:18	NM_000457.5:ncbi:ORF26_NM_000457.5	5943:6114:+	5948:6125:+	0.9120879120879121	False
NM_000457.5	adapter_corrected	ncbi	NM_000457.5:adapter:18	NM_000457.5:ncbi:ORF5_NM_000457.5	5943:6114:+	5943:6114:+	1.0	True
NM_000457.5	adapter_corrected	ncbi	NM_000457.5:adapter:19	NM_000457.5:ncbi:ORF37_NM_000457.5	0:169:-	1:169:-	0.9940828402366864	False
NM_000457.5	adapter_corrected	ncbi	NM_000457.5:adapter:19	NM_000457.5:ncbi:ORF44_NM_000457.5	0:169:-	0:261:-	0.6475095785440613	False
NM_000457.5	adapter_corrected	ncbi	NM_000457.5:adapter:2	NM_000457.5:ncbi:ORF34_NM_000457.5	866:1325:-	1096:1222:-	0.27450980392156865	False
NM_000457.5	adapter_corrected	ncbi	NM_000457.5:adapter:2	NM_000457.5:ncbi:ORF51_NM_000457.5	866:1325:-	866:1325:-	1.0	True
NM_000457.5	adapter_corrected	ncbi	NM_000457.5:adapter:20	NM_000457.5:ncbi:ORF37_NM_000457.5	0:163:-	1:169:-	0.9585798816568047	False
NM_000457.5	adapter_corrected	ncbi	NM_000457.5:adapter:20	NM_000457.5:ncbi:ORF44_NM_000457.5	0:163:-	0:261:-	0.6245210727969349	False
NM_000457.5	adapter_corrected	ncbi	NM_000457.5:adapter:21	NM_000457.5:ncbi:ORF22_NM_000457.5	3283:3442:+	3380:3614:+	0.18731117824773413	False
NM_000457.5	adapter_corrected	ncbi	NM_000457.5:adapter:21	NM_000457.5:ncbi:ORF9_NM_000457.5	3283:3442:+	3283:3442:+	1.0	True
NM_000457.5	adapter_corrected	ncbi	NM_000457.5:adapter:22	NM_000457.5:ncbi:ORF11_NM_000457.5	3727:3883:+	3727:3883:+	1.0	True
NM_000457.5	adapter_corrected	ncbi	NM_000457.5:adapter:22	NM_000457.5:ncbi:ORF3_NM_000457.5	3727:3883:+	3759:4152:+	0.2917647058823529	False
NM_000457.5	adapter_corrected	ncbi	NM_000457.5:adapter:23	NM_000457.5:ncbi:ORF42_NM_000457.5	1920:2076:-	1920:2076:-	1.0	True
NM_000457.5	adapter_corrected	ncbi	NM_000457.5:adapter:23	NM_000457.5:ncbi:ORF50_NM_000457.5	1920:2076:-	1952:2141:-	0.5610859728506787	False
NM_000457.5	adapter_corrected	ncbi	NM_000457.5:adapter:24	NM_000457.5:ncbi:ORF33_NM_000457.5	1551:1704:-	1630:1840:-	0.2560553633217993	False
NM_000457.5	adapter_corrected	ncbi	NM_000457.5:adapter:24	NM_000457.5:ncbi:ORF43_NM_000457.5	1551:1704:-	1551:1704:-	1.0	True
NM_000457.5	adapter_corrected	ncbi	NM_000457.5:adapter:25	NM_000457.5:ncbi:ORF20_NM_000457.5	1802:1946:+	1802:1946:+	1.0	True
NM_000457.5	adapter_corrected	ncbi	NM_000457.5:adapter:26	NM_000457.5:ncbi:ORF30_NM_000457.5	3238:3382:-	3238:3382:-	1.0	True
NM_000457.5	adapter_corrected	ncbi	NM_000457.5:adapter:26	NM_000457.5:ncbi:ORF41_NM_000457.5	3238:3382:-	3363:3549:-	0.06109324758842444	False
NM_000457.5	adapter_corrected	ncbi	NM_000457.5:adapter:27	NM_000457.5:ncbi:ORF38_NM_000457.5	5004:5145:-	5004:5145:-	1.0	True
NM_000457.5	adapter_corrected	ncbi	NM_000457.5:adapter:28	NM_000457.5:ncbi:ORF16_NM_000457.5	5099:5234:+	5083:5215:+	0.7682119205298014	False
NM_000457.5	adapter_corrected	ncbi	NM_000457.5:adapter:28	NM_000457.5:ncbi:ORF25_NM_000457.5	5099:5234:+	5099:5234:+	1.0	True
NM_000457.5	adapter_corrected	ncbi	NM_000457.5:adapter:29	NM_000457.5:ncbi:ORF12_NM_000457.5	4039:4171:+	4039:4171:+	1.0	True
NM_000457.5	adapter_corrected	ncbi	NM_000457.5:adapter:29	NM_000457.5:ncbi:ORF3_NM_000457.5	4039:4171:+	3759:4152:+	0.27427184466019416	False
NM_000457.5	adapter_corrected	ncbi	NM_000457.5:adapter:3	NM_000457.5:ncbi:ORF11_NM_000457.5	3759:4152:+	3727:3883:+	0.2917647058823529	False
NM_000457.5	adapter_corrected	ncbi	NM_000457.5:adapter:3	NM_000457.5:ncbi:ORF12_NM_000457.5	3759:4152:+	4039:4171:+	0.27427184466019416	False
NM_000457.5	adapter_corrected	ncbi	NM_000457.5:adapter:3	NM_000457.5:ncbi:ORF3_NM_000457.5	3759:4152:+	3759:4152:+	1.0	True
NM_000457.5	adapter_corrected	ncbi	NM_000457.5:adapter:30	NM_000457.5:ncbi:ORF16_NM_000457.5	5083:5215:+	5083:5215:+	1.0	True
NM_000457.5	adapter_corrected	ncbi	NM_000457.5:adapter:30	NM_000457.5:ncbi:ORF25_NM_000457.5	5083:5215:+	5099:5234:+	0.7682119205298014	False
NM_000457.5	adapter_corrected	ncbi	NM_000457.5:adapter:31	NM_000457.5:ncbi:ORF34_NM_000457.5	1096:1222:-	1096:1222:-	1.0	True
NM_000457.5	adapter_corrected	ncbi	NM_000457.5:adapter:31	NM_000457.5:ncbi:ORF51_NM_000457.5	1096:1222:-	866:1325:-	0.27450980392156865	False
NM_000457.5	adapter_corrected	ncbi	NM_000457.5:adapter:32	NM_000457.5:ncbi:ORF8_NM_000457.5	2428:2551:+	2428:2551:+	1.0	True
NM_000457.5	adapter_corrected	ncbi	NM_000457.5:adapter:33	NM_000457.5:ncbi:ORF39_NM_000457.5	4884:5004:-	4884:5004:-	1.0	True
NM_000457.5	adapter_corrected	ncbi	NM_000457.5:adapter:34	NM_000457.5:ncbi:ORF36_NM_000457.5	199:319:-	199:319:-	1.0	True
NM_000457.5	adapter_corrected	ncbi	NM_000457.5:adapter:34	NM_000457.5:ncbi:ORF44_NM_000457.5	199:319:-	0:261:-	0.19435736677115986	False
NM_000457.5	adapter_corrected	ncbi	NM_000457.5:adapter:35	NM_000457.5:ncbi:ORF14_NM_000457.5	4519:4630:+	4519:4630:+	1.0	True
NM_000457.5	adapter_corrected	ncbi	NM_000457.5:adapter:35	NM_000457.5:ncbi:ORF24_NM_000457.5	4519:4630:+	4601:4709:+	0.15263157894736842	False
NM_000457.5	adapter_corrected	ncbi	NM_000457.5:adapter:36	NM_000457.5:ncbi:ORF14_NM_000457.5	4601:4709:+	4519:4630:+	0.15263157894736842	False
NM_000457.5	adapter_corrected	ncbi	NM_000457.5:adapter:36	NM_000457.5:ncbi:ORF24_NM_000457.5	4601:4709:+	4601:4709:+	1.0	True
NM_000457.5	adapter_corrected	ncbi	NM_000457.5:adapter:37	NM_000457.5:ncbi:ORF40_NM_000457.5	4569:4674:-	4569:4674:-	1.0	True
NM_000457.5	adapter_corrected	ncbi	NM_000457.5:adapter:38	NM_000457.5:ncbi:ORF13_NM_000457.5	4399:4504:+	4399:4504:+	1.0	True
NM_000457.5	adapter_corrected	ncbi	NM_000457.5:adapter:39	NM_000457.5:ncbi:ORF27_NM_000457.5	6351:6456:+	6386:6467:+	0.603448275862069	False
NM_000457.5	adapter_corrected	ncbi	NM_000457.5:adapter:39	NM_000457.5:ncbi:ORF6_NM_000457.5	6351:6456:+	6351:6456:+	1.0	True
NM_000457.5	adapter_corrected	ncbi	NM_000457.5:adapter:4	NM_000457.5:ncbi:ORF35_NM_000457.5	562:844:-	562:844:-	1.0	True
NM_000457.5	adapter_corrected	ncbi	NM_000457.5:adapter:4	NM_000457.5:ncbi:ORF52_NM_000457.5	562:844:-	557:803:-	0.8397212543554007	False
NM_000457.5	adapter_corrected	ncbi	NM_000457.5:adapter:40	NM_000457.5:ncbi:ORF10_NM_000457.5	3511:3610:+	3511:3610:+	1.0	True
NM_000457.5	adapter_corrected	ncbi	NM_000457.5:adapter:40	NM_000457.5:ncbi:ORF22_NM_000457.5	3511:3610:+	3380:3614:+	0.4230769230769231	False
NM_000457.5	adapter_corrected	ncbi	NM_000457.5:adapter:41	NM_000457.5:ncbi:ORF31_NM_000457.5	2741:2840:-	2746:2833:-	0.8787878787878788	False
NM_000457.5	adapter_corrected	ncbi	NM_000457.5:adapter:41	NM_000457.5:ncbi:ORF47_NM_000457.5	2741:2840:-	2741:2840:-	1.0	True
NM_000457.5	adapter_corrected	ncbi	NM_000457.5:adapter:42	NM_000457.5:ncbi:ORF29_NM_000457.5	3865:3958:-	3865:3958:-	1.0	True
NM_000457.5	adapter_corrected	ncbi	NM_000457.5:adapter:43	NM_000457.5:ncbi:ORF23_NM_000457.5	4298:4391:+	4298:4391:+	1.0	True
NM_000457.5	adapter_corrected	ncbi	NM_000457.5:adapter:44	NM_000457.5:ncbi:ORF4_NM_000457.5	4719:4812:+	4719:4812:+	1.0	True
NM_000457.5	adapter_corrected	ncbi	NM_000457.5:adapter:45	NM_000457.5:ncbi:ORF31_NM_000457.5	2746:2833:-	2746:2833:-	1.0	True
NM_000457.5	adapter_corrected	ncbi	NM_000457.5:adapter:45	NM_000457.5:ncbi:ORF47_NM_000457.5	2746:2833:-	2741:2840:-	0.8787878787878788	False
NM_000457.5	adapter_corrected	ncbi	NM_000457.5:adapter:46	NM_000457.5:ncbi:ORF48_NM_000457.5	2462:2549:-	2462:2549:-	1.0	True
NM_000457.5	adapter_corrected	ncbi	NM_000457.5:adapter:47	NM_000457.5:ncbi:ORF32_NM_000457.5	2294:2378:-	2359:2437:-	0.13286713286713286	False
NM_000457.5	adapter_corrected	ncbi	NM_000457.5:adapter:47	NM_000457.5:ncbi:ORF49_NM_000457.5	2294:2378:-	2294:2378:-	1.0	True
NM_000457.5	adapter_corrected	ncbi	NM_000457.5:adapter:48	NM_000457.5:ncbi:ORF28_NM_000457.5	4387:4468:-	4387:4468:-	1.0	True
NM_000457.5	adapter_corrected	ncbi	NM_000457.5:adapter:49	NM_000457.5:ncbi:ORF15_NM_000457.5	4927:5008:+	4927:5008:+	1.0	True
NM_000457.5	adapter_corrected	ncbi	NM_000457.5:adapter:5	NM_000457.5:ncbi:ORF18_NM_000457.5	246:510:+	134:1559:+	0.18526315789473685	False
NM_000457.5	adapter_corrected	ncbi	NM_000457.5:adapter:5	NM_000457.5:ncbi:ORF1_NM_000457.5	246:510:+	246:510:+	1.0	True
NM_000457.5	adapter_corrected	ncbi	NM_000457.5:adapter:50	NM_000457.5:ncbi:ORF27_NM_000457.5	6386:6467:+	6386:6467:+	1.0	True
NM_000457.5	adapter_corrected	ncbi	NM_000457.5:adapter:50	NM_000457.5:ncbi:ORF6_NM_000457.5	6386:6467:+	6351:6456:+	0.603448275862069	False
NM_000457.5	adapter_corrected	ncbi	NM_000457.5:adapter:51	NM_000457.5:ncbi:ORF19_NM_000457.5	1676:1754:+	1676:1754:+	1.0	True
NM_000457.5	adapter_corrected	ncbi	NM_000457.5:adapter:52	NM_000457.5:ncbi:ORF32_NM_000457.5	2359:2437:-	2359:2437:-	1.0	True
NM_000457.5	adapter_corrected	ncbi	NM_000457.5:adapter:52	NM_000457.5:ncbi:ORF49_NM_000457.5	2359:2437:-	2294:2378:-	0.13286713286713286	False
NM_000457.5	adapter_corrected	ncbi	NM_000457.5:adapter:53	NM_000457.5:ncbi:ORF17_NM_000457.5	6121:6199:+	6121:6199:+	1.0	True
NM_000457.5	adapter_corrected	ncbi	NM_000457.5:adapter:53	NM_000457.5:ncbi:ORF26_NM_000457.5	6121:6199:+	5948:6125:+	0.01593625498007968	False
NM_000457.5	adapter_corrected	ncbi	NM_000457.5:adapter:6	NM_000457.5:ncbi:ORF36_NM_000457.5	0:261:-	199:319:-	0.19435736677115986	False
NM_000457.5	adapter_corrected	ncbi	NM_000457.5:adapter:6	NM_000457.5:ncbi:ORF37_NM_000457.5	0:261:-	1:169:-	0.6436781609195402	False
NM_000457.5	adapter_corrected	ncbi	NM_000457.5:adapter:6	NM_000457.5:ncbi:ORF44_NM_000457.5	0:261:-	0:261:-	1.0	True
NM_000457.5	adapter_corrected	ncbi	NM_000457.5:adapter:7	NM_000457.5:ncbi:ORF45_NM_000457.5	5540:5789:-	5540:5789:-	1.0	True
NM_000457.5	adapter_corrected	ncbi	NM_000457.5:adapter:8	NM_000457.5:ncbi:ORF35_NM_000457.5	557:803:-	562:844:-	0.8397212543554007	False
NM_000457.5	adapter_corrected	ncbi	NM_000457.5:adapter:8	NM_000457.5:ncbi:ORF52_NM_000457.5	557:803:-	557:803:-	1.0	True
NM_000457.5	adapter_corrected	ncbi	NM_000457.5:adapter:9	NM_000457.5:ncbi:ORF7_NM_000457.5	1954:2194:+	1954:2194:+	1.0	True
NM_001754.5	adapter_corrected	ncbi	NM_001754.5:adapter:1	NM_001754.5:ncbi:ORF14_NM_001754.5	194:1637:+	194:1637:+	1.0	True
NM_001754.5	adapter_corrected	ncbi	NM_001754.5:adapter:1	NM_001754.5:ncbi:ORF1_NM_001754.5	194:1637:+	108:249:+	0.03597122302158273	False
NM_001754.5	adapter_corrected	ncbi	NM_001754.5:adapter:1	NM_001754.5:ncbi:ORF2_NM_001754.5	194:1637:+	825:903:+	0.05405405405405406	False
NM_001754.5	adapter_corrected	ncbi	NM_001754.5:adapter:10	NM_001754.5:ncbi:ORF33_NM_001754.5	5654:5819:-	5654:5819:-	1.0	True
NM_001754.5	adapter_corrected	ncbi	NM_001754.5:adapter:11	NM_001754.5:ncbi:ORF38_NM_001754.5	3023:3185:-	3023:3185:-	1.0	True
NM_001754.5	adapter_corrected	ncbi	NM_001754.5:adapter:12	NM_001754.5:ncbi:ORF17_NM_001754.5	3134:3296:+	3134:3296:+	1.0	True
NM_001754.5	adapter_corrected	ncbi	NM_001754.5:adapter:12	NM_001754.5:ncbi:ORF8_NM_001754.5	3134:3296:+	3046:3310:+	0.6136363636363636	False
NM_001754.5	adapter_corrected	ncbi	NM_001754.5:adapter:13	NM_001754.5:ncbi:ORF23_NM_001754.5	1432:1591:-	1432:1591:-	1.0	True
NM_001754.5	adapter_corrected	ncbi	NM_001754.5:adapter:14	NM_001754.5:ncbi:ORF10_NM_001754.5	4369:4525:+	4369:4525:+	1.0	True
NM_001754.5	adapter_corrected	ncbi	NM_001754.5:adapter:14	NM_001754.5:ncbi:ORF18_NM_001754.5	4369:4525:+	4346:4517:+	0.8268156424581006	False
NM_001754.5	adapter_corrected	ncbi	NM_001754.5:adapter:15	NM_001754.5:ncbi:ORF19_NM_001754.5	5348:5498:+	5348:5498:+	1.0	True
NM_001754.5	adapter_corrected	ncbi	NM_001754.5:adapter:16	NM_001754.5:ncbi:ORF14_NM_001754.5	108:249:+	194:1637:+	0.03597122302158273	False
NM_001754.5	adapter_corrected	ncbi	NM_001754.5:adapter:16	NM_001754.5:ncbi:ORF1_NM_001754.5	108:249:+	108:249:+	1.0	True
NM_001754.5	adapter_corrected	ncbi	NM_001754.5:adapter:17	NM_001754.5:ncbi:ORF21_NM_001754.5	4066:4198:-	4066:4198:-	1.0	True
NM_001754.5	adapter_corrected	ncbi	NM_001754.5:adapter:17	NM_001754.5:ncbi:ORF35_NM_001754.5	4066:4198:-	3992:4076:-	0.04854368932038835	False
NM_001754.5	adapter_corrected	ncbi	NM_001754.5:adapter:18	NM_001754.5:ncbi:ORF27_NM_001754.5	5004:5127:-	5004:5127:-	1.0	True
NM_001754.5	adapter_corrected	ncbi	NM_001754.5:adapter:19	NM_001754.5:ncbi:ORF11_NM_001754.5	4597:4720:+	4597:4720:+	1.0	True
NM_001754.5	adapter_corrected	ncbi	NM_001754.5:adapter:19	NM_001754.5:ncbi:ORF5_NM_001754.5	4597:4720:+	4623:4728:+	0.7404580152671756	False
NM_001754.5	adapter_corrected	ncbi	NM_001754.5:adapter:2	NM_001754.5:ncbi:ORF26_NM_001754.5	181:535:-	181:535:-	1.0	True
NM_001754.5	adapter_corrected	ncbi	NM_001754.5:adapter:2	NM_001754.5:ncbi:ORF31_NM_001754.5	181:535:-	99:222:-	0.09403669724770643	False
NM_001754.5	adapter_corrected	ncbi	NM_001754.5:adapter:20	NM_001754.5:ncbi:ORF26_NM_001754.5	99:222:-	181:535:-	0.09403669724770643	False
NM_001754.5	adapter_corrected	ncbi	NM_001754.5:adapter:20	NM_001754.5:ncbi:ORF31_NM_001754.5	99:222:-	99:222:-	1.0	True
NM_001754.5	adapter_corrected	ncbi	NM_001754.5:adapter:20	NM_001754.5:ncbi:ORF42_NM_001754.5	99:222:-	56:179:-	0.4819277108433735	False
NM_001754.5	adapter_corrected	ncbi	NM_001754.5:adapter:21	NM_001754.5:ncbi:ORF31_NM_001754.5	56:179:-	99:222:-	0.4819277108433735	False
NM_001754.5	adapter_corrected	ncbi	NM_001754.5:adapter:21	NM_001754.5:ncbi:ORF42_NM_001754.5	56:179:-	56:179:-	1.0	True
NM_001754.5	adapter_corrected	ncbi	NM_001754.5:adapter:22	NM_001754.5:ncbi:ORF3_NM_001754.5	2556:2676:+	2556:2676:+	1.0	True
NM_001754.5	adapter_corrected	ncbi	NM_001754.5:adapter:23	NM_001754.5:ncbi:ORF40_NM_001754.5	2123:2243:-	2123:2243:-	1.0	True
NM_001754.5	adapter_corrected	ncbi	NM_001754.5:adapter:24	NM_001754.5:ncbi:ORF28_NM_001754.5	4805:4922:-	4884:4974:-	0.22485207100591717	False
NM_001754.5	adapter_corrected	ncbi	NM_001754.5:adapter:24	NM_001754.5:ncbi:ORF34_NM_001754.5	4805:4922:-	4805:4922:-	1.0	True
NM_001754.5	adapter_corrected	ncbi	NM_001754.5:adapter:25	NM_001754.5:ncbi:ORF4_NM_001754.5	3852:3969:+	3852:3969:+	1.0	True
NM_001754.5	adapter_corrected	ncbi	NM_001754.5:adapter:26	NM_001754.5:ncbi:ORF25_NM_001754.5	610:724:-	610:724:-	1.0	True
NM_001754.5	adapter_corrected	ncbi	NM_001754.5:adapter:26	NM_001754.5:ncbi:ORF41_NM_001754.5	610:724:-	554:812:-	0.4418604651162791	False
NM_001754.5	adapter_corrected	ncbi	NM_001754.5:adapter:27	NM_001754.5:ncbi:ORF37_NM_001754.5	3605:3716:-	3605:3716:-	1.0	True
NM_001754.5	adapter_corrected	ncbi	NM_001754.5:adapter:28	NM_001754.5:ncbi:ORF11_NM_001754.5	4623:4728:+	4597:4720:+	0.7404580152671756	False
NM_001754.5	adapter_corrected	ncbi	NM_001754.5:adapter:28	NM_001754.5:ncbi:ORF5_NM_001754.5	4623:4728:+	4623:4728:+	1.0	True
NM_001754.5	adapter_corrected	ncbi	NM_001754.5:adapter:29	NM_001754.5:ncbi:ORF32_NM_001754.5	5861:5963:-	5861:5963:-	1.0	True
NM_001754.5	adapter_corrected	ncbi	NM_001754.5:adapter:3	NM_001754.5:ncbi:ORF17_NM_001754.5	3046:3310:+	3134:3296:+	0.6136363636363636	False
NM_001754.5	adapter_corrected	ncbi	NM_001754.5:adapter:3	NM_001754.5:ncbi:ORF8_NM_001754.5	3046:3310:+	3046:3310:+	1.0	True
NM_001754.5	adapter_corrected	ncbi	NM_001754.5:adapter:30	NM_001754.5:ncbi:ORF36_NM_001754.5	3761:3854:-	3761:3854:-	1.0	True
NM_001754.5	adapter_corrected	ncbi	NM_001754.5:adapter:31	NM_001754.5:ncbi:ORF7_NM_001754.5	4920:5013:+	4920:5013:+	1.0	True
NM_001754.5	adapter_corrected	ncbi	NM_001754.5:adapter:32	NM_001754.5:ncbi:ORF28_NM_001754.5	4884:4974:-	4884:4974:-	1.0	True
NM_001754.5	adapter_corrected	ncbi	NM_001754.5:adapter:32	NM_001754.5:ncbi:ORF34_NM_001754.5	4884:4974:-	4805:4922:-	0.22485207100591717	False
NM_001754.5	adapter_corrected	ncbi	NM_001754.5:adapter:33	NM_001754.5:ncbi:ORF16_NM_001754.5	2699:2786:+	2699:2786:+	1.0	True
NM_001754.5	adapter_corrected	ncbi	NM_001754.5:adapter:34	NM_001754.5:ncbi:ORF6_NM_001754.5	4791:4878:+	4791:4878:+	1.0	True
NM_001754.5	adapter_corrected	ncbi	NM_001754.5:adapter:35	NM_001754.5:ncbi:ORF21_NM_001754.5	3992:4076:-	4066:4198:-	0.04854368932038835	False
NM_001754.5	adapter_corrected	ncbi	NM_001754.5:adapter:35	NM_001754.5:ncbi:ORF30_NM_001754.5	3992:4076:-	3918:4002:-	0.06329113924050633	False
NM_001754.5	adapter_corrected	ncbi	NM_001754.5:adapter:35	NM_001754.5:ncbi:ORF35_NM_001754.5	3992:4076:-	3992:4076:-	1.0	True
NM_001754.5	adapter_corrected	ncbi	NM_001754.5:adapter:36	NM_001754.5:ncbi:ORF30_NM_001754.5	3918:4002:-	3918:4002:-	1.0	True
NM_001754.5	adapter_corrected	ncbi	NM_001754.5:adapter:36	NM_001754.5:ncbi:ORF35_NM_001754.5	3918:4002:-	3992:4076:-	0.06329113924050633	False
NM_001754.5	adapter_corrected	ncbi	NM_001754.5:adapter:37	NM_001754.5:ncbi:ORF39_NM_001754.5	2279:2363:-	2279:2363:-	1.0	True
NM_001754.5	adapter_corrected	ncbi	NM_001754.5:adapter:38	NM_001754.5:ncbi:ORF22_NM_001754.5	2026:2110:-	2026:2110:-	1.0	True
NM_001754.5	adapter_corrected	ncbi	NM_001754.5:adapter:39	NM_001754.5:ncbi:ORF20_NM_001754.5	4216:4297:-	4216:4297:-	1.0	True
NM_001754.5	adapter_corrected	ncbi	NM_001754.5:adapter:4	NM_001754.5:ncbi:ORF25_NM_001754.5	554:812:-	610:724:-	0.4418604651162791	False
NM_001754.5	adapter_corrected	ncbi	NM_001754.5:adapter:4	NM_001754.5:ncbi:ORF41_NM_001754.5	554:812:-	554:812:-	1.0	True
NM_001754.5	adapter_corrected	ncbi	NM_001754.5:adapter:40	NM_001754.5:ncbi:ORF9_NM_001754.5	3607:3688:+	3607:3688:+	1.0	True
NM_001754.5	adapter_corrected	ncbi	NM_001754.5:adapter:41	NM_001754.5:ncbi:ORF12_NM_001754.5	5080:5161:+	5080:5161:+	1.0	True
NM_001754.5	adapter_corrected	ncbi	NM_001754.5:adapter:42	NM_001754.5:ncbi:ORF14_NM_001754.5	825:903:+	194:1637:+	0.05405405405405406	False
NM_001754.5	adapter_corrected	ncbi	NM_001754.5:adapter:42	NM_001754.5:ncbi:ORF2_NM_001754.5	825:903:+	825:903:+	1.0	True
NM_001754.5	adapter_corrected	ncbi	NM_001754.5:adapter:43	NM_001754.5:ncbi:ORF19_NM_001754.5	5397:5472:+	5348:5498:+	0.5	False
NM_001754.5	adapter_corrected	ncbi	NM_001754.5:adapter:5	NM_001754.5:ncbi:ORF13_NM_001754.5	5524:5737:+	5524:5737:+	1.0	True
NM_001754.5	adapter_corrected	ncbi	NM_001754.5:adapter:6	NM_001754.5:ncbi:ORF24_NM_001754.5	1045:1234:-	1045:1234:-	1.0	True
NM_001754.5	adapter_corrected	ncbi	NM_001754.5:adapter:7	NM_001754.5:ncbi:ORF15_NM_001754.5	2153:2339:+	2153:2339:+	1.0	True
NM_001754.5	adapter_corrected	ncbi	NM_001754.5:adapter:8	NM_001754.5:ncbi:ORF29_NM_001754.5	4356:4530:-	4356:4530:-	1.0	True
NM_001754.5	adapter_corrected	ncbi	NM_001754.5:adapter:9	NM_001754.5:ncbi:ORF10_NM_001754.5	4346:4517:+	4369:4525:+	0.8268156424581006	False
NM_001754.5	adapter_corrected	ncbi	NM_001754.5:adapter:9	NM_001754.5:ncbi:ORF18_NM_001754.5	4346:4517:+	4346:4517:+	1.0	True
NM_152739.4	adapter_corrected	ncbi	NM_152739.4:adapter:1	NM_152739.4:ncbi:ORF11_NM_152739.4	0:905:-	2:905:-	0.9977900552486187	False
NM_152739.4	adapter_corrected	ncbi	NM_152739.4:adapter:1	NM_152739.4:ncbi:ORF13_NM_152739.4	0:905:-	715:1009:-	0.18830525272547077	False
NM_152739.4	adapter_corrected	ncbi	NM_152739.4:adapter:1	NM_152739.4:ncbi:ORF14_NM_152739.4	0:905:-	547:652:-	0.11602209944751381	False
NM_152739.4	adapter_corrected	ncbi	NM_152739.4:adapter:10	NM_152739.4:ncbi:ORF10_NM_152739.4	995:1121:-	995:1121:-	1.0	True
NM_152739.4	adapter_corrected	ncbi	NM_152739.4:adapter:10	NM_152739.4:ncbi:ORF13_NM_152739.4	995:1121:-	715:1009:-	0.034482758620689655	False
NM_152739.4	adapter_corrected	ncbi	NM_152739.4:adapter:10	NM_152739.4:ncbi:ORF8_NM_152739.4	995:1121:-	1065:1158:-	0.34355828220858897	False
NM_152739.4	adapter_corrected	ncbi	NM_152739.4:adapter:11	NM_152739.4:ncbi:ORF3_NM_152739.4	1374:1494:+	1374:1494:+	1.0	True
NM_152739.4	adapter_corrected	ncbi	NM_152739.4:adapter:12	NM_152739.4:ncbi:ORF4_NM_152739.4	1839:1956:+	1839:1956:+	1.0	True
NM_152739.4	adapter_corrected	ncbi	NM_152739.4:adapter:13	NM_152739.4:ncbi:ORF11_NM_152739.4	547:652:-	2:905:-	0.11627906976744186	False
NM_152739.4	adapter_corrected	ncbi	NM_152739.4:adapter:13	NM_152739.4:ncbi:ORF14_NM_152739.4	547:652:-	547:652:-	1.0	True
NM_152739.4	adapter_corrected	ncbi	NM_152739.4:adapter:14	NM_152739.4:ncbi:ORF7_NM_152739.4	1386:1485:-	1386:1485:-	1.0	True
NM_152739.4	adapter_corrected	ncbi	NM_152739.4:adapter:14	NM_152739.4:ncbi:ORF9_NM_152739.4	1386:1485:-	1241:1418:-	0.13114754098360656	False
NM_152739.4	adapter_corrected	ncbi	NM_152739.4:adapter:15	NM_152739.4:ncbi:ORF10_NM_152739.4	1065:1158:-	995:1121:-	0.34355828220858897	False
NM_152739.4	adapter_corrected	ncbi	NM_152739.4:adapter:15	NM_152739.4:ncbi:ORF8_NM_152739.4	1065:1158:-	1065:1158:-	1.0	True
NM_152739.4	adapter_corrected	ncbi	NM_152739.4:adapter:16	NM_152739.4:ncbi:ORF12_NM_152739.4	1531:1609:-	1531:1609:-	1.0	True
NM_152739.4	adapter_corrected	ncbi	NM_152739.4:adapter:2	NM_152739.4:ncbi:ORF1_NM_152739.4	80:899:+	168:543:+	0.45787545787545786	False
NM_152739.4	adapter_corrected	ncbi	NM_152739.4:adapter:2	NM_152739.4:ncbi:ORF2_NM_152739.4	80:899:+	549:858:+	0.3772893772893773	False
NM_152739.4	adapter_corrected	ncbi	NM_152739.4:adapter:2	NM_152739.4:ncbi:ORF6_NM_152739.4	80:899:+	80:899:+	1.0	True
NM_152739.4	adapter_corrected	ncbi	NM_152739.4:adapter:3	NM_152739.4:ncbi:ORF11_NM_152739.4	0:686:-	2:905:-	0.7558011049723757	False
NM_152739.4	adapter_corrected	ncbi	NM_152739.4:adapter:3	NM_152739.4:ncbi:ORF14_NM_152739.4	0:686:-	547:652:-	0.15306122448979592	False
NM_152739.4	adapter_corrected	ncbi	NM_152739.4:adapter:4	NM_152739.4:ncbi:ORF1_NM_152739.4	168:543:+	168:543:+	1.0	True
NM_152739.4	adapter_corrected	ncbi	NM_152739.4:adapter:4	NM_152739.4:ncbi:ORF6_NM_152739.4	168:543:+	80:899:+	0.45787545787545786	False
NM_152739.4	adapter_corrected	ncbi	NM_152739.4:adapter:5	NM_152739.4:ncbi:ORF11_NM_152739.4	0:338:-	2:905:-	0.3712707182320442	False
NM_152739.4	adapter_corrected	ncbi	NM_152739.4:adapter:6	NM_152739.4:ncbi:ORF2_NM_152739.4	549:858:+	549:858:+	1.0	True
NM_152739.4	adapter_corrected	ncbi	NM_152739.4:adapter:6	NM_152739.4:ncbi:ORF6_NM_152739.4	549:858:+	80:899:+	0.3772893772893773	False
NM_152739.4	adapter_corrected	ncbi	NM_152739.4:adapter:7	NM_152739.4:ncbi:ORF10_NM_152739.4	715:1009:-	995:1121:-	0.034482758620689655	False
NM_152739.4	adapter_corrected	ncbi	NM_152739.4:adapter:7	NM_152739.4:ncbi:ORF11_NM_152739.4	715:1009:-	2:905:-	0.18867924528301888	False
NM_152739.4	adapter_corrected	ncbi	NM_152739.4:adapter:7	NM_152739.4:ncbi:ORF13_NM_152739.4	715:1009:-	715:1009:-	1.0	True
NM_152739.4	adapter_corrected	ncbi	NM_152739.4:adapter:8	NM_152739.4:ncbi:ORF7_NM_152739.4	1241:1418:-	1386:1485:-	0.13114754098360656	False
NM_152739.4	adapter_corrected	ncbi	NM_152739.4:adapter:8	NM_152739.4:ncbi:ORF9_NM_152739.4	1241:1418:-	1241:1418:-	1.0	True
NM_152739.4	adapter_corrected	ncbi	NM_152739.4:adapter:9	NM_152739.4:ncbi:ORF5_NM_152739.4	1603:1768:+	1603:1768:+	1.0	True
